{
"type": "FeatureCollection",
"name": "nicetown_roads",
"crs": { "type": "name", "properties": { "name": "urn:ogc:def:crs:OGC:1.3:CRS84" } },
"features": [
{ "type": "Feature", "properties": { "fnode_": 10185, "tnode_": 10269, "lpoly_": null, "rpoly_": null, "length": 281.04916586000002, "stcl2_": null, "stcl2_id": null, "pre_dir": null, "st_name": "WINDRIM", "st_type": "AVE", "suf_dir": null, "zip_left": 19141, "zip_right": 19141, "l_f_add": 1700, "l_t_add": 1720, "r_f_add": 1701, "r_t_add": 1721, "st_code": 83720, "l_hundred": 1700, "r_hundred": 1700, "seg_id": 620511, "oneway": "B", "class": 3, "responsibl": "FAM", "update_": "1998-10-22T00:00:00Z", "newsegdate": null, "multi_rep": 0, "streetlabe": "WINDRIM AVE", "stname": "WINDRIM AVE", "objectid": 22599, "Shape__Len": 111.86198724916019 }, "geometry": { "type": "MultiLineString", "coordinates": [ [ [ -75.151265638694582, 40.027195359783818 ], [ -75.152088440862627, 40.026753634310836 ] ] ] } },
{ "type": "Feature", "properties": { "fnode_": 10269, "tnode_": 10352, "lpoly_": null, "rpoly_": null, "length": 285.51099216, "stcl2_": null, "stcl2_id": null, "pre_dir": null, "st_name": "WINDRIM", "st_type": "AVE", "suf_dir": null, "zip_left": 19141, "zip_right": 19141, "l_f_add": 1722, "l_t_add": 1768, "r_f_add": 1723, "r_t_add": 1769, "st_code": 83720, "l_hundred": 1700, "r_hundred": 1700, "seg_id": 620512, "oneway": "B", "class": 3, "responsibl": "FAM", "update_": "1998-10-22T00:00:00Z", "newsegdate": null, "multi_rep": 0, "streetlabe": "WINDRIM AVE", "stname": "WINDRIM AVE", "objectid": 22600, "Shape__Len": 113.62649964790418 }, "geometry": { "type": "MultiLineString", "coordinates": [ [ [ -75.152088440862627, 40.026753634310836 ], [ -75.152938905180392, 40.026321419090806 ] ] ] } },
{ "type": "Feature", "properties": { "fnode_": 9977, "tnode_": 9634, "lpoly_": null, "rpoly_": null, "length": 715.08986568, "stcl2_": null, "stcl2_id": null, "pre_dir": null, "st_name": "BELFIELD", "st_type": "AVE", "suf_dir": null, "zip_left": 19141, "zip_right": 19141, "l_f_add": 1700, "l_t_add": 1798, "r_f_add": 1701, "r_t_add": 1799, "st_code": 16560, "l_hundred": 1700, "r_hundred": 1700, "seg_id": 620518, "oneway": "B", "class": 2, "responsibl": "FAM", "update_": "1998-10-22T00:00:00Z", "newsegdate": null, "multi_rep": 0, "streetlabe": "BELFIELD AVE", "stname": "BELFIELD AVE", "objectid": 22606, "Shape__Len": 285.10257417920968 }, "geometry": { "type": "MultiLineString", "coordinates": [ [ [ -75.152014004411654, 40.028262007428872 ], [ -75.152215444510958, 40.028530684042991 ], [ -75.153285143564744, 40.029964509281733 ] ] ] } },
{ "type": "Feature", "properties": { "fnode_": 10023, "tnode_": 9977, "lpoly_": null, "rpoly_": null, "length": 87.327171, "stcl2_": null, "stcl2_id": null, "pre_dir": null, "st_name": "BELFIELD", "st_type": "AVE", "suf_dir": null, "zip_left": 19141, "zip_right": 19141, "l_f_add": 1652, "l_t_add": 1698, "r_f_add": 1699, "r_t_add": 1699, "st_code": 16560, "l_hundred": 1600, "r_hundred": 1600, "seg_id": 620519, "oneway": "B", "class": 2, "responsibl": "FAM", "update_": "1998-10-22T00:00:00Z", "newsegdate": null, "multi_rep": 0, "streetlabe": "BELFIELD AVE", "stname": "BELFIELD AVE", "objectid": 22607, "Shape__Len": 34.816910226214027 }, "geometry": { "type": "MultiLineString", "coordinates": [ [ [ -75.15185995072278, 40.028053580422572 ], [ -75.152014004411654, 40.028262007428872 ] ] ] } },
{ "type": "Feature", "properties": { "fnode_": 10044, "tnode_": 9917, "lpoly_": null, "rpoly_": null, "length": 227.96496316, "stcl2_": null, "stcl2_id": null, "pre_dir": "N", "st_name": "15TH", "st_type": "ST", "suf_dir": null, "zip_left": 19141, "zip_right": 19141, "l_f_add": 4900, "l_t_add": 4998, "r_f_add": 4901, "r_t_add": 4999, "st_code": 88070, "l_hundred": 4900, "r_hundred": 4900, "seg_id": 620520, "oneway": "B", "class": 4, "responsibl": "CITY", "update_": "1998-10-22T00:00:00Z", "newsegdate": null, "multi_rep": 0, "streetlabe": "N 15TH ST", "stname": "N 15TH ST", "objectid": 22608, "Shape__Len": 90.968838290893558 }, "geometry": { "type": "MultiLineString", "coordinates": [ [ [ -75.148867078396776, 40.027866244488976 ], [ -75.148753544995046, 40.028485919140529 ] ] ] } },
{ "type": "Feature", "properties": { "fnode_": 10300, "tnode_": 10185, "lpoly_": null, "rpoly_": null, "length": 263.51906437000002, "stcl2_": null, "stcl2_id": null, "pre_dir": null, "st_name": "BELFIELD", "st_type": "AVE", "suf_dir": null, "zip_left": 19141, "zip_right": 19141, "l_f_add": 1600, "l_t_add": 1648, "r_f_add": 1601, "r_t_add": 1609, "st_code": 16560, "l_hundred": 1600, "r_hundred": 1600, "seg_id": 620521, "oneway": "B", "class": 2, "responsibl": "FAM", "update_": "1998-10-22T00:00:00Z", "newsegdate": null, "multi_rep": 0, "streetlabe": "BELFIELD AVE", "stname": "BELFIELD AVE", "objectid": 22609, "Shape__Len": 105.05401835041766 }, "geometry": { "type": "MultiLineString", "coordinates": [ [ [ -75.150783216114618, 40.026574272591319 ], [ -75.151265638694582, 40.027195359783818 ] ] ] } },
{ "type": "Feature", "properties": { "fnode_": 10300, "tnode_": 10269, "lpoly_": null, "rpoly_": null, "length": 371.32221885000001, "stcl2_": null, "stcl2_id": null, "pre_dir": "W", "st_name": "LOUDON", "st_type": "ST", "suf_dir": null, "zip_left": 19141, "zip_right": 19141, "l_f_add": 1600, "l_t_add": 1698, "r_f_add": 1601, "r_t_add": 1699, "st_code": 51800, "l_hundred": 1600, "r_hundred": 1600, "seg_id": 620522, "oneway": "FT", "class": 4, "responsibl": "CITY", "update_": "2003-11-17T00:00:00Z", "newsegdate": null, "multi_rep": 0, "streetlabe": "W LOUDON ST", "stname": "W LOUDON ST", "objectid": 22610, "Shape__Len": 147.61804303097688 }, "geometry": { "type": "MultiLineString", "coordinates": [ [ [ -75.150783216114618, 40.026574272591319 ], [ -75.152088440862627, 40.026753634310836 ] ] ] } },
{ "type": "Feature", "properties": { "fnode_": 10319, "tnode_": 10300, "lpoly_": null, "rpoly_": null, "length": 227.63865137, "stcl2_": null, "stcl2_id": null, "pre_dir": "W", "st_name": "LOUDON", "st_type": "ST", "suf_dir": null, "zip_left": 19141, "zip_right": 19141, "l_f_add": 1522, "l_t_add": 1598, "r_f_add": 1525, "r_t_add": 1599, "st_code": 51800, "l_hundred": 1500, "r_hundred": 1500, "seg_id": 620523, "oneway": "B", "class": 4, "responsibl": "CITY", "update_": "1998-10-22T00:00:00Z", "newsegdate": null, "multi_rep": 0, "streetlabe": "W LOUDON ST", "stname": "W LOUDON ST", "objectid": 22611, "Shape__Len": 90.495805706871863 }, "geometry": { "type": "MultiLineString", "coordinates": [ [ [ -75.149981815029477, 40.026469771489708 ], [ -75.150783216114618, 40.026574272591319 ] ] ] } },
{ "type": "Feature", "properties": { "fnode_": 10332, "tnode_": 10044, "lpoly_": null, "rpoly_": null, "length": 555.44679854999993, "stcl2_": null, "stcl2_id": null, "pre_dir": "N", "st_name": "15TH", "st_type": "ST", "suf_dir": null, "zip_left": 19141, "zip_right": 19141, "l_f_add": 4800, "l_t_add": 4898, "r_f_add": 4801, "r_t_add": 4899, "st_code": 88070, "l_hundred": 4800, "r_hundred": 4800, "seg_id": 620524, "oneway": "B", "class": 4, "responsibl": "CITY", "update_": "1998-10-22T00:00:00Z", "newsegdate": null, "multi_rep": 0, "streetlabe": "N 15TH ST", "stname": "N 15TH ST", "objectid": 22612, "Shape__Len": 221.63878059160146 }, "geometry": { "type": "MultiLineString", "coordinates": [ [ [ -75.149198741877953, 40.026362946128813 ], [ -75.148867078396776, 40.027866244488976 ] ] ] } },
{ "type": "Feature", "properties": { "fnode_": 10332, "tnode_": 10319, "lpoly_": null, "rpoly_": null, "length": 222.72654111999998, "stcl2_": null, "stcl2_id": null, "pre_dir": "W", "st_name": "LOUDON", "st_type": "ST", "suf_dir": null, "zip_left": 19141, "zip_right": 19141, "l_f_add": 1500, "l_t_add": 1520, "r_f_add": 1501, "r_t_add": 1523, "st_code": 51800, "l_hundred": 1500, "r_hundred": 1500, "seg_id": 620525, "oneway": "B", "class": 4, "responsibl": "CITY", "update_": "1998-10-22T00:00:00Z", "newsegdate": null, "multi_rep": 0, "streetlabe": "W LOUDON ST", "stname": "W LOUDON ST", "objectid": 22613, "Shape__Len": 88.543798062360807 }, "geometry": { "type": "MultiLineString", "coordinates": [ [ [ -75.149198741877953, 40.026362946128813 ], [ -75.149981815029477, 40.026469771489708 ] ] ] } },
{ "type": "Feature", "properties": { "fnode_": 10345, "tnode_": 10332, "lpoly_": null, "rpoly_": null, "length": 226.73878745, "stcl2_": null, "stcl2_id": null, "pre_dir": "W", "st_name": "LOUDON", "st_type": "ST", "suf_dir": null, "zip_left": 19141, "zip_right": 19141, "l_f_add": 1430, "l_t_add": 1498, "r_f_add": 1433, "r_t_add": 1499, "st_code": 51800, "l_hundred": 1400, "r_hundred": 1400, "seg_id": 620526, "oneway": "B", "class": 4, "responsibl": "CITY", "update_": "1998-10-22T00:00:00Z", "newsegdate": null, "multi_rep": 0, "streetlabe": "W LOUDON ST", "stname": "W LOUDON ST", "objectid": 22614, "Shape__Len": 90.136506761792646 }, "geometry": { "type": "MultiLineString", "coordinates": [ [ [ -75.148399028124814, 40.026265818993558 ], [ -75.149198741877953, 40.026362946128813 ] ] ] } },
{ "type": "Feature", "properties": { "fnode_": 10361, "tnode_": 10345, "lpoly_": null, "rpoly_": null, "length": 239.39424533000002, "stcl2_": null, "stcl2_id": null, "pre_dir": "W", "st_name": "LOUDON", "st_type": "ST", "suf_dir": null, "zip_left": 19141, "zip_right": 19141, "l_f_add": 1400, "l_t_add": 1428, "r_f_add": 1401, "r_t_add": 1431, "st_code": 51800, "l_hundred": 1400, "r_hundred": 1400, "seg_id": 620527, "oneway": "B", "class": 4, "responsibl": "CITY", "update_": "1998-10-22T00:00:00Z", "newsegdate": null, "multi_rep": 0, "streetlabe": "W LOUDON ST", "stname": "W LOUDON ST", "objectid": 22615, "Shape__Len": 95.170385211472336 }, "geometry": { "type": "MultiLineString", "coordinates": [ [ [ -75.147558185557955, 40.026147696615361 ], [ -75.148047060093702, 40.026220097600579 ], [ -75.148399028124814, 40.026265818993558 ] ] ] } },
{ "type": "Feature", "properties": { "fnode_": 10523, "tnode_": 10300, "lpoly_": null, "rpoly_": null, "length": 482.4168246, "stcl2_": null, "stcl2_id": null, "pre_dir": null, "st_name": "BELFIELD", "st_type": "AVE", "suf_dir": null, "zip_left": 19141, "zip_right": 19141, "l_f_add": 1520, "l_t_add": 1598, "r_f_add": 1517, "r_t_add": 1599, "st_code": 16560, "l_hundred": 1500, "r_hundred": 1500, "seg_id": 620528, "oneway": "B", "class": 2, "responsibl": "FAM", "update_": "1998-10-22T00:00:00Z", "newsegdate": null, "multi_rep": 0, "streetlabe": "BELFIELD AVE", "stname": "BELFIELD AVE", "objectid": 22616, "Shape__Len": 192.35411085435524 }, "geometry": { "type": "MultiLineString", "coordinates": [ [ [ -75.149987010430081, 40.025399932481839 ], [ -75.150783216114618, 40.026574272591319 ] ] ] } },
{ "type": "Feature", "properties": { "fnode_": 10626, "tnode_": 10332, "lpoly_": null, "rpoly_": null, "length": 580.1332398, "stcl2_": null, "stcl2_id": null, "pre_dir": "N", "st_name": "15TH", "st_type": "ST", "suf_dir": null, "zip_left": 19141, "zip_right": 19141, "l_f_add": 4700, "l_t_add": 4798, "r_f_add": 4701, "r_t_add": 4799, "st_code": 88070, "l_hundred": 4700, "r_hundred": 4700, "seg_id": 620529, "oneway": "B", "class": 4, "responsibl": "CITY", "update_": "1998-10-22T00:00:00Z", "newsegdate": null, "multi_rep": 0, "streetlabe": "N 15TH ST", "stname": "N 15TH ST", "objectid": 22617, "Shape__Len": 231.48261417702605 }, "geometry": { "type": "MultiLineString", "coordinates": [ [ [ -75.149555525426081, 40.024794209962899 ], [ -75.149198741877953, 40.026362946128813 ] ] ] } },
{ "type": "Feature", "properties": { "fnode_": 10626, "tnode_": 10523, "lpoly_": null, "rpoly_": null, "length": 251.576442, "stcl2_": null, "stcl2_id": null, "pre_dir": null, "st_name": "BELFIELD", "st_type": "AVE", "suf_dir": null, "zip_left": 19140, "zip_right": 19140, "l_f_add": 1500, "l_t_add": 1518, "r_f_add": 1501, "r_t_add": 1515, "st_code": 16560, "l_hundred": 1500, "r_hundred": 1500, "seg_id": 620530, "oneway": "B", "class": 2, "responsibl": "FAM", "update_": "1998-10-22T00:00:00Z", "newsegdate": null, "multi_rep": 0, "streetlabe": "BELFIELD AVE", "stname": "BELFIELD AVE", "objectid": 22618, "Shape__Len": 100.3030526585121 }, "geometry": { "type": "MultiLineString", "coordinates": [ [ [ -75.149555525426081, 40.024794209962899 ], [ -75.149987010430081, 40.025399932481839 ] ] ] } },
{ "type": "Feature", "properties": { "fnode_": 10185, "tnode_": 10023, "lpoly_": null, "rpoly_": null, "length": 354.1769028, "stcl2_": null, "stcl2_id": null, "pre_dir": null, "st_name": "BELFIELD", "st_type": "AVE", "suf_dir": null, "zip_left": 19141, "zip_right": 19141, "l_f_add": 1650, "l_t_add": 1650, "r_f_add": 1611, "r_t_add": 1697, "st_code": 16560, "l_hundred": 1600, "r_hundred": 1600, "seg_id": 620532, "oneway": "B", "class": 2, "responsibl": "FAM", "update_": "1998-10-22T00:00:00Z", "newsegdate": null, "multi_rep": 0, "streetlabe": "BELFIELD AVE", "stname": "BELFIELD AVE", "objectid": 22619, "Shape__Len": 141.22038649392871 }, "geometry": { "type": "MultiLineString", "coordinates": [ [ [ -75.151265638694582, 40.027195359783818 ], [ -75.15185995072278, 40.028053580422572 ] ] ] } },
{ "type": "Feature", "properties": { "fnode_": 10841, "tnode_": 10830, "lpoly_": null, "rpoly_": null, "length": 154.55100535, "stcl2_": null, "stcl2_id": null, "pre_dir": "W", "st_name": "COURTLAND", "st_type": "ST", "suf_dir": null, "zip_left": 19140, "zip_right": 19140, "l_f_add": 1700, "l_t_add": 1716, "r_f_add": 1701, "r_t_add": 1719, "st_code": 25420, "l_hundred": 1700, "r_hundred": 1700, "seg_id": 620556, "oneway": "FT", "class": 4, "responsibl": "CITY", "update_": "1998-10-22T00:00:00Z", "newsegdate": null, "multi_rep": 0, "streetlabe": "W COURTLAND ST", "stname": "W COURTLAND ST", "objectid": 22642, "Shape__Len": 61.43820977231379 }, "geometry": { "type": "MultiLineString", "coordinates": [ [ [ -75.153038516219766, 40.023593093097453 ], [ -75.153582138396956, 40.023666056568615 ] ] ] } },
{ "type": "Feature", "properties": { "fnode_": 10858, "tnode_": 10841, "lpoly_": null, "rpoly_": null, "length": 218.54032472, "stcl2_": null, "stcl2_id": null, "pre_dir": "W", "st_name": "COURTLAND", "st_type": "ST", "suf_dir": null, "zip_left": 19140, "zip_right": 19140, "l_f_add": 1614, "l_t_add": 1698, "r_f_add": 1615, "r_t_add": 1699, "st_code": 25420, "l_hundred": 1600, "r_hundred": 1600, "seg_id": 620557, "oneway": "FT", "class": 4, "responsibl": "CITY", "update_": "1998-10-22T00:00:00Z", "newsegdate": null, "multi_rep": 0, "streetlabe": "W COURTLAND ST", "stname": "W COURTLAND ST", "objectid": 22643, "Shape__Len": 86.874433909620137 }, "geometry": { "type": "MultiLineString", "coordinates": [ [ [ -75.152268489063601, 40.023495950019452 ], [ -75.153038516219766, 40.023593093097453 ] ] ] } },
{ "type": "Feature", "properties": { "fnode_": 10874, "tnode_": 10858, "lpoly_": null, "rpoly_": null, "length": 225.80184656, "stcl2_": null, "stcl2_id": null, "pre_dir": "W", "st_name": "COURTLAND", "st_type": "ST", "suf_dir": null, "zip_left": 19140, "zip_right": 19140, "l_f_add": 1600, "l_t_add": 1612, "r_f_add": 1601, "r_t_add": 1613, "st_code": 25420, "l_hundred": 1600, "r_hundred": 1600, "seg_id": 620558, "oneway": "FT", "class": 4, "responsibl": "CITY", "update_": "1998-10-22T00:00:00Z", "newsegdate": null, "multi_rep": 0, "streetlabe": "W COURTLAND ST", "stname": "W COURTLAND ST", "objectid": 22644, "Shape__Len": 89.76205082679536 }, "geometry": { "type": "MultiLineString", "coordinates": [ [ [ -75.151474190744608, 40.023389607246322 ], [ -75.152268489063601, 40.023495950019452 ] ] ] } },
{ "type": "Feature", "properties": { "fnode_": 10879, "tnode_": 10874, "lpoly_": null, "rpoly_": null, "length": 161.35670793999998, "stcl2_": null, "stcl2_id": null, "pre_dir": "W", "st_name": "COURTLAND", "st_type": "ST", "suf_dir": null, "zip_left": 19140, "zip_right": 19140, "l_f_add": 1528, "l_t_add": 1598, "r_f_add": 1529, "r_t_add": 1599, "st_code": 25420, "l_hundred": 1500, "r_hundred": 1500, "seg_id": 620559, "oneway": "B", "class": 4, "responsibl": "CITY", "update_": "1998-10-22T00:00:00Z", "newsegdate": null, "multi_rep": 0, "streetlabe": "W COURTLAND ST", "stname": "W COURTLAND ST", "objectid": 22645, "Shape__Len": 64.142383865892768 }, "geometry": { "type": "MultiLineString", "coordinates": [ [ [ -75.15090546256026, 40.023318774827722 ], [ -75.151474190744608, 40.023389607246322 ] ] ] } },
{ "type": "Feature", "properties": { "fnode_": 10882, "tnode_": 10879, "lpoly_": null, "rpoly_": null, "length": 62.48471778, "stcl2_": null, "stcl2_id": null, "pre_dir": "W", "st_name": "COURTLAND", "st_type": "ST", "suf_dir": null, "zip_left": 19140, "zip_right": 19140, "l_f_add": 1522, "l_t_add": 1526, "r_f_add": 1523, "r_t_add": 1527, "st_code": 25420, "l_hundred": 1500, "r_hundred": 1500, "seg_id": 620560, "oneway": "B", "class": 4, "responsibl": "CITY", "update_": "1998-10-22T00:00:00Z", "newsegdate": null, "multi_rep": 0, "streetlabe": "W COURTLAND ST", "stname": "W COURTLAND ST", "objectid": 22646, "Shape__Len": 24.83804437314561 }, "geometry": { "type": "MultiLineString", "coordinates": [ [ [ -75.150684294633379, 40.023296199881912 ], [ -75.15090546256026, 40.023318774827722 ] ] ] } },
{ "type": "Feature", "properties": { "fnode_": 10890, "tnode_": 10882, "lpoly_": null, "rpoly_": null, "length": 69.02111939000001, "stcl2_": null, "stcl2_id": null, "pre_dir": "W", "st_name": "COURTLAND", "st_type": "ST", "suf_dir": null, "zip_left": 19140, "zip_right": 19140, "l_f_add": 1516, "l_t_add": 1520, "r_f_add": 1517, "r_t_add": 1521, "st_code": 25420, "l_hundred": 1500, "r_hundred": 1500, "seg_id": 620561, "oneway": "B", "class": 4, "responsibl": "CITY", "update_": "1998-10-22T00:00:00Z", "newsegdate": null, "multi_rep": 0, "streetlabe": "W COURTLAND ST", "stname": "W COURTLAND ST", "objectid": 22647, "Shape__Len": 27.437842465965499 }, "geometry": { "type": "MultiLineString", "coordinates": [ [ [ -75.150441772418375, 40.023262518096224 ], [ -75.150684294633379, 40.023296199881912 ] ] ] } },
{ "type": "Feature", "properties": { "fnode_": 10900, "tnode_": 10890, "lpoly_": null, "rpoly_": null, "length": 159.6930022, "stcl2_": null, "stcl2_id": null, "pre_dir": "W", "st_name": "COURTLAND", "st_type": "ST", "suf_dir": null, "zip_left": 19140, "zip_right": 19140, "l_f_add": 1500, "l_t_add": 1514, "r_f_add": 1501, "r_t_add": 1515, "st_code": 25420, "l_hundred": 1500, "r_hundred": 1500, "seg_id": 620562, "oneway": "B", "class": 4, "responsibl": "CITY", "update_": "1998-10-22T00:00:00Z", "newsegdate": null, "multi_rep": 0, "streetlabe": "W COURTLAND ST", "stname": "W COURTLAND ST", "objectid": 22648, "Shape__Len": 63.480927044391983 }, "geometry": { "type": "MultiLineString", "coordinates": [ [ [ -75.14987892836767, 40.023192325526402 ], [ -75.150441772418375, 40.023262518096224 ] ] ] } },
{ "type": "Feature", "properties": { "fnode_": 10911, "tnode_": 10900, "lpoly_": null, "rpoly_": null, "length": 217.48484203000001, "stcl2_": null, "stcl2_id": null, "pre_dir": "W", "st_name": "COURTLAND", "st_type": "ST", "suf_dir": null, "zip_left": 19140, "zip_right": 19140, "l_f_add": 1418, "l_t_add": 1498, "r_f_add": 1419, "r_t_add": 1499, "st_code": 25420, "l_hundred": 1400, "r_hundred": 1400, "seg_id": 620563, "oneway": "FT", "class": 4, "responsibl": "CITY", "update_": "1998-10-22T00:00:00Z", "newsegdate": null, "multi_rep": 0, "streetlabe": "W COURTLAND ST", "stname": "W COURTLAND ST", "objectid": 22649, "Shape__Len": 86.454336670753889 }, "geometry": { "type": "MultiLineString", "coordinates": [ [ [ -75.149112612643975, 40.023095708245144 ], [ -75.14987892836767, 40.023192325526402 ] ] ] } },
{ "type": "Feature", "properties": { "fnode_": 10900, "tnode_": 10626, "lpoly_": null, "rpoly_": null, "length": 590.52620637000018, "stcl2_": null, "stcl2_id": null, "pre_dir": "N", "st_name": "15TH", "st_type": "ST", "suf_dir": null, "zip_left": 19140, "zip_right": 19140, "l_f_add": 4600, "l_t_add": 4698, "r_f_add": 4601, "r_t_add": 4699, "st_code": 88070, "l_hundred": 4600, "r_hundred": 4600, "seg_id": 620567, "oneway": "FT", "class": 4, "responsibl": "CITY", "update_": "1998-10-22T00:00:00Z", "newsegdate": null, "multi_rep": 0, "streetlabe": "N 15TH ST", "stname": "N 15TH ST", "objectid": 22652, "Shape__Len": 235.6298027133507 }, "geometry": { "type": "MultiLineString", "coordinates": [ [ [ -75.14987892836767, 40.023192325526402 ], [ -75.149555525426081, 40.024794209962899 ] ] ] } },
{ "type": "Feature", "properties": { "fnode_": 11122, "tnode_": 10900, "lpoly_": null, "rpoly_": null, "length": 550.95447133999994, "stcl2_": null, "stcl2_id": null, "pre_dir": "N", "st_name": "15TH", "st_type": "ST", "suf_dir": null, "zip_left": 19140, "zip_right": 19140, "l_f_add": 4500, "l_t_add": 4598, "r_f_add": 4501, "r_t_add": 4599, "st_code": 88070, "l_hundred": 4500, "r_hundred": 4500, "seg_id": 620568, "oneway": "FT", "class": 4, "responsibl": "CITY", "update_": "1998-10-22T00:00:00Z", "newsegdate": null, "multi_rep": 0, "streetlabe": "N 15TH ST", "stname": "N 15TH ST", "objectid": 22653, "Shape__Len": 219.83065768108031 }, "geometry": { "type": "MultiLineString", "coordinates": [ [ [ -75.15021168020543, 40.021701682778541 ], [ -75.14987892836767, 40.023192325526402 ] ] ] } },
{ "type": "Feature", "properties": { "fnode_": 10397, "tnode_": 10300, "lpoly_": null, "rpoly_": null, "length": 194.42639417000001, "stcl2_": null, "stcl2_id": null, "pre_dir": "N", "st_name": "16TH", "st_type": "ST", "suf_dir": null, "zip_left": 19141, "zip_right": 19141, "l_f_add": 4738, "l_t_add": 4798, "r_f_add": 4739, "r_t_add": 4799, "st_code": 88090, "l_hundred": 4700, "r_hundred": 4700, "seg_id": 620571, "oneway": "TF", "class": 4, "responsibl": "CITY", "update_": "1998-10-22T00:00:00Z", "newsegdate": null, "multi_rep": 0, "streetlabe": "N 16TH ST", "stname": "N 16TH ST", "objectid": 22656, "Shape__Len": 77.582970863913744 }, "geometry": { "type": "MultiLineString", "coordinates": [ [ [ -75.150882230376283, 40.026046004925483 ], [ -75.150783216114618, 40.026574272591319 ] ] ] } },
{ "type": "Feature", "properties": { "fnode_": 10509, "tnode_": 10397, "lpoly_": null, "rpoly_": null, "length": 199.62063023, "stcl2_": null, "stcl2_id": null, "pre_dir": "N", "st_name": "16TH", "st_type": "ST", "suf_dir": null, "zip_left": 19140, "zip_right": 19140, "l_f_add": 4700, "l_t_add": 4736, "r_f_add": 4701, "r_t_add": 4737, "st_code": 88090, "l_hundred": 4700, "r_hundred": 4700, "seg_id": 620572, "oneway": "TF", "class": 4, "responsibl": "CITY", "update_": "1998-10-22T00:00:00Z", "newsegdate": null, "multi_rep": 0, "streetlabe": "N 16TH ST", "stname": "N 16TH ST", "objectid": 22657, "Shape__Len": 79.651429947955279 }, "geometry": { "type": "MultiLineString", "coordinates": [ [ [ -75.151009439980101, 40.025506819752636 ], [ -75.150882230376283, 40.026046004925483 ] ] ] } },
{ "type": "Feature", "properties": { "fnode_": 10874, "tnode_": 10509, "lpoly_": null, "rpoly_": null, "length": 782.16977507000001, "stcl2_": null, "stcl2_id": null, "pre_dir": "N", "st_name": "16TH", "st_type": "ST", "suf_dir": null, "zip_left": 19140, "zip_right": 19140, "l_f_add": 4600, "l_t_add": 4698, "r_f_add": 4601, "r_t_add": 4699, "st_code": 88090, "l_hundred": 4600, "r_hundred": 4600, "seg_id": 620573, "oneway": "TF", "class": 4, "responsibl": "CITY", "update_": "1998-10-22T00:00:00Z", "newsegdate": null, "multi_rep": 0, "streetlabe": "N 16TH ST", "stname": "N 16TH ST", "objectid": 22658, "Shape__Len": 312.09574728668355 }, "geometry": { "type": "MultiLineString", "coordinates": [ [ [ -75.151474190744608, 40.023389607246322 ], [ -75.151009439980101, 40.025506819752636 ] ] ] } },
{ "type": "Feature", "properties": { "fnode_": 11097, "tnode_": 10874, "lpoly_": null, "rpoly_": null, "length": 548.62945746000003, "stcl2_": null, "stcl2_id": null, "pre_dir": "N", "st_name": "16TH", "st_type": "ST", "suf_dir": null, "zip_left": 19140, "zip_right": 19140, "l_f_add": 4500, "l_t_add": 4598, "r_f_add": 4501, "r_t_add": 4599, "st_code": 88090, "l_hundred": 4500, "r_hundred": 4500, "seg_id": 620574, "oneway": "TF", "class": 4, "responsibl": "CITY", "update_": "1998-10-22T00:00:00Z", "newsegdate": null, "multi_rep": 0, "streetlabe": "N 16TH ST", "stname": "N 16TH ST", "objectid": 22659, "Shape__Len": 218.90554590804675 }, "geometry": { "type": "MultiLineString", "coordinates": [ [ [ -75.151792286601463, 40.021903542304976 ], [ -75.151474190744608, 40.023389607246322 ] ] ] } },
{ "type": "Feature", "properties": { "fnode_": 10397, "tnode_": 10352, "lpoly_": null, "rpoly_": null, "length": 584.64911073999997, "stcl2_": null, "stcl2_id": null, "pre_dir": "W", "st_name": "MENTOR", "st_type": "ST", "suf_dir": null, "zip_left": 19141, "zip_right": 19141, "l_f_add": 1600, "l_t_add": 1698, "r_f_add": 1601, "r_t_add": 1699, "st_code": 55500, "l_hundred": 1600, "r_hundred": 1600, "seg_id": 620577, "oneway": "FT", "class": 5, "responsibl": "CITY", "update_": "1998-10-22T00:00:00Z", "newsegdate": null, "multi_rep": 0, "streetlabe": "W MENTOR ST", "stname": "W MENTOR ST", "objectid": 22662, "Shape__Len": 232.42247713378774 }, "geometry": { "type": "MultiLineString", "coordinates": [ [ [ -75.150882230376283, 40.026046004925483 ], [ -75.152938905180392, 40.026321419090806 ] ] ] } },
{ "type": "Feature", "properties": { "fnode_": 10523, "tnode_": 10521, "lpoly_": null, "rpoly_": null, "length": 65.22812978, "stcl2_": null, "stcl2_id": null, "pre_dir": "W", "st_name": "WYOMING", "st_type": "AVE", "suf_dir": null, "zip_left": 19140, "zip_right": 19140, "l_f_add": 1500, "l_t_add": 1512, "r_f_add": 1501, "r_t_add": 1513, "st_code": 85040, "l_hundred": 1500, "r_hundred": 1500, "seg_id": 620578, "oneway": "FT", "class": 2, "responsibl": "CITY", "update_": "1998-10-22T00:00:00Z", "newsegdate": null, "multi_rep": 0, "streetlabe": "W WYOMING AVE", "stname": "W WYOMING AVE", "objectid": 22663, "Shape__Len": 25.928233983837536 }, "geometry": { "type": "MultiLineString", "coordinates": [ [ [ -75.149987010430081, 40.025399932481839 ], [ -75.150219190623289, 40.025414110848523 ] ] ] } },
{ "type": "Feature", "properties": { "fnode_": 10521, "tnode_": 10509, "lpoly_": null, "rpoly_": null, "length": 223.87542375000001, "stcl2_": null, "stcl2_id": null, "pre_dir": "W", "st_name": "WYOMING", "st_type": "AVE", "suf_dir": null, "zip_left": 19140, "zip_right": 19140, "l_f_add": 1514, "l_t_add": 1598, "r_f_add": 1515, "r_t_add": 1599, "st_code": 85040, "l_hundred": 1500, "r_hundred": 1500, "seg_id": 620579, "oneway": "FT", "class": 5, "responsibl": "CITY", "update_": "1998-10-22T00:00:00Z", "newsegdate": null, "multi_rep": 0, "streetlabe": "W WYOMING AVE", "stname": "W WYOMING AVE", "objectid": 22664, "Shape__Len": 88.996539961670621 }, "geometry": { "type": "MultiLineString", "coordinates": [ [ [ -75.150219190623289, 40.025414110848523 ], [ -75.151009439980101, 40.025506819752636 ] ] ] } },
{ "type": "Feature", "properties": { "fnode_": 10636, "tnode_": 10626, "lpoly_": null, "rpoly_": null, "length": 227.38431071, "stcl2_": null, "stcl2_id": null, "pre_dir": "W", "st_name": "WYOMING", "st_type": "AVE", "suf_dir": null, "zip_left": 19140, "zip_right": 19140, "l_f_add": 1418, "l_t_add": 1498, "r_f_add": 1419, "r_t_add": 1499, "st_code": 85040, "l_hundred": 1400, "r_hundred": 1400, "seg_id": 620580, "oneway": "B", "class": 5, "responsibl": "CITY", "update_": "1998-10-22T00:00:00Z", "newsegdate": null, "multi_rep": 0, "streetlabe": "W WYOMING AVE", "stname": "W WYOMING AVE", "objectid": 22665, "Shape__Len": 90.394240093827264 }, "geometry": { "type": "MultiLineString", "coordinates": [ [ [ -75.148757254377429, 40.024680246000173 ], [ -75.149555525426081, 40.024794209962899 ] ] ] } },
{ "type": "Feature", "properties": { "fnode_": 10061, "tnode_": 9823, "lpoly_": null, "rpoly_": null, "length": 450.0970293, "stcl2_": null, "stcl2_id": null, "pre_dir": "N", "st_name": "CARLISLE", "st_type": "ST", "suf_dir": null, "zip_left": 19141, "zip_right": 19141, "l_f_add": 4900, "l_t_add": 4998, "r_f_add": 4901, "r_t_add": 4999, "st_code": 21400, "l_hundred": 4900, "r_hundred": 4900, "seg_id": 620582, "oneway": "FT", "class": 5, "responsibl": "CITY", "update_": "1998-10-22T00:00:00Z", "newsegdate": null, "multi_rep": 0, "streetlabe": "N CARLISLE ST", "stname": "N CARLISLE ST", "objectid": 22666, "Shape__Len": 179.60382790035237 }, "geometry": { "type": "MultiLineString", "coordinates": [ [ [ -75.148088450237481, 40.027755413833845 ], [ -75.147814734581559, 40.028972934567712 ] ] ] } },
{ "type": "Feature", "properties": { "fnode_": 10345, "tnode_": 10061, "lpoly_": null, "rpoly_": null, "length": 549.56034456999998, "stcl2_": null, "stcl2_id": null, "pre_dir": "N", "st_name": "CARLISLE", "st_type": "ST", "suf_dir": null, "zip_left": 19141, "zip_right": 19141, "l_f_add": 4800, "l_t_add": 4898, "r_f_add": 4801, "r_t_add": 4899, "st_code": 21400, "l_hundred": 4800, "r_hundred": 4800, "seg_id": 620583, "oneway": "FT", "class": 5, "responsibl": "CITY", "update_": "1998-10-22T00:00:00Z", "newsegdate": null, "multi_rep": 0, "streetlabe": "N CARLISLE ST", "stname": "N CARLISLE ST", "objectid": 22667, "Shape__Len": 219.29209890426327 }, "geometry": { "type": "MultiLineString", "coordinates": [ [ [ -75.148399028124814, 40.026265818993558 ], [ -75.148088450237481, 40.027755413833845 ] ] ] } },
{ "type": "Feature", "properties": { "fnode_": 10636, "tnode_": 10345, "lpoly_": null, "rpoly_": null, "length": 586.24493327000005, "stcl2_": null, "stcl2_id": null, "pre_dir": "N", "st_name": "CARLISLE", "st_type": "ST", "suf_dir": null, "zip_left": 19141, "zip_right": 19141, "l_f_add": 4700, "l_t_add": 4798, "r_f_add": 4701, "r_t_add": 4799, "st_code": 21400, "l_hundred": 4700, "r_hundred": 4700, "seg_id": 620584, "oneway": "FT", "class": 5, "responsibl": "CITY", "update_": "1998-10-22T00:00:00Z", "newsegdate": null, "multi_rep": 0, "streetlabe": "N CARLISLE ST", "stname": "N CARLISLE ST", "objectid": 22668, "Shape__Len": 233.92126766783679 }, "geometry": { "type": "MultiLineString", "coordinates": [ [ [ -75.148757254377429, 40.024680246000173 ], [ -75.148399028124814, 40.026265818993558 ] ] ] } },
{ "type": "Feature", "properties": { "fnode_": 10319, "tnode_": 10031, "lpoly_": null, "rpoly_": null, "length": 567.73011641999994, "stcl2_": null, "stcl2_id": null, "pre_dir": "N", "st_name": "SYDENHAM", "st_type": "ST", "suf_dir": null, "zip_left": 19141, "zip_right": 19141, "l_f_add": 4800, "l_t_add": 4898, "r_f_add": 4801, "r_t_add": 4899, "st_code": 75860, "l_hundred": 4800, "r_hundred": 4800, "seg_id": 620585, "oneway": "TF", "class": 5, "responsibl": "CITY", "update_": "1998-10-22T00:00:00Z", "newsegdate": null, "multi_rep": 0, "streetlabe": "N SYDENHAM ST", "stname": "N SYDENHAM ST", "objectid": 22669, "Shape__Len": 226.54353600358067 }, "geometry": { "type": "MultiLineString", "coordinates": [ [ [ -75.149981815029477, 40.026469771489708 ], [ -75.149663578489339, 40.028008936238201 ] ] ] } },
{ "type": "Feature", "properties": { "fnode_": 10044, "tnode_": 10031, "lpoly_": null, "rpoly_": null, "length": 232.08622946, "stcl2_": null, "stcl2_id": null, "pre_dir": "W", "st_name": "ROCKLAND", "st_type": "ST", "suf_dir": null, "zip_left": 19141, "zip_right": 19141, "l_f_add": 1500, "l_t_add": 1598, "r_f_add": 1501, "r_t_add": 1599, "st_code": 69040, "l_hundred": 1500, "r_hundred": 1500, "seg_id": 620586, "oneway": "B", "class": 4, "responsibl": "CITY", "update_": "1998-10-22T00:00:00Z", "newsegdate": null, "multi_rep": 0, "streetlabe": "W ROCKLAND ST", "stname": "W ROCKLAND ST", "objectid": 22670, "Shape__Len": 92.282201223559838 }, "geometry": { "type": "MultiLineString", "coordinates": [ [ [ -75.148867078396776, 40.027866244488976 ], [ -75.14940789548767, 40.027922517177167 ], [ -75.14957302602356, 40.027959658074572 ], [ -75.149663578489339, 40.028008936238201 ] ] ] } },
{ "type": "Feature", "properties": { "fnode_": 10061, "tnode_": 10044, "lpoly_": null, "rpoly_": null, "length": 221.75755474, "stcl2_": null, "stcl2_id": null, "pre_dir": "W", "st_name": "ROCKLAND", "st_type": "ST", "suf_dir": null, "zip_left": 19141, "zip_right": 19141, "l_f_add": 1422, "l_t_add": 1498, "r_f_add": 1423, "r_t_add": 1499, "st_code": 69040, "l_hundred": 1400, "r_hundred": 1400, "seg_id": 620587, "oneway": "B", "class": 4, "responsibl": "CITY", "update_": "1998-10-22T00:00:00Z", "newsegdate": null, "multi_rep": 0, "streetlabe": "W ROCKLAND ST", "stname": "W ROCKLAND ST", "objectid": 22671, "Shape__Len": 88.161307121952078 }, "geometry": { "type": "MultiLineString", "coordinates": [ [ [ -75.148088450237481, 40.027755413833845 ], [ -75.148867078396776, 40.027866244488976 ] ] ] } },
{ "type": "Feature", "properties": { "fnode_": 10509, "tnode_": 10450, "lpoly_": null, "rpoly_": null, "length": 783.18143425999995, "stcl2_": null, "stcl2_id": null, "pre_dir": "W", "st_name": "WYOMING", "st_type": "AVE", "suf_dir": null, "zip_left": 19140, "zip_right": 19140, "l_f_add": 1600, "l_t_add": 1680, "r_f_add": 1601, "r_t_add": 1681, "st_code": 85040, "l_hundred": 1600, "r_hundred": 1600, "seg_id": 620589, "oneway": "FT", "class": 5, "responsibl": "CITY", "update_": "1998-10-22T00:00:00Z", "newsegdate": null, "multi_rep": 0, "streetlabe": "W WYOMING AVE", "stname": "W WYOMING AVE", "objectid": 22672, "Shape__Len": 311.34602430017378 }, "geometry": { "type": "MultiLineString", "coordinates": [ [ [ -75.151009439980101, 40.025506819752636 ], [ -75.153763463927703, 40.025880260621655 ] ] ] } },
{ "type": "Feature", "properties": { "fnode_": 10352, "tnode_": 10450, "lpoly_": null, "rpoly_": null, "length": 281.33702303000001, "stcl2_": null, "stcl2_id": null, "pre_dir": null, "st_name": "WINDRIM", "st_type": "AVE", "suf_dir": null, "zip_left": 19141, "zip_right": 19141, "l_f_add": 1770, "l_t_add": 1788, "r_f_add": 1771, "r_t_add": 1789, "st_code": 83720, "l_hundred": 1700, "r_hundred": 1700, "seg_id": 620591, "oneway": "B", "class": 3, "responsibl": "FAM", "update_": "1998-10-22T00:00:00Z", "newsegdate": null, "multi_rep": 0, "streetlabe": "WINDRIM AVE", "stname": "WINDRIM AVE", "objectid": 22674, "Shape__Len": 111.97445400591792 }, "geometry": { "type": "MultiLineString", "coordinates": [ [ [ -75.152938905180392, 40.026321419090806 ], [ -75.153763463927703, 40.025880260621655 ] ] ] } },
{ "type": "Feature", "properties": { "fnode_": 11070, "tnode_": 10841, "lpoly_": null, "rpoly_": null, "length": 552.2905413499999, "stcl2_": null, "stcl2_id": null, "pre_dir": "N", "st_name": "17TH", "st_type": "ST", "suf_dir": null, "zip_left": 19140, "zip_right": 19140, "l_f_add": 4500, "l_t_add": 4598, "r_f_add": 4501, "r_t_add": 4599, "st_code": 88110, "l_hundred": 4500, "r_hundred": 4500, "seg_id": 620602, "oneway": "TF", "class": 4, "responsibl": "CITY", "update_": "1998-10-22T00:00:00Z", "newsegdate": null, "multi_rep": 0, "streetlabe": "N 17TH ST", "stname": "N 17TH ST", "objectid": 22685, "Shape__Len": 220.36673379446879 }, "geometry": { "type": "MultiLineString", "coordinates": [ [ [ -75.153360416447427, 40.022097324664813 ], [ -75.153038516219766, 40.023593093097453 ] ] ] } },
{ "type": "Feature", "properties": { "fnode_": 11088, "tnode_": 10858, "lpoly_": null, "rpoly_": null, "length": 551.21602058999997, "stcl2_": null, "stcl2_id": null, "pre_dir": "N", "st_name": "SMEDLEY", "st_type": "ST", "suf_dir": null, "zip_left": 19140, "zip_right": 19140, "l_f_add": 4500, "l_t_add": 4598, "r_f_add": 4501, "r_t_add": 4599, "st_code": 73080, "l_hundred": 4500, "r_hundred": 4500, "seg_id": 620603, "oneway": "TF", "class": 5, "responsibl": "CITY", "update_": "1998-10-22T00:00:00Z", "newsegdate": null, "multi_rep": 0, "streetlabe": "N SMEDLEY ST", "stname": "N SMEDLEY ST", "objectid": 22686, "Shape__Len": 219.93817919630092 }, "geometry": { "type": "MultiLineString", "coordinates": [ [ [ -75.152586305551509, 40.022002654389979 ], [ -75.152268489063601, 40.023495950019452 ] ] ] } },
{ "type": "Feature", "properties": { "fnode_": 11110, "tnode_": 10890, "lpoly_": null, "rpoly_": null, "length": 550.68079741999998, "stcl2_": null, "stcl2_id": null, "pre_dir": "N", "st_name": "HICKS", "st_type": "ST", "suf_dir": null, "zip_left": 19140, "zip_right": 19140, "l_f_add": 4500, "l_t_add": 4598, "r_f_add": 4501, "r_t_add": 4599, "st_code": 42400, "l_hundred": 4500, "r_hundred": 4500, "seg_id": 620604, "oneway": "TF", "class": 5, "responsibl": "CITY", "update_": "1998-10-22T00:00:00Z", "newsegdate": null, "multi_rep": 0, "streetlabe": "N HICKS ST", "stname": "N HICKS ST", "objectid": 22687, "Shape__Len": 219.72149224814817 }, "geometry": { "type": "MultiLineString", "coordinates": [ [ [ -75.150775679551941, 40.021772790350639 ], [ -75.150441772418375, 40.023262518096224 ] ] ] } },
{ "type": "Feature", "properties": { "fnode_": 11102, "tnode_": 10879, "lpoly_": null, "rpoly_": null, "length": 548.91996839000001, "stcl2_": null, "stcl2_id": null, "pre_dir": "N", "st_name": "MOLE", "st_type": "ST", "suf_dir": null, "zip_left": 19140, "zip_right": 19140, "l_f_add": 4500, "l_t_add": 4598, "r_f_add": 4501, "r_t_add": 4599, "st_code": 56540, "l_hundred": 4500, "r_hundred": 4500, "seg_id": 620627, "oneway": "FT", "class": 5, "responsibl": "CITY", "update_": "1998-10-22T00:00:00Z", "newsegdate": null, "multi_rep": 0, "streetlabe": "N MOLE ST", "stname": "N MOLE ST", "objectid": 22710, "Shape__Len": 219.01897143826437 }, "geometry": { "type": "MultiLineString", "coordinates": [ [ [ -75.15123922891371, 40.021833933502514 ], [ -75.15090546256026, 40.023318774827722 ] ] ] } },
{ "type": "Feature", "properties": { "fnode_": 11133, "tnode_": 10911, "lpoly_": null, "rpoly_": null, "length": 552.27093819000004, "stcl2_": null, "stcl2_id": null, "pre_dir": "N", "st_name": "CARLISLE", "st_type": "ST", "suf_dir": null, "zip_left": 19140, "zip_right": 19140, "l_f_add": 4500, "l_t_add": 4598, "r_f_add": 4501, "r_t_add": 4599, "st_code": 21400, "l_hundred": 4500, "r_hundred": 4500, "seg_id": 620628, "oneway": "FT", "class": 5, "responsibl": "CITY", "update_": "1998-10-22T00:00:00Z", "newsegdate": null, "multi_rep": 0, "streetlabe": "N CARLISLE ST", "stname": "N CARLISLE ST", "objectid": 22711, "Shape__Len": 220.35502065794358 }, "geometry": { "type": "MultiLineString", "coordinates": [ [ [ -75.149450112360171, 40.021602028506841 ], [ -75.149112612643975, 40.023095708245144 ] ] ] } },
{ "type": "Feature", "properties": { "fnode_": 10882, "tnode_": 10521, "lpoly_": null, "rpoly_": null, "length": 782.43715570999996, "stcl2_": null, "stcl2_id": null, "pre_dir": "N", "st_name": "SYDENHAM", "st_type": "ST", "suf_dir": null, "zip_left": 19140, "zip_right": 19140, "l_f_add": 4600, "l_t_add": 4698, "r_f_add": 4601, "r_t_add": 4699, "st_code": 75860, "l_hundred": 4600, "r_hundred": 4600, "seg_id": 620640, "oneway": "FT", "class": 5, "responsibl": "CITY", "update_": "1998-10-22T00:00:00Z", "newsegdate": null, "multi_rep": 0, "streetlabe": "N SYDENHAM ST", "stname": "N SYDENHAM ST", "objectid": 22722, "Shape__Len": 312.20198241690389 }, "geometry": { "type": "MultiLineString", "coordinates": [ [ [ -75.150684294633379, 40.023296199881912 ], [ -75.150219190623289, 40.025414110848523 ] ] ] } },
{ "type": "Feature", "properties": { "fnode_": 10156, "tnode_": 9961, "lpoly_": null, "rpoly_": null, "length": 349.86512578000003, "stcl2_": null, "stcl2_id": null, "pre_dir": "N", "st_name": "BOUVIER", "st_type": "ST", "suf_dir": null, "zip_left": 19141, "zip_right": 19141, "l_f_add": 4822, "l_t_add": 4898, "r_f_add": 4845, "r_t_add": 4899, "st_code": 18500, "l_hundred": 4800, "r_hundred": 4800, "seg_id": 620642, "oneway": "FT", "class": 5, "responsibl": "CITY", "update_": "1998-10-22T00:00:00Z", "newsegdate": null, "multi_rep": 0, "streetlabe": "N BOUVIER ST", "stname": "N BOUVIER ST", "objectid": 22724, "Shape__Len": 139.60868998682474 }, "geometry": { "type": "MultiLineString", "coordinates": [ [ [ -75.153123112959406, 40.027430733047431 ], [ -75.152922004274572, 40.028378629163214 ] ] ] } },
{ "type": "Feature", "properties": { "fnode_": 9961, "tnode_": 9949, "lpoly_": null, "rpoly_": null, "length": 189.89821607, "stcl2_": null, "stcl2_id": null, "pre_dir": "W", "st_name": "ROCKLAND", "st_type": "ST", "suf_dir": null, "zip_left": 19141, "zip_right": 19141, "l_f_add": 1726, "l_t_add": 1798, "r_f_add": 1727, "r_t_add": 1799, "st_code": 69040, "l_hundred": 1700, "r_hundred": 1700, "seg_id": 620645, "oneway": "FT", "class": 5, "responsibl": "CITY", "update_": "1998-10-22T00:00:00Z", "newsegdate": null, "multi_rep": 0, "streetlabe": "W ROCKLAND ST", "stname": "W ROCKLAND ST", "objectid": 22727, "Shape__Len": 75.493035380971904 }, "geometry": { "type": "MultiLineString", "coordinates": [ [ [ -75.152922004274572, 40.028378629163214 ], [ -75.153592271259157, 40.028457653304059 ] ] ] } },
{ "type": "Feature", "properties": { "fnode_": 9977, "tnode_": 9676, "lpoly_": null, "rpoly_": null, "length": 549.79124322999996, "stcl2_": null, "stcl2_id": null, "pre_dir": "N", "st_name": "17TH", "st_type": "ST", "suf_dir": null, "zip_left": 19141, "zip_right": 19141, "l_f_add": 4900, "l_t_add": 4998, "r_f_add": 4901, "r_t_add": 4999, "st_code": 88110, "l_hundred": 4900, "r_hundred": 4900, "seg_id": 620646, "oneway": "FT", "class": 5, "responsibl": "CITY", "update_": "1998-10-22T00:00:00Z", "newsegdate": "1998-08-03T00:00:00Z", "multi_rep": 0, "streetlabe": "N 17TH ST", "stname": "N 17TH ST", "objectid": 22728, "Shape__Len": 219.38772516937371 }, "geometry": { "type": "MultiLineString", "coordinates": [ [ [ -75.152014004411654, 40.028262007428872 ], [ -75.151894143939472, 40.028865402378656 ], [ -75.151684156725693, 40.029749640820057 ] ] ] } },
{ "type": "Feature", "properties": { "fnode_": 9977, "tnode_": 9961, "lpoly_": null, "rpoly_": null, "length": 257.86700041, "stcl2_": null, "stcl2_id": null, "pre_dir": "W", "st_name": "ROCKLAND", "st_type": "ST", "suf_dir": null, "zip_left": 19141, "zip_right": 19141, "l_f_add": 1700, "l_t_add": 1724, "r_f_add": 1701, "r_t_add": 1725, "st_code": 69040, "l_hundred": 1700, "r_hundred": 1700, "seg_id": 620647, "oneway": "FT", "class": 5, "responsibl": "CITY", "update_": "1998-10-22T00:00:00Z", "newsegdate": "1998-08-03T00:00:00Z", "multi_rep": 0, "streetlabe": "W ROCKLAND ST", "stname": "W ROCKLAND ST", "objectid": 22729, "Shape__Len": 102.51540815266432 }, "geometry": { "type": "MultiLineString", "coordinates": [ [ [ -75.152014004411654, 40.028262007428872 ], [ -75.15256346096723, 40.028340336376061 ], [ -75.152922004274572, 40.028378629163214 ] ] ] } },
{ "type": "Feature", "properties": { "fnode_": 9992, "tnode_": 9694, "lpoly_": null, "rpoly_": null, "length": 540.79656353000007, "stcl2_": null, "stcl2_id": null, "pre_dir": "N", "st_name": "SMEDLEY", "st_type": "ST", "suf_dir": null, "zip_left": 19141, "zip_right": 19141, "l_f_add": 4900, "l_t_add": 4998, "r_f_add": 4901, "r_t_add": 4999, "st_code": 73080, "l_hundred": 4900, "r_hundred": 4900, "seg_id": 620648, "oneway": "FT", "class": 5, "responsibl": "CITY", "update_": "1998-10-22T00:00:00Z", "newsegdate": null, "multi_rep": 0, "streetlabe": "N SMEDLEY ST", "stname": "N SMEDLEY ST", "objectid": 22730, "Shape__Len": 215.79866191130355 }, "geometry": { "type": "MultiLineString", "coordinates": [ [ [ -75.151225422069203, 40.028190951237498 ], [ -75.15119177530319, 40.028394520885705 ], [ -75.15090419909464, 40.029654619847278 ] ] ] } },
{ "type": "Feature", "properties": { "fnode_": 9992, "tnode_": 9977, "lpoly_": null, "rpoly_": null, "length": 224.42807471, "stcl2_": null, "stcl2_id": null, "pre_dir": "W", "st_name": "ROCKLAND", "st_type": "ST", "suf_dir": null, "zip_left": 19141, "zip_right": 19141, "l_f_add": 1620, "l_t_add": 1698, "r_f_add": 1621, "r_t_add": 1699, "st_code": 69040, "l_hundred": 1600, "r_hundred": 1600, "seg_id": 620656, "oneway": "B", "class": 4, "responsibl": "CITY", "update_": "2006-02-07T00:00:00Z", "newsegdate": null, "multi_rep": 0, "streetlabe": "W ROCKLAND ST", "stname": "W ROCKLAND ST", "objectid": 22737, "Shape__Len": 89.222978642180166 }, "geometry": { "type": "MultiLineString", "coordinates": [ [ [ -75.151225422069203, 40.028190951237498 ], [ -75.151291910746053, 40.028173609196244 ], [ -75.152014004411654, 40.028262007428872 ] ] ] } },
{ "type": "Feature", "properties": { "fnode_": 10023, "tnode_": 10156, "lpoly_": null, "rpoly_": null, "length": 420.25536728999998, "stcl2_": null, "stcl2_id": null, "pre_dir": null, "st_name": "WAGNER", "st_type": "AVE", "suf_dir": null, "zip_left": 19141, "zip_right": 19141, "l_f_add": 1700, "l_t_add": 1798, "r_f_add": 1701, "r_t_add": 1799, "st_code": 80880, "l_hundred": 1700, "r_hundred": 1700, "seg_id": 621381, "oneway": "B", "class": 5, "responsibl": "CITY", "update_": "1998-10-22T00:00:00Z", "newsegdate": null, "multi_rep": 0, "streetlabe": "WAGNER AVE", "stname": "WAGNER AVE", "objectid": 23384, "Shape__Len": 167.24613445415366 }, "geometry": { "type": "MultiLineString", "coordinates": [ [ [ -75.15185995072278, 40.028053580422572 ], [ -75.153123112959406, 40.027430733047431 ] ] ] } },
{ "type": "Feature", "properties": { "fnode_": 10243, "tnode_": 10156, "lpoly_": null, "rpoly_": null, "length": 239.71277122000001, "stcl2_": null, "stcl2_id": null, "pre_dir": "N", "st_name": "BOUVIER", "st_type": "ST", "suf_dir": null, "zip_left": 19141, "zip_right": 19141, "l_f_add": 4800, "l_t_add": 4820, "r_f_add": 4801, "r_t_add": 4843, "st_code": 18500, "l_hundred": 4800, "r_hundred": 4800, "seg_id": 621528, "oneway": "B", "class": 5, "responsibl": "CITY", "update_": "1998-10-22T00:00:00Z", "newsegdate": null, "multi_rep": 0, "streetlabe": "N BOUVIER ST", "stname": "N BOUVIER ST", "objectid": 23489, "Shape__Len": 95.538213955862545 }, "geometry": { "type": "MultiLineString", "coordinates": [ [ [ -75.153514092282336, 40.026920271261261 ], [ -75.153391480381842, 40.026957745650748 ], [ -75.153211123172269, 40.027042469111876 ], [ -75.153123112959406, 40.027430733047431 ] ] ] } },
{ "type": "Feature", "properties": { "fnode_": 9676, "tnode_": 9634, "lpoly_": null, "rpoly_": null, "length": 455.16315626, "stcl2_": null, "stcl2_id": null, "pre_dir": "W", "st_name": "RUSCOMB", "st_type": "ST", "suf_dir": null, "zip_left": 19141, "zip_right": 19141, "l_f_add": 1700, "l_t_add": 1798, "r_f_add": 1701, "r_t_add": 1799, "st_code": 69880, "l_hundred": 1700, "r_hundred": 1700, "seg_id": 621772, "oneway": "FT", "class": 5, "responsibl": "CITY", "update_": "2004-01-26T00:00:00Z", "newsegdate": null, "multi_rep": 0, "streetlabe": "W RUSCOMB ST", "stname": "W RUSCOMB ST", "objectid": 23570, "Shape__Len": 180.9564237691263 }, "geometry": { "type": "MultiLineString", "coordinates": [ [ [ -75.151684156725693, 40.029749640820057 ], [ -75.152733194319907, 40.029899010482254 ], [ -75.153285143564744, 40.029964509281733 ] ] ] } },
{ "type": "Feature", "properties": { "fnode_": 10300, "tnode_": 28462, "lpoly_": null, "rpoly_": null, "length": 363.7369467, "stcl2_": null, "stcl2_id": null, "pre_dir": "N", "st_name": "16TH", "st_type": "ST", "suf_dir": null, "zip_left": 19141, "zip_right": 19141, "l_f_add": 4800, "l_t_add": 4898, "r_f_add": 4801, "r_t_add": 4899, "st_code": 88090, "l_hundred": 4800, "r_hundred": 4800, "seg_id": 621861, "oneway": "TF", "class": 5, "responsibl": "CITY", "update_": "2012-01-11T00:00:00Z", "newsegdate": "2002-06-03T00:00:00Z", "multi_rep": 0, "streetlabe": "N 16TH ST", "stname": "N 16TH ST", "objectid": 23625, "Shape__Len": 145.13821587560801 }, "geometry": { "type": "MultiLineString", "coordinates": [ [ [ -75.150783216114618, 40.026574272591319 ], [ -75.150727256352269, 40.026717752782339 ], [ -75.150555287956138, 40.027556103308697 ] ] ] } },
{ "type": "Feature", "properties": { "fnode_": 10031, "tnode_": 28462, "lpoly_": null, "rpoly_": null, "length": 299.28467179, "stcl2_": null, "stcl2_id": null, "pre_dir": null, "st_name": "WINDRIM", "st_type": "AVE", "suf_dir": null, "zip_left": 19141, "zip_right": 19141, "l_f_add": 1550, "l_t_add": 1598, "r_f_add": 1551, "r_t_add": 1599, "st_code": 83720, "l_hundred": 1500, "r_hundred": 1500, "seg_id": 621862, "oneway": "B", "class": 3, "responsibl": "FAM", "update_": "2002-06-04T00:00:00Z", "newsegdate": "2002-06-03T00:00:00Z", "multi_rep": 0, "streetlabe": "WINDRIM AVE", "stname": "WINDRIM AVE", "objectid": 23626, "Shape__Len": 119.11012418707497 }, "geometry": { "type": "MultiLineString", "coordinates": [ [ [ -75.149663578489339, 40.028008936238201 ], [ -75.150555287956138, 40.027556103308697 ] ] ] } },
{ "type": "Feature", "properties": { "fnode_": 28462, "tnode_": 10185, "lpoly_": null, "rpoly_": null, "length": 238.41803831, "stcl2_": null, "stcl2_id": null, "pre_dir": null, "st_name": "WINDRIM", "st_type": "AVE", "suf_dir": null, "zip_left": 19141, "zip_right": 19141, "l_f_add": 1600, "l_t_add": 1698, "r_f_add": 1601, "r_t_add": 1699, "st_code": 83720, "l_hundred": 1600, "r_hundred": 1600, "seg_id": 621863, "oneway": "B", "class": 3, "responsibl": "FAM", "update_": "2003-05-07T00:00:00Z", "newsegdate": "2002-06-03T00:00:00Z", "multi_rep": 0, "streetlabe": "WINDRIM AVE", "stname": "WINDRIM AVE", "objectid": 23627, "Shape__Len": 94.885692463479273 }, "geometry": { "type": "MultiLineString", "coordinates": [ [ [ -75.150555287956138, 40.027556103308697 ], [ -75.151265638694582, 40.027195359783818 ] ] ] } },
{ "type": "Feature", "properties": { "fnode_": 10074, "tnode_": 9789, "lpoly_": null, "rpoly_": null, "length": 553.11606367000002, "stcl2_": null, "stcl2_id": null, "pre_dir": "N", "st_name": "BROAD", "st_type": "ST", "suf_dir": null, "zip_left": 19141, "zip_right": 19141, "l_f_add": 4900, "l_t_add": 4998, "r_f_add": 4901, "r_t_add": 4999, "st_code": 19140, "l_hundred": 4900, "r_hundred": 4900, "seg_id": 640001, "oneway": "B", "class": 2, "responsibl": "STATE", "update_": "1998-10-22T00:00:00Z", "newsegdate": null, "multi_rep": 0, "streetlabe": "N BROAD ST", "stname": "N BROAD ST", "objectid": 23738, "Shape__Len": 220.71632980629829 }, "geometry": { "type": "MultiLineString", "coordinates": [ [ [ -75.147221396525666, 40.027653223844055 ], [ -75.146915293773063, 40.02915324775568 ] ] ] } },
{ "type": "Feature", "properties": { "fnode_": 10074, "tnode_": 10061, "lpoly_": null, "rpoly_": null, "length": 245.651875, "stcl2_": null, "stcl2_id": null, "pre_dir": "W", "st_name": "ROCKLAND", "st_type": "ST", "suf_dir": null, "zip_left": 19141, "zip_right": 19141, "l_f_add": 1400, "l_t_add": 1420, "r_f_add": 1401, "r_t_add": 1421, "st_code": 69040, "l_hundred": 1400, "r_hundred": 1400, "seg_id": 640002, "oneway": "B", "class": 4, "responsibl": "CITY", "update_": "1998-10-22T00:00:00Z", "newsegdate": null, "multi_rep": 0, "streetlabe": "W ROCKLAND ST", "stname": "W ROCKLAND ST", "objectid": 23739, "Shape__Len": 97.656575984796945 }, "geometry": { "type": "MultiLineString", "coordinates": [ [ [ -75.147221396525666, 40.027653223844055 ], [ -75.148088450237481, 40.027755413833845 ] ] ] } },
{ "type": "Feature", "properties": { "fnode_": 10094, "tnode_": 10074, "lpoly_": null, "rpoly_": null, "length": 223.89065202, "stcl2_": null, "stcl2_id": null, "pre_dir": "W", "st_name": "ROCKLAND", "st_type": "ST", "suf_dir": null, "zip_left": 19141, "zip_right": 19141, "l_f_add": 1332, "l_t_add": 1398, "r_f_add": 1335, "r_t_add": 1399, "st_code": 69040, "l_hundred": 1300, "r_hundred": 1300, "seg_id": 640004, "oneway": "B", "class": 4, "responsibl": "CITY", "update_": "1998-12-31T00:00:00Z", "newsegdate": null, "multi_rep": 0, "streetlabe": "W ROCKLAND ST", "stname": "W ROCKLAND ST", "objectid": 23741, "Shape__Len": 89.008726084428801 }, "geometry": { "type": "MultiLineString", "coordinates": [ [ [ -75.147218072335406, 40.027652757639508 ], [ -75.147221396525666, 40.027653223844055 ] ] ] } },
{ "type": "Feature", "properties": { "fnode_": 10361, "tnode_": 10074, "lpoly_": null, "rpoly_": null, "length": 556.48884877, "stcl2_": null, "stcl2_id": null, "pre_dir": "N", "st_name": "BROAD", "st_type": "ST", "suf_dir": null, "zip_left": 19141, "zip_right": 19141, "l_f_add": 4800, "l_t_add": 4898, "r_f_add": 4801, "r_t_add": 4899, "st_code": 19140, "l_hundred": 4800, "r_hundred": 4800, "seg_id": 640039, "oneway": "B", "class": 2, "responsibl": "STATE", "update_": "1998-10-22T00:00:00Z", "newsegdate": null, "multi_rep": 0, "streetlabe": "N BROAD ST", "stname": "N BROAD ST", "objectid": 23776, "Shape__Len": 222.05322672132996 }, "geometry": { "type": "MultiLineString", "coordinates": [ [ [ -75.147558185557955, 40.026147696615361 ], [ -75.147221396525666, 40.027653223844055 ] ] ] } },
{ "type": "Feature", "properties": { "fnode_": 10373, "tnode_": 10361, "lpoly_": null, "rpoly_": null, "length": 245.28197423, "stcl2_": null, "stcl2_id": null, "pre_dir": "W", "st_name": "LOUDON", "st_type": "ST", "suf_dir": null, "zip_left": 19141, "zip_right": 19141, "l_f_add": 1328, "l_t_add": 1398, "r_f_add": 1329, "r_t_add": 1399, "st_code": 51800, "l_hundred": 1300, "r_hundred": 1300, "seg_id": 640042, "oneway": "B", "class": 4, "responsibl": "CITY", "update_": "1998-10-22T00:00:00Z", "newsegdate": null, "multi_rep": 0, "streetlabe": "W LOUDON ST", "stname": "W LOUDON ST", "objectid": 23778, "Shape__Len": 97.504874238600451 }, "geometry": { "type": "MultiLineString", "coordinates": [ [ [ -75.147554686435655, 40.026147344249033 ], [ -75.147558185557955, 40.026147696615361 ] ] ] } },
{ "type": "Feature", "properties": { "fnode_": 10664, "tnode_": 10361, "lpoly_": null, "rpoly_": null, "length": 585.04724353999995, "stcl2_": null, "stcl2_id": null, "pre_dir": "N", "st_name": "BROAD", "st_type": "ST", "suf_dir": null, "zip_left": 19141, "zip_right": 19141, "l_f_add": 4700, "l_t_add": 4798, "r_f_add": 4701, "r_t_add": 4799, "st_code": 19140, "l_hundred": 4700, "r_hundred": 4700, "seg_id": 640142, "oneway": "B", "class": 2, "responsibl": "STATE", "update_": "1998-10-22T00:00:00Z", "newsegdate": null, "multi_rep": 0, "streetlabe": "N BROAD ST", "stname": "N BROAD ST", "objectid": 23874, "Shape__Len": 233.44572698438355 }, "geometry": { "type": "MultiLineString", "coordinates": [ [ [ -75.147896826083553, 40.024562913703306 ], [ -75.147558185557955, 40.026147696615361 ] ] ] } },
{ "type": "Feature", "properties": { "fnode_": 10664, "tnode_": 10636, "lpoly_": null, "rpoly_": null, "length": 244.73173537, "stcl2_": null, "stcl2_id": null, "pre_dir": "W", "st_name": "WYOMING", "st_type": "AVE", "suf_dir": null, "zip_left": 19140, "zip_right": 19140, "l_f_add": 1400, "l_t_add": 1416, "r_f_add": 1401, "r_t_add": 1417, "st_code": 85040, "l_hundred": 1400, "r_hundred": 1400, "seg_id": 640143, "oneway": "B", "class": 5, "responsibl": "CITY", "update_": "1998-10-22T00:00:00Z", "newsegdate": null, "multi_rep": 0, "streetlabe": "W WYOMING AVE", "stname": "W WYOMING AVE", "objectid": 23875, "Shape__Len": 97.289269780706704 }, "geometry": { "type": "MultiLineString", "coordinates": [ [ [ -75.147896826083553, 40.024562913703306 ], [ -75.148757254377429, 40.024680246000173 ] ] ] } },
{ "type": "Feature", "properties": { "fnode_": 10684, "tnode_": 10664, "lpoly_": null, "rpoly_": null, "length": 278.68043387, "stcl2_": null, "stcl2_id": null, "pre_dir": "W", "st_name": "WYOMING", "st_type": "AVE", "suf_dir": null, "zip_left": 19140, "zip_right": 19140, "l_f_add": 1312, "l_t_add": 1398, "r_f_add": 1321, "r_t_add": 1399, "st_code": 85040, "l_hundred": 1300, "r_hundred": 1300, "seg_id": 640149, "oneway": "B", "class": 3, "responsibl": "FAM", "update_": "2007-03-05T00:00:00Z", "newsegdate": null, "multi_rep": 0, "streetlabe": "W WYOMING AVE", "stname": "W WYOMING AVE", "objectid": 23881, "Shape__Len": 110.78323126583832 }, "geometry": { "type": "MultiLineString", "coordinates": [ [ [ -75.147893421993047, 40.024562479232792 ], [ -75.147896826083553, 40.024562913703306 ] ] ] } },
{ "type": "Feature", "properties": { "fnode_": 10920, "tnode_": 10664, "lpoly_": null, "rpoly_": null, "length": 588.99851309000007, "stcl2_": null, "stcl2_id": null, "pre_dir": "N", "st_name": "BROAD", "st_type": "ST", "suf_dir": null, "zip_left": 19140, "zip_right": 19140, "l_f_add": 4600, "l_t_add": 4698, "r_f_add": 4601, "r_t_add": 4699, "st_code": 19140, "l_hundred": 4600, "r_hundred": 4600, "seg_id": 640256, "oneway": "B", "class": 2, "responsibl": "STATE", "update_": "1998-10-22T00:00:00Z", "newsegdate": null, "multi_rep": 0, "streetlabe": "N BROAD ST", "stname": "N BROAD ST", "objectid": 23972, "Shape__Len": 235.01541079409827 }, "geometry": { "type": "MultiLineString", "coordinates": [ [ [ -75.148248074820685, 40.022968752271531 ], [ -75.147896826083553, 40.024562913703306 ] ] ] } },
{ "type": "Feature", "properties": { "fnode_": 10920, "tnode_": 10626, "lpoly_": null, "rpoly_": null, "length": 760.4706559, "stcl2_": null, "stcl2_id": null, "pre_dir": null, "st_name": "BELFIELD", "st_type": "AVE", "suf_dir": null, "zip_left": 19140, "zip_right": 19140, "l_f_add": 1400, "l_t_add": 1498, "r_f_add": 1401, "r_t_add": 1499, "st_code": 16560, "l_hundred": 1400, "r_hundred": 1400, "seg_id": 640257, "oneway": "B", "class": 2, "responsibl": "FAM", "update_": "1998-10-22T00:00:00Z", "newsegdate": null, "multi_rep": 0, "streetlabe": "BELFIELD AVE", "stname": "BELFIELD AVE", "objectid": 23973, "Shape__Len": 303.18848881973878 }, "geometry": { "type": "MultiLineString", "coordinates": [ [ [ -75.148248074820685, 40.022968752271531 ], [ -75.148420853547961, 40.023133038194388 ], [ -75.148628737737653, 40.023429712003676 ], [ -75.149555525426081, 40.024794209962899 ] ] ] } },
{ "type": "Feature", "properties": { "fnode_": 10920, "tnode_": 10911, "lpoly_": null, "rpoly_": null, "length": 246.50423403, "stcl2_": null, "stcl2_id": null, "pre_dir": "W", "st_name": "COURTLAND", "st_type": "ST", "suf_dir": null, "zip_left": 19140, "zip_right": 19140, "l_f_add": 1400, "l_t_add": 1416, "r_f_add": 1401, "r_t_add": 1417, "st_code": 25420, "l_hundred": 1400, "r_hundred": 1400, "seg_id": 640258, "oneway": "B", "class": 4, "responsibl": "CITY", "update_": "1998-10-22T00:00:00Z", "newsegdate": null, "multi_rep": 0, "streetlabe": "W COURTLAND ST", "stname": "W COURTLAND ST", "objectid": 23974, "Shape__Len": 97.993427731954043 }, "geometry": { "type": "MultiLineString", "coordinates": [ [ [ -75.148248074820685, 40.022968752271531 ], [ -75.149112612643975, 40.023095708245144 ] ] ] } },
{ "type": "Feature", "properties": { "fnode_": 10937, "tnode_": 10920, "lpoly_": null, "rpoly_": null, "length": 347.49015692, "stcl2_": null, "stcl2_id": null, "pre_dir": "W", "st_name": "COURTLAND", "st_type": "ST", "suf_dir": null, "zip_left": 19140, "zip_right": 19140, "l_f_add": 1326, "l_t_add": 1398, "r_f_add": 1325, "r_t_add": 1399, "st_code": 25420, "l_hundred": 1300, "r_hundred": 1300, "seg_id": 640265, "oneway": "B", "class": 4, "responsibl": "CITY", "update_": "1999-02-12T00:00:00Z", "newsegdate": null, "multi_rep": 0, "streetlabe": "W COURTLAND ST", "stname": "W COURTLAND ST", "objectid": 23980, "Shape__Len": 138.13152749921068 }, "geometry": { "type": "MultiLineString", "coordinates": [ [ [ -75.148244613717793, 40.022968346001122 ], [ -75.148247543973568, 40.022968689787263 ], [ -75.148248074820685, 40.022968752271531 ] ] ] } },
{ "type": "Feature", "properties": { "fnode_": 11146, "tnode_": 10920, "lpoly_": null, "rpoly_": null, "length": 547.86966572999995, "stcl2_": null, "stcl2_id": null, "pre_dir": "N", "st_name": "BROAD", "st_type": "ST", "suf_dir": null, "zip_left": 19140, "zip_right": 19140, "l_f_add": 4500, "l_t_add": 4598, "r_f_add": 4501, "r_t_add": 4599, "st_code": 19140, "l_hundred": 4500, "r_hundred": 4500, "seg_id": 640381, "oneway": "B", "class": 2, "responsibl": "STATE", "update_": "1998-10-22T00:00:00Z", "newsegdate": null, "multi_rep": 0, "streetlabe": "N BROAD ST", "stname": "N BROAD ST", "objectid": 24074, "Shape__Len": 218.60052746018522 }, "geometry": { "type": "MultiLineString", "coordinates": [ [ [ -75.148569336705776, 40.021485204564556 ], [ -75.148248074820685, 40.022968752271531 ] ] ] } },
{ "type": "Feature", "properties": { "fnode_": 11178, "tnode_": 10920, "lpoly_": null, "rpoly_": null, "length": 689.30836141999998, "stcl2_": null, "stcl2_id": null, "pre_dir": null, "st_name": "BELFIELD", "st_type": "AVE", "suf_dir": null, "zip_left": 19140, "zip_right": 19140, "l_f_add": 1300, "l_t_add": 1398, "r_f_add": 1301, "r_t_add": 1399, "st_code": 16560, "l_hundred": 1300, "r_hundred": 1300, "seg_id": 640412, "oneway": "B", "class": 2, "responsibl": "FAM", "update_": "1998-10-22T00:00:00Z", "newsegdate": null, "multi_rep": 0, "streetlabe": "BELFIELD AVE", "stname": "BELFIELD AVE", "objectid": 24094, "Shape__Len": 274.83372749211338 }, "geometry": { "type": "MultiLineString", "coordinates": [ [ [ -75.148245397356106, 40.0229647893755 ], [ -75.148248074820685, 40.022968752271531 ] ] ] } },
{ "type": "Feature", "properties": { "fnode_": 8848, "tnode_": 8912, "lpoly_": null, "rpoly_": null, "length": 468.69086415000004, "stcl2_": null, "stcl2_id": null, "pre_dir": "W", "st_name": "FISHER", "st_type": "AVE", "suf_dir": null, "zip_left": 19141, "zip_right": 19141, "l_f_add": 1600, "l_t_add": 1698, "r_f_add": 1601, "r_t_add": 1699, "st_code": 34140, "l_hundred": 1600, "r_hundred": 1600, "seg_id": 720079, "oneway": "B", "class": 4, "responsibl": "CITY", "update_": "1998-08-28T00:00:00Z", "newsegdate": null, "multi_rep": 0, "streetlabe": "W FISHER AVE", "stname": "W FISHER AVE", "objectid": 27806, "Shape__Len": 186.36987184466992 }, "geometry": { "type": "MultiLineString", "coordinates": [ [ [ -75.149191317874369, 40.033770841839328 ], [ -75.14955016995971, 40.033645104945229 ], [ -75.149768752110745, 40.033589808138373 ], [ -75.150035479784108, 40.033544206453413 ], [ -75.150394769937748, 40.033517913240622 ], [ -75.150562898352348, 40.03351311208273 ], [ -75.150807126758053, 40.033517197749731 ] ] ] } },
{ "type": "Feature", "properties": { "fnode_": 8848, "tnode_": 8502, "lpoly_": null, "rpoly_": null, "length": 743.70812532999992, "stcl2_": null, "stcl2_id": null, "pre_dir": "N", "st_name": "16TH", "st_type": "ST", "suf_dir": null, "zip_left": 19141, "zip_right": 19141, "l_f_add": 5300, "l_t_add": 5398, "r_f_add": 5301, "r_t_add": 5399, "st_code": 88090, "l_hundred": 5300, "r_hundred": 5300, "seg_id": 720082, "oneway": "B", "class": 4, "responsibl": "CITY", "update_": "1998-08-28T00:00:00Z", "newsegdate": null, "multi_rep": 0, "streetlabe": "N 16TH ST", "stname": "N 16TH ST", "objectid": 27808, "Shape__Len": 296.75107568802605 }, "geometry": { "type": "MultiLineString", "coordinates": [ [ [ -75.149191317874369, 40.033770841839328 ], [ -75.149430158723447, 40.034147305620664 ], [ -75.149474570411599, 40.034254459261774 ], [ -75.149516565845786, 40.034424672695231 ], [ -75.149520618761287, 40.034513698558321 ], [ -75.149253488197019, 40.035736845688724 ] ] ] } },
{ "type": "Feature", "properties": { "fnode_": 9414, "tnode_": 9292, "lpoly_": null, "rpoly_": null, "length": 242.40915988, "stcl2_": null, "stcl2_id": null, "pre_dir": null, "st_name": "OGONTZ", "st_type": "AVE", "suf_dir": null, "zip_left": 19141, "zip_right": 19141, "l_f_add": 5030, "l_t_add": 5098, "r_f_add": 5031, "r_t_add": 5099, "st_code": 61180, "l_hundred": 5000, "r_hundred": 5000, "seg_id": 721055, "oneway": "B", "class": 2, "responsibl": "FAM", "update_": "1998-08-28T00:00:00Z", "newsegdate": null, "multi_rep": 0, "streetlabe": "OGONTZ AVE", "stname": "OGONTZ AVE", "objectid": 28747, "Shape__Len": 96.62220370848533 }, "geometry": { "type": "MultiLineString", "coordinates": [ [ [ -75.152862360227218, 40.030848183547903 ], [ -75.152779630195369, 40.03095700536096 ], [ -75.152379123168714, 40.031389136123501 ] ] ] } },
{ "type": "Feature", "properties": { "fnode_": 9634, "tnode_": 9414, "lpoly_": null, "rpoly_": null, "length": 344.6080903, "stcl2_": null, "stcl2_id": null, "pre_dir": null, "st_name": "OGONTZ", "st_type": "AVE", "suf_dir": null, "zip_left": 19141, "zip_right": 19141, "l_f_add": 5000, "l_t_add": 5028, "r_f_add": 5001, "r_t_add": 5029, "st_code": 61180, "l_hundred": 5000, "r_hundred": 5000, "seg_id": 721062, "oneway": "B", "class": 2, "responsibl": "FAM", "update_": "1998-10-22T00:00:00Z", "newsegdate": null, "multi_rep": 0, "streetlabe": "OGONTZ AVE", "stname": "OGONTZ AVE", "objectid": 28754, "Shape__Len": 137.46174666020534 }, "geometry": { "type": "MultiLineString", "coordinates": [ [ [ -75.153285143564744, 40.029964509281733 ], [ -75.15324278270424, 40.030115826094175 ], [ -75.153149688388993, 40.0303669619381 ], [ -75.153032790527377, 40.030591541691273 ], [ -75.152946392345697, 40.030726615600571 ], [ -75.152862360227218, 40.030848183547903 ] ] ] } },
{ "type": "Feature", "properties": { "fnode_": 9414, "tnode_": 9389, "lpoly_": null, "rpoly_": null, "length": 423.05690774, "stcl2_": null, "stcl2_id": null, "pre_dir": "W", "st_name": "ASHDALE", "st_type": "ST", "suf_dir": null, "zip_left": 19141, "zip_right": 19141, "l_f_add": 1800, "l_t_add": 1898, "r_f_add": 1801, "r_t_add": 1899, "st_code": 13540, "l_hundred": 1800, "r_hundred": 1800, "seg_id": 721074, "oneway": "FT", "class": 5, "responsibl": "CITY", "update_": "1998-08-28T00:00:00Z", "newsegdate": null, "multi_rep": 0, "streetlabe": "W ASHDALE ST", "stname": "W ASHDALE ST", "objectid": 28759, "Shape__Len": 168.22701950876419 }, "geometry": { "type": "MultiLineString", "coordinates": [ [ [ -75.152862360227218, 40.030848183547903 ], [ -75.153053683770281, 40.030937530832745 ], [ -75.153118486375263, 40.030961645008666 ], [ -75.153203868051307, 40.030980997657089 ], [ -75.153758450328866, 40.031057998223361 ], [ -75.153934942644, 40.031065472093751 ], [ -75.15402791714402, 40.031064089455583 ], [ -75.154150794140065, 40.031051186452622 ], [ -75.154311171333873, 40.03101134170921 ] ] ] } },
{ "type": "Feature", "properties": { "fnode_": 9320, "tnode_": 9292, "lpoly_": null, "rpoly_": null, "length": 287.86606333999998, "stcl2_": null, "stcl2_id": null, "pre_dir": null, "st_name": "LINDLEY", "st_type": "AVE", "suf_dir": null, "zip_left": 19141, "zip_right": 19141, "l_f_add": 1700, "l_t_add": 1798, "r_f_add": 1701, "r_t_add": 1799, "st_code": 50940, "l_hundred": 1700, "r_hundred": 1700, "seg_id": 721079, "oneway": "B", "class": 3, "responsibl": "CITY", "update_": "1998-08-28T00:00:00Z", "newsegdate": null, "multi_rep": 0, "streetlabe": "LINDLEY AVE", "stname": "LINDLEY AVE", "objectid": 28764, "Shape__Len": 114.44669868313765 }, "geometry": { "type": "MultiLineString", "coordinates": [ [ [ -75.151358848932233, 40.031264712190946 ], [ -75.152364246413882, 40.031395242756595 ] ] ] } },
{ "type": "Feature", "properties": { "fnode_": 9345, "tnode_": 9320, "lpoly_": null, "rpoly_": null, "length": 220.77951994, "stcl2_": null, "stcl2_id": null, "pre_dir": null, "st_name": "LINDLEY", "st_type": "AVE", "suf_dir": null, "zip_left": 19141, "zip_right": 19141, "l_f_add": 1614, "l_t_add": 1698, "r_f_add": 1615, "r_t_add": 1699, "st_code": 50940, "l_hundred": 1600, "r_hundred": 1600, "seg_id": 721080, "oneway": "B", "class": 3, "responsibl": "CITY", "update_": "1998-08-28T00:00:00Z", "newsegdate": null, "multi_rep": 0, "streetlabe": "LINDLEY AVE", "stname": "LINDLEY AVE", "objectid": 28765, "Shape__Len": 87.775896709776106 }, "geometry": { "type": "MultiLineString", "coordinates": [ [ [ -75.150582483760104, 40.031159179243403 ], [ -75.151358848932233, 40.031264712190946 ] ] ] } },
{ "type": "Feature", "properties": { "fnode_": 9362, "tnode_": 9345, "lpoly_": null, "rpoly_": null, "length": 226.09764465000001, "stcl2_": null, "stcl2_id": null, "pre_dir": null, "st_name": "LINDLEY", "st_type": "AVE", "suf_dir": null, "zip_left": 19141, "zip_right": 19141, "l_f_add": 1600, "l_t_add": 1612, "r_f_add": 1601, "r_t_add": 1613, "st_code": 50940, "l_hundred": 1600, "r_hundred": 1600, "seg_id": 721081, "oneway": "B", "class": 3, "responsibl": "CITY", "update_": "1998-08-28T00:00:00Z", "newsegdate": null, "multi_rep": 0, "streetlabe": "LINDLEY AVE", "stname": "LINDLEY AVE", "objectid": 28766, "Shape__Len": 89.888809515534561 }, "geometry": { "type": "MultiLineString", "coordinates": [ [ [ -75.149785932512998, 40.031057777363038 ], [ -75.150582483760104, 40.031159179243403 ] ] ] } },
{ "type": "Feature", "properties": { "fnode_": 9379, "tnode_": 9362, "lpoly_": null, "rpoly_": null, "length": 223.85961748, "stcl2_": null, "stcl2_id": null, "pre_dir": null, "st_name": "LINDLEY", "st_type": "AVE", "suf_dir": null, "zip_left": 19141, "zip_right": 19141, "l_f_add": 1514, "l_t_add": 1598, "r_f_add": 1523, "r_t_add": 1599, "st_code": 50940, "l_hundred": 1500, "r_hundred": 1500, "seg_id": 721082, "oneway": "B", "class": 3, "responsibl": "CITY", "update_": "1998-08-28T00:00:00Z", "newsegdate": null, "multi_rep": 0, "streetlabe": "LINDLEY AVE", "stname": "LINDLEY AVE", "objectid": 28767, "Shape__Len": 88.998692905731872 }, "geometry": { "type": "MultiLineString", "coordinates": [ [ [ -75.148997013080248, 40.030958565533219 ], [ -75.149785932512998, 40.031057777363038 ] ] ] } },
{ "type": "Feature", "properties": { "fnode_": 9396, "tnode_": 9379, "lpoly_": null, "rpoly_": null, "length": 223.85295669000001, "stcl2_": null, "stcl2_id": null, "pre_dir": null, "st_name": "LINDLEY", "st_type": "AVE", "suf_dir": null, "zip_left": 19141, "zip_right": 19141, "l_f_add": 1500, "l_t_add": 1512, "r_f_add": 1501, "r_t_add": 1521, "st_code": 50940, "l_hundred": 1500, "r_hundred": 1500, "seg_id": 721083, "oneway": "B", "class": 3, "responsibl": "CITY", "update_": "1998-08-28T00:00:00Z", "newsegdate": null, "multi_rep": 0, "streetlabe": "LINDLEY AVE", "stname": "LINDLEY AVE", "objectid": 28768, "Shape__Len": 88.995645005902219 }, "geometry": { "type": "MultiLineString", "coordinates": [ [ [ -75.148207807066143, 40.030860830223538 ], [ -75.148997013080248, 40.030958565533219 ] ] ] } },
{ "type": "Feature", "properties": { "fnode_": 9410, "tnode_": 9396, "lpoly_": null, "rpoly_": null, "length": 215.40585727000001, "stcl2_": null, "stcl2_id": null, "pre_dir": null, "st_name": "LINDLEY", "st_type": "AVE", "suf_dir": null, "zip_left": 19141, "zip_right": 19141, "l_f_add": 1418, "l_t_add": 1498, "r_f_add": 1419, "r_t_add": 1499, "st_code": 50940, "l_hundred": 1400, "r_hundred": 1400, "seg_id": 721084, "oneway": "B", "class": 3, "responsibl": "CITY", "update_": "1998-08-28T00:00:00Z", "newsegdate": null, "multi_rep": 0, "streetlabe": "LINDLEY AVE", "stname": "LINDLEY AVE", "objectid": 28769, "Shape__Len": 85.63933650173577 }, "geometry": { "type": "MultiLineString", "coordinates": [ [ [ -75.147450769140903, 40.030756029096494 ], [ -75.148207807066143, 40.030860830223538 ] ] ] } },
{ "type": "Feature", "properties": { "fnode_": 9482, "tnode_": 9320, "lpoly_": null, "rpoly_": null, "length": 279.58618516000001, "stcl2_": null, "stcl2_id": null, "pre_dir": "N", "st_name": "17TH", "st_type": "ST", "suf_dir": null, "zip_left": 19141, "zip_right": 19141, "l_f_add": 5034, "l_t_add": 5098, "r_f_add": 5035, "r_t_add": 5099, "st_code": 88110, "l_hundred": 5000, "r_hundred": 5000, "seg_id": 721086, "oneway": "FT", "class": 5, "responsibl": "CITY", "update_": "2004-01-26T00:00:00Z", "newsegdate": null, "multi_rep": 0, "streetlabe": "N 17TH ST", "stname": "N 17TH ST", "objectid": 28770, "Shape__Len": 111.56920989129674 }, "geometry": { "type": "MultiLineString", "coordinates": [ [ [ -75.151523296754974, 40.0305076974239 ], [ -75.151358848932233, 40.031264712190946 ] ] ] } },
{ "type": "Feature", "properties": { "fnode_": 9489, "tnode_": 9362, "lpoly_": null, "rpoly_": null, "length": 242.20673252, "stcl2_": null, "stcl2_id": null, "pre_dir": "N", "st_name": "16TH", "st_type": "ST", "suf_dir": null, "zip_left": 19141, "zip_right": 19141, "l_f_add": 5036, "l_t_add": 5098, "r_f_add": 5043, "r_t_add": 5099, "st_code": 88090, "l_hundred": 5000, "r_hundred": 5000, "seg_id": 721087, "oneway": "B", "class": 4, "responsibl": "CITY", "update_": "1998-08-28T00:00:00Z", "newsegdate": null, "multi_rep": 0, "streetlabe": "N 16TH ST", "stname": "N 16TH ST", "objectid": 28771, "Shape__Len": 96.652486052253508 }, "geometry": { "type": "MultiLineString", "coordinates": [ [ [ -75.149929679021042, 40.030402137878397 ], [ -75.149785932512998, 40.031057777363038 ] ] ] } },
{ "type": "Feature", "properties": { "fnode_": 9498, "tnode_": 9396, "lpoly_": null, "rpoly_": null, "length": 198.19936631, "stcl2_": null, "stcl2_id": null, "pre_dir": "N", "st_name": "15TH", "st_type": "ST", "suf_dir": null, "zip_left": 19141, "zip_right": 19141, "l_f_add": 5046, "l_t_add": 5098, "r_f_add": 5027, "r_t_add": 5099, "st_code": 88070, "l_hundred": 5000, "r_hundred": 5000, "seg_id": 721088, "oneway": "B", "class": 5, "responsibl": "CITY", "update_": "1998-08-28T00:00:00Z", "newsegdate": null, "multi_rep": 0, "streetlabe": "N 15TH ST", "stname": "N 15TH ST", "objectid": 28772, "Shape__Len": 79.090859199771401 }, "geometry": { "type": "MultiLineString", "coordinates": [ [ [ -75.148327801802338, 40.030324625855108 ], [ -75.148207807066143, 40.030860830223538 ] ] ] } },
{ "type": "Feature", "properties": { "fnode_": 9676, "tnode_": 9482, "lpoly_": null, "rpoly_": null, "length": 279.98844829000001, "stcl2_": null, "stcl2_id": null, "pre_dir": "N", "st_name": "17TH", "st_type": "ST", "suf_dir": null, "zip_left": 19141, "zip_right": 19141, "l_f_add": 5000, "l_t_add": 5032, "r_f_add": 5001, "r_t_add": 5033, "st_code": 88110, "l_hundred": 5000, "r_hundred": 5000, "seg_id": 721089, "oneway": "FT", "class": 5, "responsibl": "CITY", "update_": "2004-01-26T00:00:00Z", "newsegdate": null, "multi_rep": 0, "streetlabe": "N 17TH ST", "stname": "N 17TH ST", "objectid": 28773, "Shape__Len": 111.72845026480242 }, "geometry": { "type": "MultiLineString", "coordinates": [ [ [ -75.151684156725693, 40.029749640820057 ], [ -75.15168081064364, 40.029814355499212 ], [ -75.151523296754974, 40.0305076974239 ] ] ] } },
{ "type": "Feature", "properties": { "fnode_": 9718, "tnode_": 9489, "lpoly_": null, "rpoly_": null, "length": 314.32894638, "stcl2_": null, "stcl2_id": null, "pre_dir": "N", "st_name": "16TH", "st_type": "ST", "suf_dir": null, "zip_left": 19141, "zip_right": 19141, "l_f_add": 5000, "l_t_add": 5034, "r_f_add": 5001, "r_t_add": 5041, "st_code": 88090, "l_hundred": 5000, "r_hundred": 5000, "seg_id": 721090, "oneway": "B", "class": 4, "responsibl": "CITY", "update_": "1998-10-22T00:00:00Z", "newsegdate": null, "multi_rep": 0, "streetlabe": "N 16TH ST", "stname": "N 16TH ST", "objectid": 28774, "Shape__Len": 125.43035299834496 }, "geometry": { "type": "MultiLineString", "coordinates": [ [ [ -75.150123546837861, 40.029552235406882 ], [ -75.150106235633004, 40.029628931927157 ], [ -75.149929679021042, 40.030402137878397 ] ] ] } },
{ "type": "Feature", "properties": { "fnode_": 9746, "tnode_": 9498, "lpoly_": null, "rpoly_": null, "length": 370.86718645000002, "stcl2_": null, "stcl2_id": null, "pre_dir": "N", "st_name": "15TH", "st_type": "ST", "suf_dir": null, "zip_left": 19141, "zip_right": 19141, "l_f_add": 5000, "l_t_add": 5044, "r_f_add": 5001, "r_t_add": 5025, "st_code": 88070, "l_hundred": 5000, "r_hundred": 5000, "seg_id": 721091, "oneway": "B", "class": 5, "responsibl": "CITY", "update_": "1998-10-22T00:00:00Z", "newsegdate": null, "multi_rep": 0, "streetlabe": "N 15TH ST", "stname": "N 15TH ST", "objectid": 28775, "Shape__Len": 147.95263102447532 }, "geometry": { "type": "MultiLineString", "coordinates": [ [ [ -75.148644462070365, 40.029365672639422 ], [ -75.148562417867993, 40.02940133714521 ], [ -75.148519649228675, 40.029450529864825 ], [ -75.148327801802338, 40.030324625855108 ] ] ] } },
{ "type": "Feature", "properties": { "fnode_": 9891, "tnode_": 9718, "lpoly_": null, "rpoly_": null, "length": 335.45794767000001, "stcl2_": null, "stcl2_id": null, "pre_dir": "N", "st_name": "16TH", "st_type": "ST", "suf_dir": null, "zip_left": 19141, "zip_right": 19141, "l_f_add": 4900, "l_t_add": 4998, "r_f_add": 4901, "r_t_add": 4999, "st_code": 88090, "l_hundred": 4900, "r_hundred": 4900, "seg_id": 721093, "oneway": "B", "class": 4, "responsibl": "CITY", "update_": "1998-10-22T00:00:00Z", "newsegdate": null, "multi_rep": 0, "streetlabe": "N 16TH ST", "stname": "N 16TH ST", "objectid": 28776, "Shape__Len": 133.86071131308532 }, "geometry": { "type": "MultiLineString", "coordinates": [ [ [ -75.150325603802202, 40.028644558263785 ], [ -75.150123546837861, 40.029552235406882 ] ] ] } },
{ "type": "Feature", "properties": { "fnode_": 9823, "tnode_": 9917, "lpoly_": null, "rpoly_": null, "length": 317.16622314, "stcl2_": null, "stcl2_id": null, "pre_dir": null, "st_name": "WINDRIM", "st_type": "AVE", "suf_dir": null, "zip_left": 19141, "zip_right": 19141, "l_f_add": 1414, "l_t_add": 1498, "r_f_add": 1421, "r_t_add": 1499, "st_code": 83720, "l_hundred": 1400, "r_hundred": 1400, "seg_id": 721094, "oneway": "B", "class": 3, "responsibl": "FAM", "update_": "2002-06-04T00:00:00Z", "newsegdate": null, "multi_rep": 0, "streetlabe": "WINDRIM AVE", "stname": "WINDRIM AVE", "objectid": 28777, "Shape__Len": 126.2329610631604 }, "geometry": { "type": "MultiLineString", "coordinates": [ [ [ -75.147814734581559, 40.028972934567712 ], [ -75.148753544995046, 40.028485919140529 ] ] ] } },
{ "type": "Feature", "properties": { "fnode_": 9891, "tnode_": 9992, "lpoly_": null, "rpoly_": null, "length": 301.40357867, "stcl2_": null, "stcl2_id": null, "pre_dir": "W", "st_name": "ROCKLAND", "st_type": "ST", "suf_dir": null, "zip_left": 19141, "zip_right": 19141, "l_f_add": 1600, "l_t_add": 1618, "r_f_add": 1601, "r_t_add": 1619, "st_code": 69040, "l_hundred": 1600, "r_hundred": 1600, "seg_id": 721095, "oneway": "B", "class": 4, "responsibl": "CITY", "update_": "2005-11-21T00:00:00Z", "newsegdate": null, "multi_rep": 0, "streetlabe": "W ROCKLAND ST", "stname": "W ROCKLAND ST", "objectid": 28778, "Shape__Len": 119.95314701212237 }, "geometry": { "type": "MultiLineString", "coordinates": [ [ [ -75.150325603802202, 40.028644558263785 ], [ -75.150877470261818, 40.028356084997498 ], [ -75.151225422069203, 40.028190951237498 ] ] ] } },
{ "type": "Feature", "properties": { "fnode_": 9917, "tnode_": 10031, "lpoly_": null, "rpoly_": null, "length": 308.44689763000002, "stcl2_": null, "stcl2_id": null, "pre_dir": null, "st_name": "WINDRIM", "st_type": "AVE", "suf_dir": null, "zip_left": 19141, "zip_right": 19141, "l_f_add": 1500, "l_t_add": 1548, "r_f_add": 1501, "r_t_add": 1549, "st_code": 83720, "l_hundred": 1500, "r_hundred": 1500, "seg_id": 721096, "oneway": "B", "class": 3, "responsibl": "FAM", "update_": "1998-10-22T00:00:00Z", "newsegdate": null, "multi_rep": 0, "streetlabe": "WINDRIM AVE", "stname": "WINDRIM AVE", "objectid": 28779, "Shape__Len": 122.76393561476026 }, "geometry": { "type": "MultiLineString", "coordinates": [ [ [ -75.148753544995046, 40.028485919140529 ], [ -75.149663578489339, 40.028008936238201 ] ] ] } },
{ "type": "Feature", "properties": { "fnode_": 9694, "tnode_": 9676, "lpoly_": null, "rpoly_": null, "length": 221.14336586000005, "stcl2_": null, "stcl2_id": null, "pre_dir": "W", "st_name": "RUSCOMB", "st_type": "ST", "suf_dir": null, "zip_left": 19141, "zip_right": 19141, "l_f_add": 1616, "l_t_add": 1698, "r_f_add": 1617, "r_t_add": 1699, "st_code": 69880, "l_hundred": 1600, "r_hundred": 1600, "seg_id": 721097, "oneway": "B", "class": 5, "responsibl": "CITY", "update_": "1998-10-22T00:00:00Z", "newsegdate": null, "multi_rep": 0, "streetlabe": "W RUSCOMB ST", "stname": "W RUSCOMB ST", "objectid": 28780, "Shape__Len": 87.916571471433585 }, "geometry": { "type": "MultiLineString", "coordinates": [ [ [ -75.15090419909464, 40.029654619847278 ], [ -75.151684156725693, 40.029749640820057 ] ] ] } },
{ "type": "Feature", "properties": { "fnode_": 9718, "tnode_": 9694, "lpoly_": null, "rpoly_": null, "length": 221.77112753999998, "stcl2_": null, "stcl2_id": null, "pre_dir": "W", "st_name": "RUSCOMB", "st_type": "ST", "suf_dir": null, "zip_left": 19141, "zip_right": 19141, "l_f_add": 1600, "l_t_add": 1614, "r_f_add": 1601, "r_t_add": 1615, "st_code": 69880, "l_hundred": 1600, "r_hundred": 1600, "seg_id": 721098, "oneway": "B", "class": 5, "responsibl": "CITY", "update_": "1998-10-22T00:00:00Z", "newsegdate": null, "multi_rep": 0, "streetlabe": "W RUSCOMB ST", "stname": "W RUSCOMB ST", "objectid": 28781, "Shape__Len": 88.167333327153244 }, "geometry": { "type": "MultiLineString", "coordinates": [ [ [ -75.150123546837861, 40.029552235406882 ], [ -75.15090419909464, 40.029654619847278 ] ] ] } },
{ "type": "Feature", "properties": { "fnode_": 9732, "tnode_": 9718, "lpoly_": null, "rpoly_": null, "length": 221.74836032, "stcl2_": null, "stcl2_id": null, "pre_dir": "W", "st_name": "RUSCOMB", "st_type": "ST", "suf_dir": null, "zip_left": 19141, "zip_right": 19141, "l_f_add": 1516, "l_t_add": 1598, "r_f_add": 1517, "r_t_add": 1599, "st_code": 69880, "l_hundred": 1500, "r_hundred": 1500, "seg_id": 721099, "oneway": "B", "class": 5, "responsibl": "CITY", "update_": "1998-10-22T00:00:00Z", "newsegdate": null, "multi_rep": 0, "streetlabe": "W RUSCOMB ST", "stname": "W RUSCOMB ST", "objectid": 28782, "Shape__Len": 88.156151086519671 }, "geometry": { "type": "MultiLineString", "coordinates": [ [ [ -75.149340671447945, 40.029460849860264 ], [ -75.150123546837861, 40.029552235406882 ] ] ] } },
{ "type": "Feature", "properties": { "fnode_": 9746, "tnode_": 9732, "lpoly_": null, "rpoly_": null, "length": 198.02458062, "stcl2_": null, "stcl2_id": null, "pre_dir": "W", "st_name": "RUSCOMB", "st_type": "ST", "suf_dir": null, "zip_left": 19141, "zip_right": 19141, "l_f_add": 1500, "l_t_add": 1514, "r_f_add": 1501, "r_t_add": 1515, "st_code": 69880, "l_hundred": 1500, "r_hundred": 1500, "seg_id": 721100, "oneway": "B", "class": 5, "responsibl": "CITY", "update_": "1998-10-22T00:00:00Z", "newsegdate": null, "multi_rep": 0, "streetlabe": "W RUSCOMB ST", "stname": "W RUSCOMB ST", "objectid": 28783, "Shape__Len": 78.727174328259125 }, "geometry": { "type": "MultiLineString", "coordinates": [ [ [ -75.148644462070365, 40.029365672639422 ], [ -75.149340671447945, 40.029460849860264 ] ] ] } },
{ "type": "Feature", "properties": { "fnode_": 9485, "tnode_": 9345, "lpoly_": null, "rpoly_": null, "length": 264.12216119, "stcl2_": null, "stcl2_id": null, "pre_dir": "N", "st_name": "SMEDLEY", "st_type": "ST", "suf_dir": null, "zip_left": 19141, "zip_right": 19141, "l_f_add": 5032, "l_t_add": 5098, "r_f_add": 5033, "r_t_add": 5099, "st_code": 73080, "l_hundred": 5000, "r_hundred": 5000, "seg_id": 721102, "oneway": "FT", "class": 5, "responsibl": "CITY", "update_": "1998-08-28T00:00:00Z", "newsegdate": null, "multi_rep": 0, "streetlabe": "N SMEDLEY ST", "stname": "N SMEDLEY ST", "objectid": 28784, "Shape__Len": 105.3980814975997 }, "geometry": { "type": "MultiLineString", "coordinates": [ [ [ -75.150738252615469, 40.030444088855248 ], [ -75.150582483760104, 40.031159179243403 ] ] ] } },
{ "type": "Feature", "properties": { "fnode_": 9694, "tnode_": 9485, "lpoly_": null, "rpoly_": null, "length": 291.37943936, "stcl2_": null, "stcl2_id": null, "pre_dir": "N", "st_name": "SMEDLEY", "st_type": "ST", "suf_dir": null, "zip_left": 19141, "zip_right": 19141, "l_f_add": 5000, "l_t_add": 5030, "r_f_add": 5001, "r_t_add": 5031, "st_code": 73080, "l_hundred": 5000, "r_hundred": 5000, "seg_id": 721103, "oneway": "FT", "class": 5, "responsibl": "CITY", "update_": "1998-10-22T00:00:00Z", "newsegdate": null, "multi_rep": 0, "streetlabe": "N SMEDLEY ST", "stname": "N SMEDLEY ST", "objectid": 28785, "Shape__Len": 116.27449246378843 }, "geometry": { "type": "MultiLineString", "coordinates": [ [ [ -75.15090419909464, 40.029654619847278 ], [ -75.150896265575781, 40.02972004792435 ], [ -75.150738252615469, 40.030444088855248 ] ] ] } },
{ "type": "Feature", "properties": { "fnode_": 9501, "tnode_": 9379, "lpoly_": null, "rpoly_": null, "length": 220.87185598000002, "stcl2_": null, "stcl2_id": null, "pre_dir": "N", "st_name": "SYDENHAM", "st_type": "ST", "suf_dir": null, "zip_left": 19141, "zip_right": 19141, "l_f_add": 5044, "l_t_add": 5098, "r_f_add": 5045, "r_t_add": 5099, "st_code": 75860, "l_hundred": 5000, "r_hundred": 5000, "seg_id": 721107, "oneway": "TF", "class": 5, "responsibl": "CITY", "update_": "1998-08-28T00:00:00Z", "newsegdate": null, "multi_rep": 0, "streetlabe": "N SYDENHAM ST", "stname": "N SYDENHAM ST", "objectid": 28786, "Shape__Len": 88.138360914753335 }, "geometry": { "type": "MultiLineString", "coordinates": [ [ [ -75.149130554904986, 40.030360999768895 ], [ -75.148997013080248, 40.030958565533219 ] ] ] } },
{ "type": "Feature", "properties": { "fnode_": 9732, "tnode_": 9501, "lpoly_": null, "rpoly_": null, "length": 333.34780970999998, "stcl2_": null, "stcl2_id": null, "pre_dir": "N", "st_name": "SYDENHAM", "st_type": "ST", "suf_dir": null, "zip_left": 19141, "zip_right": 19141, "l_f_add": 5000, "l_t_add": 5042, "r_f_add": 5001, "r_t_add": 5043, "st_code": 75860, "l_hundred": 5000, "r_hundred": 5000, "seg_id": 721108, "oneway": "TF", "class": 5, "responsibl": "CITY", "update_": "1998-10-22T00:00:00Z", "newsegdate": null, "multi_rep": 0, "streetlabe": "N SYDENHAM ST", "stname": "N SYDENHAM ST", "objectid": 28787, "Shape__Len": 133.01825334689198 }, "geometry": { "type": "MultiLineString", "coordinates": [ [ [ -75.149340671447945, 40.029460849860264 ], [ -75.149317192861574, 40.029517242729654 ], [ -75.149130554904986, 40.030360999768895 ] ] ] } },
{ "type": "Feature", "properties": { "fnode_": 8822, "tnode_": 8808, "lpoly_": null, "rpoly_": null, "length": 216.68989621999998, "stcl2_": null, "stcl2_id": null, "pre_dir": "W", "st_name": "FISHER", "st_type": "AVE", "suf_dir": null, "zip_left": 19141, "zip_right": 19141, "l_f_add": 1422, "l_t_add": 1498, "r_f_add": 1423, "r_t_add": 1499, "st_code": 34140, "l_hundred": 1400, "r_hundred": 1400, "seg_id": 721109, "oneway": "B", "class": 4, "responsibl": "CITY", "update_": "1998-08-28T00:00:00Z", "newsegdate": null, "multi_rep": 0, "streetlabe": "W FISHER AVE", "stname": "W FISHER AVE", "objectid": 28788, "Shape__Len": 86.152553721245738 }, "geometry": { "type": "MultiLineString", "coordinates": [ [ [ -75.146771123609909, 40.033855010756476 ], [ -75.147534101760769, 40.03395430800883 ] ] ] } },
{ "type": "Feature", "properties": { "fnode_": 8808, "tnode_": 8802, "lpoly_": null, "rpoly_": null, "length": 226.46073799000001, "stcl2_": null, "stcl2_id": null, "pre_dir": "W", "st_name": "FISHER", "st_type": "AVE", "suf_dir": null, "zip_left": 19141, "zip_right": 19141, "l_f_add": 1500, "l_t_add": 1520, "r_f_add": 1501, "r_t_add": 1521, "st_code": 34140, "l_hundred": 1500, "r_hundred": 1500, "seg_id": 721111, "oneway": "B", "class": 4, "responsibl": "CITY", "update_": "1998-08-28T00:00:00Z", "newsegdate": null, "multi_rep": 0, "streetlabe": "W FISHER AVE", "stname": "W FISHER AVE", "objectid": 28789, "Shape__Len": 90.030963893107199 }, "geometry": { "type": "MultiLineString", "coordinates": [ [ [ -75.147534101760769, 40.03395430800883 ], [ -75.147881827078891, 40.033988949614233 ], [ -75.148012644544067, 40.033994311871432 ], [ -75.148146945890971, 40.033990159757344 ], [ -75.148338842680019, 40.033976787365177 ] ] ] } },
{ "type": "Feature", "properties": { "fnode_": 8802, "tnode_": 8799, "lpoly_": null, "rpoly_": null, "length": 55.19188703, "stcl2_": null, "stcl2_id": null, "pre_dir": "W", "st_name": "FISHER", "st_type": "AVE", "suf_dir": null, "zip_left": 19141, "zip_right": 19141, "l_f_add": 0, "l_t_add": 0, "r_f_add": 0, "r_t_add": 0, "st_code": 34140, "l_hundred": 0, "r_hundred": 0, "seg_id": 721112, "oneway": "B", "class": 4, "responsibl": "CITY", "update_": "1998-08-28T00:00:00Z", "newsegdate": null, "multi_rep": 0, "streetlabe": "W FISHER AVE", "stname": "W FISHER AVE", "objectid": 28790, "Shape__Len": 21.942196522285389 }, "geometry": { "type": "MultiLineString", "coordinates": [ [ [ -75.148338842680019, 40.033976787365177 ], [ -75.148534627475584, 40.033959315686396 ] ] ] } },
{ "type": "Feature", "properties": { "fnode_": 9068, "tnode_": 8848, "lpoly_": null, "rpoly_": null, "length": 430.56487307999998, "stcl2_": null, "stcl2_id": null, "pre_dir": "N", "st_name": "16TH", "st_type": "ST", "suf_dir": null, "zip_left": 19141, "zip_right": 19141, "l_f_add": 5200, "l_t_add": 5298, "r_f_add": 5201, "r_t_add": 5299, "st_code": 88090, "l_hundred": 5200, "r_hundred": 5200, "seg_id": 721117, "oneway": "B", "class": 4, "responsibl": "CITY", "update_": "1998-08-28T00:00:00Z", "newsegdate": null, "multi_rep": 0, "streetlabe": "N 16TH ST", "stname": "N 16TH ST", "objectid": 28794, "Shape__Len": 171.82319270601462 }, "geometry": { "type": "MultiLineString", "coordinates": [ [ [ -75.149444777933866, 40.032605059162854 ], [ -75.149191317874369, 40.033770841839328 ] ] ] } },
{ "type": "Feature", "properties": { "fnode_": 9094, "tnode_": 8808, "lpoly_": null, "rpoly_": null, "length": 572.82343631000003, "stcl2_": null, "stcl2_id": null, "pre_dir": "N", "st_name": "15TH", "st_type": "ST", "suf_dir": null, "zip_left": 19141, "zip_right": 19141, "l_f_add": 5200, "l_t_add": 5298, "r_f_add": 5201, "r_t_add": 5299, "st_code": 88070, "l_hundred": 5200, "r_hundred": 5200, "seg_id": 721118, "oneway": "B", "class": 4, "responsibl": "CITY", "update_": "1998-08-28T00:00:00Z", "newsegdate": null, "multi_rep": 0, "streetlabe": "N 15TH ST", "stname": "N 15TH ST", "objectid": 28795, "Shape__Len": 228.59342479075372 }, "geometry": { "type": "MultiLineString", "coordinates": [ [ [ -75.147871941193941, 40.032403432746534 ], [ -75.147534101760769, 40.03395430800883 ] ] ] } },
{ "type": "Feature", "properties": { "fnode_": 9113, "tnode_": 9094, "lpoly_": null, "rpoly_": null, "length": 215.70974548000001, "stcl2_": null, "stcl2_id": null, "pre_dir": "W", "st_name": "DUNCANNON", "st_type": "AVE", "suf_dir": null, "zip_left": 19141, "zip_right": 19141, "l_f_add": 1422, "l_t_add": 1498, "r_f_add": 1423, "r_t_add": 1499, "st_code": 29400, "l_hundred": 1400, "r_hundred": 1400, "seg_id": 721119, "oneway": "B", "class": 5, "responsibl": "CITY", "update_": "1998-08-28T00:00:00Z", "newsegdate": null, "multi_rep": 0, "streetlabe": "W DUNCANNON AVE", "stname": "W DUNCANNON AVE", "objectid": 28796, "Shape__Len": 85.760746889046786 }, "geometry": { "type": "MultiLineString", "coordinates": [ [ [ -75.147112252073583, 40.032305403034705 ], [ -75.147871941193941, 40.032403432746534 ] ] ] } },
{ "type": "Feature", "properties": { "fnode_": 9362, "tnode_": 9068, "lpoly_": null, "rpoly_": null, "length": 571.68709037999997, "stcl2_": null, "stcl2_id": null, "pre_dir": "N", "st_name": "16TH", "st_type": "ST", "suf_dir": null, "zip_left": 19141, "zip_right": 19141, "l_f_add": 5100, "l_t_add": 5198, "r_f_add": 5101, "r_t_add": 5199, "st_code": 88090, "l_hundred": 5100, "r_hundred": 5100, "seg_id": 721121, "oneway": "B", "class": 4, "responsibl": "CITY", "update_": "1998-08-28T00:00:00Z", "newsegdate": null, "multi_rep": 0, "streetlabe": "N 16TH ST", "stname": "N 16TH ST", "objectid": 28797, "Shape__Len": 228.13487352202617 }, "geometry": { "type": "MultiLineString", "coordinates": [ [ [ -75.149785932512998, 40.031057777363038 ], [ -75.149444777933866, 40.032605059162854 ] ] ] } },
{ "type": "Feature", "properties": { "fnode_": 9396, "tnode_": 9094, "lpoly_": null, "rpoly_": null, "length": 569.76024626000003, "stcl2_": null, "stcl2_id": null, "pre_dir": "N", "st_name": "15TH", "st_type": "ST", "suf_dir": null, "zip_left": 19141, "zip_right": 19141, "l_f_add": 5100, "l_t_add": 5198, "r_f_add": 5101, "r_t_add": 5199, "st_code": 88070, "l_hundred": 5100, "r_hundred": 5100, "seg_id": 721122, "oneway": "B", "class": 4, "responsibl": "CITY", "update_": "1998-08-28T00:00:00Z", "newsegdate": null, "multi_rep": 0, "streetlabe": "N 15TH ST", "stname": "N 15TH ST", "objectid": 28798, "Shape__Len": 227.36589687701465 }, "geometry": { "type": "MultiLineString", "coordinates": [ [ [ -75.148207807066143, 40.030860830223538 ], [ -75.147871941193941, 40.032403432746534 ] ] ] } },
{ "type": "Feature", "properties": { "fnode_": 9410, "tnode_": 9113, "lpoly_": null, "rpoly_": null, "length": 572.31578337999997, "stcl2_": null, "stcl2_id": null, "pre_dir": "N", "st_name": "CARLISLE", "st_type": "ST", "suf_dir": null, "zip_left": 19141, "zip_right": 19141, "l_f_add": 5100, "l_t_add": 5198, "r_f_add": 5101, "r_t_add": 5199, "st_code": 21400, "l_hundred": 5100, "r_hundred": 5100, "seg_id": 721123, "oneway": "TF", "class": 5, "responsibl": "CITY", "update_": "1998-08-28T00:00:00Z", "newsegdate": null, "multi_rep": 0, "streetlabe": "N CARLISLE ST", "stname": "N CARLISLE ST", "objectid": 28799, "Shape__Len": 228.38519288266315 }, "geometry": { "type": "MultiLineString", "coordinates": [ [ [ -75.147450769140903, 40.030756029096494 ], [ -75.147112252073583, 40.032305403034705 ] ] ] } },
{ "type": "Feature", "properties": { "fnode_": 9379, "tnode_": 9082, "lpoly_": null, "rpoly_": null, "length": 570.59046214, "stcl2_": null, "stcl2_id": null, "pre_dir": "N", "st_name": "SYDENHAM", "st_type": "ST", "suf_dir": null, "zip_left": 19141, "zip_right": 19141, "l_f_add": 5100, "l_t_add": 5198, "r_f_add": 5101, "r_t_add": 5199, "st_code": 75860, "l_hundred": 5100, "r_hundred": 5100, "seg_id": 721124, "oneway": "TF", "class": 5, "responsibl": "CITY", "update_": "1998-08-28T00:00:00Z", "newsegdate": null, "multi_rep": 0, "streetlabe": "N SYDENHAM ST", "stname": "N SYDENHAM ST", "objectid": 28800, "Shape__Len": 227.69755656190941 }, "geometry": { "type": "MultiLineString", "coordinates": [ [ [ -75.148997013080248, 40.030958565533219 ], [ -75.148660853743522, 40.032503441089176 ] ] ] } },
{ "type": "Feature", "properties": { "fnode_": 9082, "tnode_": 8802, "lpoly_": null, "rpoly_": null, "length": 544.23682812000004, "stcl2_": null, "stcl2_id": null, "pre_dir": "N", "st_name": "SYDENHAM", "st_type": "ST", "suf_dir": null, "zip_left": 19141, "zip_right": 19141, "l_f_add": 5200, "l_t_add": 5298, "r_f_add": 5201, "r_t_add": 5299, "st_code": 75860, "l_hundred": 5200, "r_hundred": 5200, "seg_id": 721125, "oneway": "TF", "class": 5, "responsibl": "CITY", "update_": "1998-08-28T00:00:00Z", "newsegdate": null, "multi_rep": 0, "streetlabe": "N SYDENHAM ST", "stname": "N SYDENHAM ST", "objectid": 28801, "Shape__Len": 217.18557264302342 }, "geometry": { "type": "MultiLineString", "coordinates": [ [ [ -75.148660853743522, 40.032503441089176 ], [ -75.148338842680019, 40.033976787365177 ] ] ] } },
{ "type": "Feature", "properties": { "fnode_": 8799, "tnode_": 8524, "lpoly_": null, "rpoly_": null, "length": 608.43429417000004, "stcl2_": null, "stcl2_id": null, "pre_dir": "N", "st_name": "SYDENHAM", "st_type": "ST", "suf_dir": null, "zip_left": 19141, "zip_right": 19141, "l_f_add": 5300, "l_t_add": 5398, "r_f_add": 5301, "r_t_add": 5399, "st_code": 75860, "l_hundred": 5300, "r_hundred": 5300, "seg_id": 721126, "oneway": "B", "class": 5, "responsibl": "CITY", "update_": "1998-08-28T00:00:00Z", "newsegdate": null, "multi_rep": 0, "streetlabe": "N SYDENHAM ST", "stname": "N SYDENHAM ST", "objectid": 28802, "Shape__Len": 242.81095728019986 }, "geometry": { "type": "MultiLineString", "coordinates": [ [ [ -75.148534627475584, 40.033959315686396 ], [ -75.148183063442318, 40.035599690418074 ] ] ] } },
{ "type": "Feature", "properties": { "fnode_": 9113, "tnode_": 8822, "lpoly_": null, "rpoly_": null, "length": 572.5210066, "stcl2_": null, "stcl2_id": null, "pre_dir": "N", "st_name": "CARLISLE", "st_type": "ST", "suf_dir": null, "zip_left": 19141, "zip_right": 19141, "l_f_add": 5200, "l_t_add": 5298, "r_f_add": 5201, "r_t_add": 5299, "st_code": 21400, "l_hundred": 5200, "r_hundred": 5200, "seg_id": 721634, "oneway": "FT", "class": 5, "responsibl": "CITY", "update_": "1998-08-28T00:00:00Z", "newsegdate": null, "multi_rep": 0, "streetlabe": "N CARLISLE ST", "stname": "N CARLISLE ST", "objectid": 29288, "Shape__Len": 228.4719008768825 }, "geometry": { "type": "MultiLineString", "coordinates": [ [ [ -75.147112252073583, 40.032305403034705 ], [ -75.146771123609909, 40.033855010756476 ] ] ] } },
{ "type": "Feature", "properties": { "fnode_": 9485, "tnode_": 9482, "lpoly_": null, "rpoly_": null, "length": 221.07421997999998, "stcl2_": null, "stcl2_id": null, "pre_dir": "W", "st_name": "FISHERS", "st_type": "LN", "suf_dir": null, "zip_left": 19141, "zip_right": 19141, "l_f_add": 1618, "l_t_add": 1698, "r_f_add": 1619, "r_t_add": 1699, "st_code": 34200, "l_hundred": 1600, "r_hundred": 1600, "seg_id": 721673, "oneway": "B", "class": 5, "responsibl": "PRIVATE", "update_": "2003-10-10T00:00:00Z", "newsegdate": null, "multi_rep": 0, "streetlabe": "W FISHERS LN", "stname": "W FISHERS LN", "objectid": 29327, "Shape__Len": 87.885432349086585 }, "geometry": { "type": "MultiLineString", "coordinates": [ [ [ -75.150738252615469, 40.030444088855248 ], [ -75.151096621545264, 40.030469359848922 ], [ -75.151523296754974, 40.0305076974239 ] ] ] } },
{ "type": "Feature", "properties": { "fnode_": 9489, "tnode_": 9485, "lpoly_": null, "rpoly_": null, "length": 226.94380537000001, "stcl2_": null, "stcl2_id": null, "pre_dir": "W", "st_name": "FISHERS", "st_type": "LN", "suf_dir": null, "zip_left": 19141, "zip_right": 19141, "l_f_add": 1600, "l_t_add": 1616, "r_f_add": 1601, "r_t_add": 1617, "st_code": 34200, "l_hundred": 1600, "r_hundred": 1600, "seg_id": 721674, "oneway": "B", "class": 5, "responsibl": "PRIVATE", "update_": "2003-10-10T00:00:00Z", "newsegdate": null, "multi_rep": 0, "streetlabe": "W FISHERS LN", "stname": "W FISHERS LN", "objectid": 29328, "Shape__Len": 90.216390242555846 }, "geometry": { "type": "MultiLineString", "coordinates": [ [ [ -75.149929679021042, 40.030402137878397 ], [ -75.150738252615469, 40.030444088855248 ] ] ] } },
{ "type": "Feature", "properties": { "fnode_": 9498, "tnode_": 9501, "lpoly_": null, "rpoly_": null, "length": 225.18918593000001, "stcl2_": null, "stcl2_id": null, "pre_dir": "W", "st_name": "FISHERS", "st_type": "LN", "suf_dir": null, "zip_left": 19141, "zip_right": 19141, "l_f_add": 1500, "l_t_add": 1512, "r_f_add": 1501, "r_t_add": 1513, "st_code": 34200, "l_hundred": 1500, "r_hundred": 1500, "seg_id": 721675, "oneway": "B", "class": 5, "responsibl": "PRIVATE", "update_": "2003-10-10T00:00:00Z", "newsegdate": null, "multi_rep": 0, "streetlabe": "W FISHERS LN", "stname": "W FISHERS LN", "objectid": 29329, "Shape__Len": 89.518395000456977 }, "geometry": { "type": "MultiLineString", "coordinates": [ [ [ -75.148327801802338, 40.030324625855108 ], [ -75.149130554904986, 40.030360999768895 ] ] ] } },
{ "type": "Feature", "properties": { "fnode_": 9501, "tnode_": 9489, "lpoly_": null, "rpoly_": null, "length": 224.28385702000003, "stcl2_": null, "stcl2_id": null, "pre_dir": "W", "st_name": "FISHERS", "st_type": "LN", "suf_dir": null, "zip_left": 19141, "zip_right": 19141, "l_f_add": 1514, "l_t_add": 1598, "r_f_add": 1515, "r_t_add": 1599, "st_code": 34200, "l_hundred": 1500, "r_hundred": 1500, "seg_id": 721676, "oneway": "B", "class": 5, "responsibl": "PRIVATE", "update_": "2003-10-10T00:00:00Z", "newsegdate": null, "multi_rep": 0, "streetlabe": "W FISHERS LN", "stname": "W FISHERS LN", "objectid": 29330, "Shape__Len": 89.158908521960825 }, "geometry": { "type": "MultiLineString", "coordinates": [ [ [ -75.149130554904986, 40.030360999768895 ], [ -75.149929679021042, 40.030402137878397 ] ] ] } },
{ "type": "Feature", "properties": { "fnode_": 8799, "tnode_": 8848, "lpoly_": null, "rpoly_": null, "length": 197.05950639000002, "stcl2_": null, "stcl2_id": null, "pre_dir": "W", "st_name": "FISHER", "st_type": "AVE", "suf_dir": null, "zip_left": 19141, "zip_right": 19141, "l_f_add": 1522, "l_t_add": 1598, "r_f_add": 1523, "r_t_add": 1599, "st_code": 34140, "l_hundred": 1500, "r_hundred": 1500, "seg_id": 721956, "oneway": "B", "class": 4, "responsibl": "CITY", "update_": "1998-08-28T00:00:00Z", "newsegdate": null, "multi_rep": 0, "streetlabe": "W FISHER AVE", "stname": "W FISHER AVE", "objectid": 29465, "Shape__Len": 78.378862388164166 }, "geometry": { "type": "MultiLineString", "coordinates": [ [ [ -75.148534627475584, 40.033959315686396 ], [ -75.148807074763155, 40.033902015081622 ], [ -75.149079172119016, 40.033819425144038 ], [ -75.149191317874369, 40.033770841839328 ] ] ] } },
{ "type": "Feature", "properties": { "fnode_": 9082, "tnode_": 9068, "lpoly_": null, "rpoly_": null, "length": 222.62200164000001, "stcl2_": null, "stcl2_id": null, "pre_dir": "W", "st_name": "DUNCANNON", "st_type": "AVE", "suf_dir": null, "zip_left": 19141, "zip_right": 19141, "l_f_add": 1522, "l_t_add": 1598, "r_f_add": 1523, "r_t_add": 1599, "st_code": 29400, "l_hundred": 1500, "r_hundred": 1500, "seg_id": 721959, "oneway": "B", "class": 5, "responsibl": "CITY", "update_": "1998-08-28T00:00:00Z", "newsegdate": null, "multi_rep": 0, "streetlabe": "W DUNCANNON AVE", "stname": "W DUNCANNON AVE", "objectid": 29466, "Shape__Len": 88.509240806588366 }, "geometry": { "type": "MultiLineString", "coordinates": [ [ [ -75.148660853743522, 40.032503441089176 ], [ -75.149109242746235, 40.032559820205918 ], [ -75.149444777933866, 40.032605059162854 ] ] ] } },
{ "type": "Feature", "properties": { "fnode_": 9094, "tnode_": 9082, "lpoly_": null, "rpoly_": null, "length": 223.90074136000001, "stcl2_": null, "stcl2_id": null, "pre_dir": "W", "st_name": "DUNCANNON", "st_type": "AVE", "suf_dir": null, "zip_left": 19141, "zip_right": 19141, "l_f_add": 1500, "l_t_add": 1520, "r_f_add": 1501, "r_t_add": 1521, "st_code": 29400, "l_hundred": 1500, "r_hundred": 1500, "seg_id": 721961, "oneway": "B", "class": 5, "responsibl": "CITY", "update_": "1998-08-28T00:00:00Z", "newsegdate": null, "multi_rep": 0, "streetlabe": "W DUNCANNON AVE", "stname": "W DUNCANNON AVE", "objectid": 29467, "Shape__Len": 89.017083131663668 }, "geometry": { "type": "MultiLineString", "coordinates": [ [ [ -75.147871941193941, 40.032403432746534 ], [ -75.148325558131987, 40.032460201903632 ], [ -75.148660853743522, 40.032503441089176 ] ] ] } },
{ "type": "Feature", "properties": { "fnode_": 8822, "tnode_": 8555, "lpoly_": null, "rpoly_": null, "length": 565.78058397999996, "stcl2_": null, "stcl2_id": null, "pre_dir": "N", "st_name": "CARLISLE", "st_type": "ST", "suf_dir": null, "zip_left": 19141, "zip_right": 19141, "l_f_add": 5300, "l_t_add": 5398, "r_f_add": 5301, "r_t_add": 5399, "st_code": 21400, "l_hundred": 5300, "r_hundred": 5300, "seg_id": 721965, "oneway": "B", "class": 5, "responsibl": "CITY", "update_": "1998-08-28T00:00:00Z", "newsegdate": null, "multi_rep": 0, "streetlabe": "N CARLISLE ST", "stname": "N CARLISLE ST", "objectid": 29468, "Shape__Len": 225.7879827181896 }, "geometry": { "type": "MultiLineString", "coordinates": [ [ [ -75.146771123609909, 40.033855010756476 ], [ -75.146708724048153, 40.03416614098294 ], [ -75.146519013117043, 40.035030702481372 ], [ -75.146441744666376, 40.035379472965801 ] ] ] } },
{ "type": "Feature", "properties": { "fnode_": 8808, "tnode_": 8544, "lpoly_": null, "rpoly_": null, "length": 564.0360712, "stcl2_": null, "stcl2_id": null, "pre_dir": "N", "st_name": "15TH", "st_type": "ST", "suf_dir": null, "zip_left": 19141, "zip_right": 19141, "l_f_add": 5300, "l_t_add": 5398, "r_f_add": 5301, "r_t_add": 5399, "st_code": 88070, "l_hundred": 5300, "r_hundred": 5300, "seg_id": 721969, "oneway": "B", "class": 4, "responsibl": "CITY", "update_": "1998-08-28T00:00:00Z", "newsegdate": null, "multi_rep": 0, "streetlabe": "N 15TH ST", "stname": "N 15TH ST", "objectid": 29469, "Shape__Len": 225.09166260784417 }, "geometry": { "type": "MultiLineString", "coordinates": [ [ [ -75.147534101760769, 40.03395430800883 ], [ -75.14746421485934, 40.034270101975331 ], [ -75.147278693168005, 40.035125986217778 ], [ -75.147202424325428, 40.03547366237391 ] ] ] } },
{ "type": "Feature", "properties": { "fnode_": 9266, "tnode_": 9371, "lpoly_": null, "rpoly_": null, "length": 245.73234035, "stcl2_": null, "stcl2_id": null, "pre_dir": null, "st_name": "WAGNER", "st_type": "AVE", "suf_dir": null, "zip_left": 19141, "zip_right": 19141, "l_f_add": 1344, "l_t_add": 1398, "r_f_add": 1345, "r_t_add": 1399, "st_code": 80880, "l_hundred": 1300, "r_hundred": 1300, "seg_id": 740068, "oneway": "B", "class": 4, "responsibl": "CITY", "update_": "1998-11-10T00:00:00Z", "newsegdate": null, "multi_rep": 0, "streetlabe": "WAGNER AVE", "stname": "WAGNER AVE", "objectid": 29616, "Shape__Len": 97.796346758073497 }, "geometry": { "type": "MultiLineString", "coordinates": [ [ [ -75.146517658006516, 40.030876640744374 ], [ -75.146521627280904, 40.030874774907041 ] ] ] } },
{ "type": "Feature", "properties": { "fnode_": 9579, "tnode_": 9711, "lpoly_": null, "rpoly_": null, "length": 288.36020645000002, "stcl2_": null, "stcl2_id": null, "pre_dir": null, "st_name": "WINDRIM", "st_type": "AVE", "suf_dir": null, "zip_left": 19141, "zip_right": 19141, "l_f_add": 1336, "l_t_add": 1348, "r_f_add": 1325, "r_t_add": 1349, "st_code": 83720, "l_hundred": 1300, "r_hundred": 1300, "seg_id": 740069, "oneway": "B", "class": 4, "responsibl": "FAM", "update_": "1998-11-10T00:00:00Z", "newsegdate": null, "multi_rep": 0, "streetlabe": "WINDRIM AVE", "stname": "WINDRIM AVE", "objectid": 29617, "Shape__Len": 114.77272795167684 }, "geometry": { "type": "MultiLineString", "coordinates": [ [ [ -75.146849121437327, 40.029492669352045 ], [ -75.146852776793864, 40.029490885140426 ] ] ] } },
{ "type": "Feature", "properties": { "fnode_": 9495, "tnode_": 9437, "lpoly_": null, "rpoly_": null, "length": 220.24226692, "stcl2_": null, "stcl2_id": null, "pre_dir": null, "st_name": "LINDLEY", "st_type": "AVE", "suf_dir": null, "zip_left": 19141, "zip_right": 19141, "l_f_add": 1334, "l_t_add": 1398, "r_f_add": 1329, "r_t_add": 1399, "st_code": 50940, "l_hundred": 1300, "r_hundred": 1300, "seg_id": 740077, "oneway": "B", "class": 3, "responsibl": "CITY", "update_": "1998-11-10T00:00:00Z", "newsegdate": null, "multi_rep": 0, "streetlabe": "LINDLEY AVE", "stname": "LINDLEY AVE", "objectid": 29625, "Shape__Len": 87.683631138071476 }, "geometry": { "type": "MultiLineString", "coordinates": [ [ [ -75.146574734879152, 40.030644625806573 ], [ -75.146578011420772, 40.030646612128315 ] ] ] } },
{ "type": "Feature", "properties": { "fnode_": 8844, "tnode_": 8837, "lpoly_": null, "rpoly_": null, "length": 143.65653025, "stcl2_": null, "stcl2_id": null, "pre_dir": "W", "st_name": "FISHER", "st_type": "AVE", "suf_dir": null, "zip_left": 19141, "zip_right": 19141, "l_f_add": 1300, "l_t_add": 1398, "r_f_add": 1301, "r_t_add": 1399, "st_code": 34140, "l_hundred": 1300, "r_hundred": 1300, "seg_id": 740087, "oneway": "B", "class": 4, "responsibl": "CITY", "update_": "1998-11-10T00:00:00Z", "newsegdate": null, "multi_rep": 0, "streetlabe": "W FISHER AVE", "stname": "W FISHER AVE", "objectid": 29635, "Shape__Len": 57.118844619578681 }, "geometry": { "type": "MultiLineString", "coordinates": [ [ [ -75.145896865522175, 40.033736718192252 ], [ -75.145900359952265, 40.03373711919815 ] ] ] } },
{ "type": "Feature", "properties": { "fnode_": 9133, "tnode_": 9134, "lpoly_": null, "rpoly_": null, "length": 159.56504936, "stcl2_": null, "stcl2_id": null, "pre_dir": "W", "st_name": "DUNCANNON", "st_type": "AVE", "suf_dir": null, "zip_left": 19141, "zip_right": 19141, "l_f_add": 1300, "l_t_add": 1398, "r_f_add": 1301, "r_t_add": 1399, "st_code": 29400, "l_hundred": 1300, "r_hundred": 1300, "seg_id": 740088, "oneway": "B", "class": 5, "responsibl": "CITY", "update_": "1998-11-10T00:00:00Z", "newsegdate": null, "multi_rep": 0, "streetlabe": "W DUNCANNON AVE", "stname": "W DUNCANNON AVE", "objectid": 29636, "Shape__Len": 63.438163149867052 }, "geometry": { "type": "MultiLineString", "coordinates": [ [ [ -75.146226395724227, 40.03219444629179 ], [ -75.14622979773705, 40.032194889219099 ] ] ] } },
{ "type": "Feature", "properties": { "fnode_": 8837, "tnode_": 8565, "lpoly_": null, "rpoly_": null, "length": 567.09227174, "stcl2_": null, "stcl2_id": null, "pre_dir": "N", "st_name": "BROAD", "st_type": "ST", "suf_dir": null, "zip_left": 19141, "zip_right": 19141, "l_f_add": 5300, "l_t_add": 5398, "r_f_add": 5301, "r_t_add": 5399, "st_code": 19140, "l_hundred": 5300, "r_hundred": 5300, "seg_id": 741277, "oneway": "B", "class": 2, "responsibl": "STATE", "update_": "1998-08-28T00:00:00Z", "newsegdate": null, "multi_rep": 0, "streetlabe": "N BROAD ST", "stname": "N BROAD ST", "objectid": 30780, "Shape__Len": 226.30925099247966 }, "geometry": { "type": "MultiLineString", "coordinates": [ [ [ -75.145900359952265, 40.03373711919815 ], [ -75.145557719723243, 40.035263560154924 ] ] ] } },
{ "type": "Feature", "properties": { "fnode_": 9134, "tnode_": 8837, "lpoly_": null, "rpoly_": null, "length": 569.33169417, "stcl2_": null, "stcl2_id": null, "pre_dir": "N", "st_name": "BROAD", "st_type": "ST", "suf_dir": null, "zip_left": 19141, "zip_right": 19141, "l_f_add": 5200, "l_t_add": 5298, "r_f_add": 5201, "r_t_add": 5299, "st_code": 19140, "l_hundred": 5200, "r_hundred": 5200, "seg_id": 741278, "oneway": "B", "class": 2, "responsibl": "STATE", "update_": "1998-08-28T00:00:00Z", "newsegdate": null, "multi_rep": 0, "streetlabe": "N BROAD ST", "stname": "N BROAD ST", "objectid": 30781, "Shape__Len": 227.20019875665437 }, "geometry": { "type": "MultiLineString", "coordinates": [ [ [ -75.14622979773705, 40.032194889219099 ], [ -75.145900359952265, 40.03373711919815 ] ] ] } },
{ "type": "Feature", "properties": { "fnode_": 9371, "tnode_": 9134, "lpoly_": null, "rpoly_": null, "length": 487.78939776000004, "stcl2_": null, "stcl2_id": null, "pre_dir": "N", "st_name": "BROAD", "st_type": "ST", "suf_dir": null, "zip_left": 19141, "zip_right": 19141, "l_f_add": 5104, "l_t_add": 5198, "r_f_add": 5109, "r_t_add": 5199, "st_code": 19140, "l_hundred": 5100, "r_hundred": 5100, "seg_id": 741279, "oneway": "B", "class": 2, "responsibl": "STATE", "update_": "1998-08-28T00:00:00Z", "newsegdate": null, "multi_rep": 0, "streetlabe": "N BROAD ST", "stname": "N BROAD ST", "objectid": 30782, "Shape__Len": 194.6540854558541 }, "geometry": { "type": "MultiLineString", "coordinates": [ [ [ -75.146521627280904, 40.030874774907041 ], [ -75.14622979773705, 40.032194889219099 ] ] ] } },
{ "type": "Feature", "properties": { "fnode_": 9437, "tnode_": 9371, "lpoly_": null, "rpoly_": null, "length": 84.60227375, "stcl2_": null, "stcl2_id": null, "pre_dir": "N", "st_name": "BROAD", "st_type": "ST", "suf_dir": null, "zip_left": 19141, "zip_right": 19141, "l_f_add": 5100, "l_t_add": 5102, "r_f_add": 5101, "r_t_add": 5107, "st_code": 19140, "l_hundred": 5100, "r_hundred": 5100, "seg_id": 741282, "oneway": "B", "class": 2, "responsibl": "STATE", "update_": "1998-08-28T00:00:00Z", "newsegdate": null, "multi_rep": 0, "streetlabe": "N BROAD ST", "stname": "N BROAD ST", "objectid": 30785, "Shape__Len": 33.75955752168408 }, "geometry": { "type": "MultiLineString", "coordinates": [ [ [ -75.146578011420772, 40.030646612128315 ], [ -75.146521627280904, 40.030874774907041 ] ] ] } },
{ "type": "Feature", "properties": { "fnode_": 9521, "tnode_": 9437, "lpoly_": null, "rpoly_": null, "length": 152.52628009, "stcl2_": null, "stcl2_id": null, "pre_dir": "N", "st_name": "BROAD", "st_type": "ST", "suf_dir": null, "zip_left": 19141, "zip_right": 19141, "l_f_add": 5030, "l_t_add": 5098, "r_f_add": 5033, "r_t_add": 5099, "st_code": 19140, "l_hundred": 5000, "r_hundred": 5000, "seg_id": 741287, "oneway": "B", "class": 2, "responsibl": "STATE", "update_": "1998-08-28T00:00:00Z", "newsegdate": null, "multi_rep": 0, "streetlabe": "N BROAD ST", "stname": "N BROAD ST", "objectid": 30790, "Shape__Len": 60.862684662263646 }, "geometry": { "type": "MultiLineString", "coordinates": [ [ [ -75.146684879898032, 40.030236047985966 ], [ -75.146578011420772, 40.030646612128315 ] ] ] } },
{ "type": "Feature", "properties": { "fnode_": 9711, "tnode_": 9521, "lpoly_": null, "rpoly_": null, "length": 275.5094439, "stcl2_": null, "stcl2_id": null, "pre_dir": "N", "st_name": "BROAD", "st_type": "ST", "suf_dir": null, "zip_left": 19141, "zip_right": 19141, "l_f_add": 5002, "l_t_add": 5028, "r_f_add": 5011, "r_t_add": 5031, "st_code": 19140, "l_hundred": 5000, "r_hundred": 5000, "seg_id": 741289, "oneway": "B", "class": 2, "responsibl": "STATE", "update_": "1998-10-22T00:00:00Z", "newsegdate": null, "multi_rep": 0, "streetlabe": "N BROAD ST", "stname": "N BROAD ST", "objectid": 30792, "Shape__Len": 109.93982320358194 }, "geometry": { "type": "MultiLineString", "coordinates": [ [ [ -75.146852776793864, 40.029490885140426 ], [ -75.146829626034091, 40.029612045733366 ], [ -75.146684879898032, 40.030236047985966 ] ] ] } },
{ "type": "Feature", "properties": { "fnode_": 9789, "tnode_": 9711, "lpoly_": null, "rpoly_": null, "length": 124.23528022000001, "stcl2_": null, "stcl2_id": null, "pre_dir": "N", "st_name": "BROAD", "st_type": "ST", "suf_dir": null, "zip_left": 19141, "zip_right": 19141, "l_f_add": 5000, "l_t_add": 5000, "r_f_add": 5001, "r_t_add": 5009, "st_code": 19140, "l_hundred": 5000, "r_hundred": 5000, "seg_id": 741290, "oneway": "B", "class": 2, "responsibl": "STATE", "update_": "1998-10-22T00:00:00Z", "newsegdate": null, "multi_rep": 0, "streetlabe": "N BROAD ST", "stname": "N BROAD ST", "objectid": 30793, "Shape__Len": 49.576523614422101 }, "geometry": { "type": "MultiLineString", "coordinates": [ [ [ -75.146915293773063, 40.02915324775568 ], [ -75.146852776793864, 40.029490885140426 ] ] ] } },
{ "type": "Feature", "properties": { "fnode_": 8837, "tnode_": 8822, "lpoly_": null, "rpoly_": null, "length": 247.5850749, "stcl2_": null, "stcl2_id": null, "pre_dir": "W", "st_name": "FISHER", "st_type": "AVE", "suf_dir": null, "zip_left": 19141, "zip_right": 19141, "l_f_add": 1400, "l_t_add": 1420, "r_f_add": 1401, "r_t_add": 1421, "st_code": 34140, "l_hundred": 1400, "r_hundred": 1400, "seg_id": 741576, "oneway": "B", "class": 4, "responsibl": "CITY", "update_": "1998-08-28T00:00:00Z", "newsegdate": null, "multi_rep": 0, "streetlabe": "W FISHER AVE", "stname": "W FISHER AVE", "objectid": 31034, "Shape__Len": 98.436707535366821 }, "geometry": { "type": "MultiLineString", "coordinates": [ [ [ -75.145900359952265, 40.03373711919815 ], [ -75.146771123609909, 40.033855010756476 ] ] ] } },
{ "type": "Feature", "properties": { "fnode_": 9134, "tnode_": 9113, "lpoly_": null, "rpoly_": null, "length": 250.36909003, "stcl2_": null, "stcl2_id": null, "pre_dir": "W", "st_name": "DUNCANNON", "st_type": "AVE", "suf_dir": null, "zip_left": 19141, "zip_right": 19141, "l_f_add": 1400, "l_t_add": 1420, "r_f_add": 1401, "r_t_add": 1421, "st_code": 29400, "l_hundred": 1400, "r_hundred": 1400, "seg_id": 741577, "oneway": "B", "class": 5, "responsibl": "CITY", "update_": "1998-08-28T00:00:00Z", "newsegdate": null, "multi_rep": 0, "streetlabe": "W DUNCANNON AVE", "stname": "W DUNCANNON AVE", "objectid": 31035, "Shape__Len": 99.539662904632451 }, "geometry": { "type": "MultiLineString", "coordinates": [ [ [ -75.14622979773705, 40.032194889219099 ], [ -75.147112252073583, 40.032305403034705 ] ] ] } },
{ "type": "Feature", "properties": { "fnode_": 9437, "tnode_": 9410, "lpoly_": null, "rpoly_": null, "length": 247.63036462, "stcl2_": null, "stcl2_id": null, "pre_dir": null, "st_name": "LINDLEY", "st_type": "AVE", "suf_dir": null, "zip_left": 19141, "zip_right": 19141, "l_f_add": 1400, "l_t_add": 1416, "r_f_add": 1401, "r_t_add": 1417, "st_code": 50940, "l_hundred": 1400, "r_hundred": 1400, "seg_id": 741578, "oneway": "B", "class": 3, "responsibl": "CITY", "update_": "1998-08-28T00:00:00Z", "newsegdate": null, "multi_rep": 0, "streetlabe": "LINDLEY AVE", "stname": "LINDLEY AVE", "objectid": 31036, "Shape__Len": 98.448598210674476 }, "geometry": { "type": "MultiLineString", "coordinates": [ [ [ -75.146578011420772, 40.030646612128315 ], [ -75.147450769140903, 40.030756029096494 ] ] ] } },
{ "type": "Feature", "properties": { "fnode_": 9521, "tnode_": 9498, "lpoly_": null, "rpoly_": null, "length": 461.32665992, "stcl2_": null, "stcl2_id": null, "pre_dir": "W", "st_name": "FISHERS", "st_type": "LN", "suf_dir": null, "zip_left": 19141, "zip_right": 19141, "l_f_add": 1400, "l_t_add": 1498, "r_f_add": 1401, "r_t_add": 1499, "st_code": 34200, "l_hundred": 1400, "r_hundred": 1400, "seg_id": 741579, "oneway": "B", "class": 5, "responsibl": "PRIVATE", "update_": "2003-10-10T00:00:00Z", "newsegdate": null, "multi_rep": 0, "streetlabe": "W FISHERS LN", "stname": "W FISHERS LN", "objectid": 31037, "Shape__Len": 183.39027724482924 }, "geometry": { "type": "MultiLineString", "coordinates": [ [ [ -75.146684879898032, 40.030236047985966 ], [ -75.147460701406601, 40.030292356449905 ], [ -75.148327801802338, 40.030324625855108 ] ] ] } },
{ "type": "Feature", "properties": { "fnode_": 9796, "tnode_": 9789, "lpoly_": null, "rpoly_": null, "length": 216.43144723, "stcl2_": null, "stcl2_id": null, "pre_dir": "W", "st_name": "RUSCOMB", "st_type": "ST", "suf_dir": null, "zip_left": 19141, "zip_right": 19141, "l_f_add": 1338, "l_t_add": 1398, "r_f_add": 1333, "r_t_add": 1399, "st_code": 69880, "l_hundred": 1300, "r_hundred": 1300, "seg_id": 742446, "oneway": "B", "class": 4, "responsibl": "CITY", "update_": "1998-12-31T00:00:00Z", "newsegdate": null, "multi_rep": 0, "streetlabe": "W RUSCOMB ST", "stname": "W RUSCOMB ST", "objectid": 31394, "Shape__Len": 86.043918694696558 }, "geometry": { "type": "MultiLineString", "coordinates": [ [ [ -75.146912104849207, 40.029152828118768 ], [ -75.146915293773063, 40.02915324775568 ] ] ] } },
{ "type": "Feature", "properties": { "fnode_": 9789, "tnode_": 28724, "lpoly_": null, "rpoly_": null, "length": 138.43075309, "stcl2_": null, "stcl2_id": null, "pre_dir": "W", "st_name": "RUSCOMB", "st_type": "ST", "suf_dir": null, "zip_left": 19141, "zip_right": 19141, "l_f_add": 1400, "l_t_add": 1498, "r_f_add": 1401, "r_t_add": 1499, "st_code": 69880, "l_hundred": 1400, "r_hundred": 1400, "seg_id": 742835, "oneway": "B", "class": 5, "responsibl": "CITY", "update_": "2003-07-30T00:00:00Z", "newsegdate": "2003-07-30T00:00:00Z", "multi_rep": 0, "streetlabe": "W RUSCOMB ST", "stname": "W RUSCOMB ST", "objectid": 31482, "Shape__Len": 55.032984100579043 }, "geometry": { "type": "MultiLineString", "coordinates": [ [ [ -75.146915293773063, 40.02915324775568 ], [ -75.147403965230524, 40.02921055702425 ] ] ] } },
{ "type": "Feature", "properties": { "fnode_": 9711, "tnode_": 28724, "lpoly_": null, "rpoly_": null, "length": 185.09241104, "stcl2_": null, "stcl2_id": null, "pre_dir": null, "st_name": "WINDRIM", "st_type": "AVE", "suf_dir": null, "zip_left": 19141, "zip_right": 19141, "l_f_add": 1400, "l_t_add": 1410, "r_f_add": 1401, "r_t_add": 1411, "st_code": 83720, "l_hundred": 1400, "r_hundred": 1400, "seg_id": 742836, "oneway": "B", "class": 3, "responsibl": "FAM", "update_": "2003-07-30T00:00:00Z", "newsegdate": "2003-07-30T00:00:00Z", "multi_rep": 0, "streetlabe": "WINDRIM AVE", "stname": "WINDRIM AVE", "objectid": 31483, "Shape__Len": 73.665482386158217 }, "geometry": { "type": "MultiLineString", "coordinates": [ [ [ -75.146852776793864, 40.029490885140426 ], [ -75.147381085227195, 40.029223792573035 ], [ -75.147403965230524, 40.02921055702425 ] ] ] } },
{ "type": "Feature", "properties": { "fnode_": 28724, "tnode_": 9823, "lpoly_": null, "rpoly_": null, "length": 143.96281940999998, "stcl2_": null, "stcl2_id": null, "pre_dir": null, "st_name": "WINDRIM", "st_type": "AVE", "suf_dir": null, "zip_left": 19141, "zip_right": 19141, "l_f_add": 1412, "l_t_add": 1412, "r_f_add": 1413, "r_t_add": 1419, "st_code": 83720, "l_hundred": 1400, "r_hundred": 1400, "seg_id": 742837, "oneway": "B", "class": 3, "responsibl": "FAM", "update_": "2003-07-30T00:00:00Z", "newsegdate": "2003-07-30T00:00:00Z", "multi_rep": 0, "streetlabe": "WINDRIM AVE", "stname": "WINDRIM AVE", "objectid": 31484, "Shape__Len": 57.308880266304826 }, "geometry": { "type": "MultiLineString", "coordinates": [ [ [ -75.147403965230524, 40.02921055702425 ], [ -75.147814734581559, 40.028972934567712 ] ] ] } },
{ "type": "Feature", "properties": { "fnode_": 10500, "tnode_": 10672, "lpoly_": null, "rpoly_": null, "length": 610.8486826000001, "stcl2_": null, "stcl2_id": null, "pre_dir": null, "st_name": "WINDRIM", "st_type": "AVE", "suf_dir": null, "zip_left": 19141, "zip_right": 19141, "l_f_add": 1800, "l_t_add": 1898, "r_f_add": 1801, "r_t_add": 1899, "st_code": 83720, "l_hundred": 1800, "r_hundred": 1800, "seg_id": 620513, "oneway": "B", "class": 3, "responsibl": "FAM", "update_": "1998-10-22T00:00:00Z", "newsegdate": null, "multi_rep": 0, "streetlabe": "WINDRIM AVE", "stname": "WINDRIM AVE", "objectid": 22601, "Shape__Len": 243.1104397606139 }, "geometry": { "type": "MultiLineString", "coordinates": [ [ [ -75.154248536753443, 40.02564369400995 ], [ -75.156051304681881, 40.024699773386288 ] ] ] } },
{ "type": "Feature", "properties": { "fnode_": 10986, "tnode_": 11060, "lpoly_": null, "rpoly_": null, "length": 212.04731603000002, "stcl2_": null, "stcl2_id": null, "pre_dir": null, "st_name": "WINDRIM", "st_type": "AVE", "suf_dir": null, "zip_left": 19144, "zip_right": 19144, "l_f_add": 2020, "l_t_add": 2098, "r_f_add": 2021, "r_t_add": 2099, "st_code": 83720, "l_hundred": 2000, "r_hundred": 2000, "seg_id": 620514, "oneway": "B", "class": 3, "responsibl": "FAM", "update_": "1998-10-22T00:00:00Z", "newsegdate": null, "multi_rep": 0, "streetlabe": "WINDRIM AVE", "stname": "WINDRIM AVE", "objectid": 22602, "Shape__Len": 84.490352567805459 }, "geometry": { "type": "MultiLineString", "coordinates": [ [ [ -75.159037829235757, 40.022809979082787 ], [ -75.159504018030105, 40.022351313421566 ] ] ] } },
{ "type": "Feature", "properties": { "fnode_": 10849, "tnode_": 10986, "lpoly_": null, "rpoly_": null, "length": 456.50123586000001, "stcl2_": null, "stcl2_id": null, "pre_dir": null, "st_name": "WINDRIM", "st_type": "AVE", "suf_dir": null, "zip_left": 19141, "zip_right": 19141, "l_f_add": 2000, "l_t_add": 2018, "r_f_add": 2001, "r_t_add": 2019, "st_code": 83720, "l_hundred": 2000, "r_hundred": 2000, "seg_id": 620515, "oneway": "B", "class": 3, "responsibl": "FAM", "update_": "1998-10-22T00:00:00Z", "newsegdate": null, "multi_rep": 0, "streetlabe": "WINDRIM AVE", "stname": "WINDRIM AVE", "objectid": 22603, "Shape__Len": 181.82209311612726 }, "geometry": { "type": "MultiLineString", "coordinates": [ [ [ -75.15790766560238, 40.023712991819174 ], [ -75.159037829235757, 40.022809979082787 ] ] ] } },
{ "type": "Feature", "properties": { "fnode_": 10672, "tnode_": 10773, "lpoly_": null, "rpoly_": null, "length": 370.43303721000001, "stcl2_": null, "stcl2_id": null, "pre_dir": null, "st_name": "WINDRIM", "st_type": "AVE", "suf_dir": null, "zip_left": 19141, "zip_right": 19141, "l_f_add": 1900, "l_t_add": 1956, "r_f_add": 1901, "r_t_add": 1957, "st_code": 83720, "l_hundred": 1900, "r_hundred": 1900, "seg_id": 620516, "oneway": "B", "class": 3, "responsibl": "FAM", "update_": "1998-10-22T00:00:00Z", "newsegdate": null, "multi_rep": 0, "streetlabe": "WINDRIM AVE", "stname": "WINDRIM AVE", "objectid": 22604, "Shape__Len": 147.41831386920859 }, "geometry": { "type": "MultiLineString", "coordinates": [ [ [ -75.156051304681881, 40.024699773386288 ], [ -75.156966961803491, 40.024230449338823 ], [ -75.157155379929193, 40.024139908689072 ] ] ] } },
{ "type": "Feature", "properties": { "fnode_": 10773, "tnode_": 10849, "lpoly_": null, "rpoly_": null, "length": 262.0036189, "stcl2_": null, "stcl2_id": null, "pre_dir": null, "st_name": "WINDRIM", "st_type": "AVE", "suf_dir": null, "zip_left": 19141, "zip_right": 19141, "l_f_add": 1958, "l_t_add": 1998, "r_f_add": 1959, "r_t_add": 1999, "st_code": 83720, "l_hundred": 1900, "r_hundred": 1900, "seg_id": 620517, "oneway": "B", "class": 3, "responsibl": "FAM", "update_": "1998-10-22T00:00:00Z", "newsegdate": null, "multi_rep": 0, "streetlabe": "WINDRIM AVE", "stname": "WINDRIM AVE", "objectid": 22605, "Shape__Len": 104.28727761750658 }, "geometry": { "type": "MultiLineString", "coordinates": [ [ [ -75.157155379929193, 40.024139908689072 ], [ -75.157243972750265, 40.02409733658628 ], [ -75.157830840210266, 40.023762164182713 ], [ -75.15790766560238, 40.023712991819174 ] ] ] } },
{ "type": "Feature", "properties": { "fnode_": 27710, "tnode_": 11002, "lpoly_": null, "rpoly_": null, "length": 210.57556874, "stcl2_": null, "stcl2_id": null, "pre_dir": "W", "st_name": "WINGOHOCKING", "st_type": "ST", "suf_dir": null, "zip_left": 19140, "zip_right": 19140, "l_f_add": 1938, "l_t_add": 1998, "r_f_add": 1937, "r_t_add": 1999, "st_code": 83820, "l_hundred": 1900, "r_hundred": 1900, "seg_id": 620533, "oneway": "TF", "class": 4, "responsibl": "CITY", "update_": "1998-10-22T00:00:00Z", "newsegdate": null, "multi_rep": 0, "streetlabe": "W WINGOHOCKING ST", "stname": "W WINGOHOCKING ST", "objectid": 22620, "Shape__Len": 83.706105368166149 }, "geometry": { "type": "MultiLineString", "coordinates": [ [ [ -75.157367869932088, 40.022623728584989 ], [ -75.15811107250785, 40.022711279596393 ] ] ] } },
{ "type": "Feature", "properties": { "fnode_": 11020, "tnode_": 11011, "lpoly_": null, "rpoly_": null, "length": 225.66866891000001, "stcl2_": null, "stcl2_id": null, "pre_dir": "W", "st_name": "WINGOHOCKING", "st_type": "ST", "suf_dir": null, "zip_left": 19140, "zip_right": 19140, "l_f_add": 1900, "l_t_add": 1934, "r_f_add": 1901, "r_t_add": 1933, "st_code": 83820, "l_hundred": 1900, "r_hundred": 1900, "seg_id": 620534, "oneway": "TF", "class": 4, "responsibl": "CITY", "update_": "1998-10-22T00:00:00Z", "newsegdate": null, "multi_rep": 0, "streetlabe": "W WINGOHOCKING ST", "stname": "W WINGOHOCKING ST", "objectid": 22621, "Shape__Len": 89.707991074295023 }, "geometry": { "type": "MultiLineString", "coordinates": [ [ [ -75.156512984121406, 40.022510026681246 ], [ -75.157306753473677, 40.022616528158615 ] ] ] } },
{ "type": "Feature", "properties": { "fnode_": 11029, "tnode_": 11020, "lpoly_": null, "rpoly_": null, "length": 155.94719768000004, "stcl2_": null, "stcl2_id": null, "pre_dir": "W", "st_name": "WINGOHOCKING", "st_type": "ST", "suf_dir": null, "zip_left": 19140, "zip_right": 19140, "l_f_add": 1828, "l_t_add": 1898, "r_f_add": 1829, "r_t_add": 1899, "st_code": 83820, "l_hundred": 1800, "r_hundred": 1800, "seg_id": 620535, "oneway": "TF", "class": 4, "responsibl": "CITY", "update_": "1998-10-22T00:00:00Z", "newsegdate": null, "multi_rep": 0, "streetlabe": "W WINGOHOCKING ST", "stname": "W WINGOHOCKING ST", "objectid": 22622, "Shape__Len": 61.991153106413805 }, "geometry": { "type": "MultiLineString", "coordinates": [ [ [ -75.155963278018802, 40.022441814907161 ], [ -75.156512984121406, 40.022510026681246 ] ] ] } },
{ "type": "Feature", "properties": { "fnode_": 11049, "tnode_": 11040, "lpoly_": null, "rpoly_": null, "length": 157.74988681, "stcl2_": null, "stcl2_id": null, "pre_dir": "W", "st_name": "WINGOHOCKING", "st_type": "ST", "suf_dir": null, "zip_left": 19140, "zip_right": 19140, "l_f_add": 1800, "l_t_add": 1814, "r_f_add": 1801, "r_t_add": 1815, "st_code": 83820, "l_hundred": 1800, "r_hundred": 1800, "seg_id": 620536, "oneway": "TF", "class": 4, "responsibl": "CITY", "update_": "1998-10-22T00:00:00Z", "newsegdate": null, "multi_rep": 0, "streetlabe": "W WINGOHOCKING ST", "stname": "W WINGOHOCKING ST", "objectid": 22623, "Shape__Len": 62.70839428537581 }, "geometry": { "type": "MultiLineString", "coordinates": [ [ [ -75.15493161835964, 40.022299371211808 ], [ -75.155486784496475, 40.022372499339475 ] ] ] } },
{ "type": "Feature", "properties": { "fnode_": 11056, "tnode_": 11049, "lpoly_": null, "rpoly_": null, "length": 153.58544454, "stcl2_": null, "stcl2_id": null, "pre_dir": "W", "st_name": "WINGOHOCKING", "st_type": "ST", "suf_dir": null, "zip_left": 19140, "zip_right": 19140, "l_f_add": 1728, "l_t_add": 1798, "r_f_add": 1731, "r_t_add": 1799, "st_code": 83820, "l_hundred": 1700, "r_hundred": 1700, "seg_id": 620537, "oneway": "TF", "class": 4, "responsibl": "CITY", "update_": "1998-10-22T00:00:00Z", "newsegdate": null, "multi_rep": 0, "streetlabe": "W WINGOHOCKING ST", "stname": "W WINGOHOCKING ST", "objectid": 22624, "Shape__Len": 61.051229855004863 }, "geometry": { "type": "MultiLineString", "coordinates": [ [ [ -75.154389197472682, 40.022237356885 ], [ -75.15493161835964, 40.022299371211808 ] ] ] } },
{ "type": "Feature", "properties": { "fnode_": 27711, "tnode_": 11056, "lpoly_": null, "rpoly_": null, "length": 136.51013081, "stcl2_": null, "stcl2_id": null, "pre_dir": "W", "st_name": "WINGOHOCKING", "st_type": "ST", "suf_dir": null, "zip_left": 19140, "zip_right": 19140, "l_f_add": 1710, "l_t_add": 1726, "r_f_add": 1717, "r_t_add": 1729, "st_code": 83820, "l_hundred": 1700, "r_hundred": 1700, "seg_id": 620538, "oneway": "TF", "class": 4, "responsibl": "CITY", "update_": "1998-10-22T00:00:00Z", "newsegdate": null, "multi_rep": 0, "streetlabe": "W WINGOHOCKING ST", "stname": "W WINGOHOCKING ST", "objectid": 22625, "Shape__Len": 54.265245421427615 }, "geometry": { "type": "MultiLineString", "coordinates": [ [ [ -75.153908939079855, 40.022173369223175 ], [ -75.154389197472682, 40.022237356885 ] ] ] } },
{ "type": "Feature", "properties": { "fnode_": 11070, "tnode_": 11062, "lpoly_": null, "rpoly_": null, "length": 139.21194463, "stcl2_": null, "stcl2_id": null, "pre_dir": "W", "st_name": "WINGOHOCKING", "st_type": "ST", "suf_dir": null, "zip_left": 19140, "zip_right": 19140, "l_f_add": 1700, "l_t_add": 1706, "r_f_add": 1701, "r_t_add": 1713, "st_code": 83820, "l_hundred": 1700, "r_hundred": 1700, "seg_id": 620539, "oneway": "TF", "class": 4, "responsibl": "CITY", "update_": "1998-10-22T00:00:00Z", "newsegdate": null, "multi_rep": 0, "streetlabe": "W WINGOHOCKING ST", "stname": "W WINGOHOCKING ST", "objectid": 22626, "Shape__Len": 55.339779944124473 }, "geometry": { "type": "MultiLineString", "coordinates": [ [ [ -75.153360416447427, 40.022097324664813 ], [ -75.153849517244979, 40.02216545200055 ] ] ] } },
{ "type": "Feature", "properties": { "fnode_": 11078, "tnode_": 11070, "lpoly_": null, "rpoly_": null, "length": 145.84048603, "stcl2_": null, "stcl2_id": null, "pre_dir": "W", "st_name": "WINGOHOCKING", "st_type": "ST", "suf_dir": null, "zip_left": 19140, "zip_right": 19140, "l_f_add": 1628, "l_t_add": 1698, "r_f_add": 1629, "r_t_add": 1699, "st_code": 83820, "l_hundred": 1600, "r_hundred": 1600, "seg_id": 620540, "oneway": "TF", "class": 4, "responsibl": "CITY", "update_": "1998-10-22T00:00:00Z", "newsegdate": null, "multi_rep": 0, "streetlabe": "W WINGOHOCKING ST", "stname": "W WINGOHOCKING ST", "objectid": 22627, "Shape__Len": 57.972682737434816 }, "geometry": { "type": "MultiLineString", "coordinates": [ [ [ -75.152845690813564, 40.022036702306309 ], [ -75.153360416447427, 40.022097324664813 ] ] ] } },
{ "type": "Feature", "properties": { "fnode_": 11088, "tnode_": 11078, "lpoly_": null, "rpoly_": null, "length": 73.69707606, "stcl2_": null, "stcl2_id": null, "pre_dir": "W", "st_name": "WINGOHOCKING", "st_type": "ST", "suf_dir": null, "zip_left": 19140, "zip_right": 19140, "l_f_add": 1620, "l_t_add": 1626, "r_f_add": 1621, "r_t_add": 1627, "st_code": 83820, "l_hundred": 1600, "r_hundred": 1600, "seg_id": 620541, "oneway": "TF", "class": 4, "responsibl": "CITY", "update_": "1998-10-22T00:00:00Z", "newsegdate": null, "multi_rep": 0, "streetlabe": "W WINGOHOCKING ST", "stname": "W WINGOHOCKING ST", "objectid": 22628, "Shape__Len": 29.29574366744194 }, "geometry": { "type": "MultiLineString", "coordinates": [ [ [ -75.152586305551509, 40.022002654389979 ], [ -75.152845690813564, 40.022036702306309 ] ] ] } },
{ "type": "Feature", "properties": { "fnode_": 11090, "tnode_": 11088, "lpoly_": null, "rpoly_": null, "length": 66.20114959, "stcl2_": null, "stcl2_id": null, "pre_dir": "W", "st_name": "WINGOHOCKING", "st_type": "ST", "suf_dir": null, "zip_left": 19140, "zip_right": 19140, "l_f_add": 1614, "l_t_add": 1618, "r_f_add": 1615, "r_t_add": 1619, "st_code": 83820, "l_hundred": 1600, "r_hundred": 1600, "seg_id": 620542, "oneway": "TF", "class": 4, "responsibl": "CITY", "update_": "1998-10-22T00:00:00Z", "newsegdate": null, "multi_rep": 0, "streetlabe": "W WINGOHOCKING ST", "stname": "W WINGOHOCKING ST", "objectid": 22629, "Shape__Len": 26.316231131694412 }, "geometry": { "type": "MultiLineString", "coordinates": [ [ [ -75.152353589381377, 40.021970807577816 ], [ -75.152586305551509, 40.022002654389979 ] ] ] } },
{ "type": "Feature", "properties": { "fnode_": 11097, "tnode_": 11090, "lpoly_": null, "rpoly_": null, "length": 159.10216222, "stcl2_": null, "stcl2_id": null, "pre_dir": "W", "st_name": "WINGOHOCKING", "st_type": "ST", "suf_dir": null, "zip_left": 19140, "zip_right": 19140, "l_f_add": 1600, "l_t_add": 1612, "r_f_add": 1601, "r_t_add": 1613, "st_code": 83820, "l_hundred": 1600, "r_hundred": 1600, "seg_id": 620543, "oneway": "TF", "class": 4, "responsibl": "CITY", "update_": "1998-10-22T00:00:00Z", "newsegdate": null, "multi_rep": 0, "streetlabe": "W WINGOHOCKING ST", "stname": "W WINGOHOCKING ST", "objectid": 22630, "Shape__Len": 63.24437512013165 }, "geometry": { "type": "MultiLineString", "coordinates": [ [ [ -75.151792286601463, 40.021903542304976 ], [ -75.152353589381377, 40.021970807577816 ] ] ] } },
{ "type": "Feature", "properties": { "fnode_": 11102, "tnode_": 11097, "lpoly_": null, "rpoly_": null, "length": 156.95672835000002, "stcl2_": null, "stcl2_id": null, "pre_dir": "W", "st_name": "WINGOHOCKING", "st_type": "ST", "suf_dir": null, "zip_left": 19140, "zip_right": 19140, "l_f_add": 1534, "l_t_add": 1598, "r_f_add": 1527, "r_t_add": 1599, "st_code": 83820, "l_hundred": 1500, "r_hundred": 1500, "seg_id": 620544, "oneway": "TF", "class": 4, "responsibl": "CITY", "update_": "1998-10-22T00:00:00Z", "newsegdate": null, "multi_rep": 0, "streetlabe": "W WINGOHOCKING ST", "stname": "W WINGOHOCKING ST", "objectid": 22631, "Shape__Len": 62.392073339374988 }, "geometry": { "type": "MultiLineString", "coordinates": [ [ [ -75.15123922891371, 40.021833933502514 ], [ -75.151792286601463, 40.021903542304976 ] ] ] } },
{ "type": "Feature", "properties": { "fnode_": 11110, "tnode_": 11102, "lpoly_": null, "rpoly_": null, "length": 131.72319077999998, "stcl2_": null, "stcl2_id": null, "pre_dir": "W", "st_name": "WINGOHOCKING", "st_type": "ST", "suf_dir": null, "zip_left": 19140, "zip_right": 19140, "l_f_add": 1516, "l_t_add": 1532, "r_f_add": 1515, "r_t_add": 1525, "st_code": 83820, "l_hundred": 1500, "r_hundred": 1500, "seg_id": 620545, "oneway": "TF", "class": 4, "responsibl": "CITY", "update_": "1998-10-22T00:00:00Z", "newsegdate": null, "multi_rep": 0, "streetlabe": "W WINGOHOCKING ST", "stname": "W WINGOHOCKING ST", "objectid": 22632, "Shape__Len": 52.361923198497117 }, "geometry": { "type": "MultiLineString", "coordinates": [ [ [ -75.150775679551941, 40.021772790350639 ], [ -75.15123922891371, 40.021833933502514 ] ] ] } },
{ "type": "Feature", "properties": { "fnode_": 11122, "tnode_": 11110, "lpoly_": null, "rpoly_": null, "length": 160.06941666, "stcl2_": null, "stcl2_id": null, "pre_dir": "W", "st_name": "WINGOHOCKING", "st_type": "ST", "suf_dir": null, "zip_left": 19140, "zip_right": 19140, "l_f_add": 1500, "l_t_add": 1514, "r_f_add": 1501, "r_t_add": 1513, "st_code": 83820, "l_hundred": 1500, "r_hundred": 1500, "seg_id": 620546, "oneway": "TF", "class": 4, "responsibl": "CITY", "update_": "1998-10-22T00:00:00Z", "newsegdate": null, "multi_rep": 0, "streetlabe": "W WINGOHOCKING ST", "stname": "W WINGOHOCKING ST", "objectid": 22633, "Shape__Len": 63.629300849016509 }, "geometry": { "type": "MultiLineString", "coordinates": [ [ [ -75.15021168020543, 40.021701682778541 ], [ -75.150775679551941, 40.021772790350639 ] ] ] } },
{ "type": "Feature", "properties": { "fnode_": 11133, "tnode_": 11122, "lpoly_": null, "rpoly_": null, "length": 216.3602632, "stcl2_": null, "stcl2_id": null, "pre_dir": "W", "st_name": "WINGOHOCKING", "st_type": "ST", "suf_dir": null, "zip_left": 19140, "zip_right": 19140, "l_f_add": 1426, "l_t_add": 1498, "r_f_add": 1427, "r_t_add": 1499, "st_code": 83820, "l_hundred": 1400, "r_hundred": 1400, "seg_id": 620547, "oneway": "TF", "class": 4, "responsibl": "CITY", "update_": "1998-10-22T00:00:00Z", "newsegdate": null, "multi_rep": 0, "streetlabe": "W WINGOHOCKING ST", "stname": "W WINGOHOCKING ST", "objectid": 22634, "Shape__Len": 86.006073871212905 }, "geometry": { "type": "MultiLineString", "coordinates": [ [ [ -75.149450112360171, 40.021602028506841 ], [ -75.15021168020543, 40.021701682778541 ] ] ] } },
{ "type": "Feature", "properties": { "fnode_": 11002, "tnode_": 10986, "lpoly_": null, "rpoly_": null, "length": 262.03182191999997, "stcl2_": null, "stcl2_id": null, "pre_dir": "W", "st_name": "WINGOHOCKING", "st_type": "ST", "suf_dir": null, "zip_left": 19140, "zip_right": 19140, "l_f_add": 2000, "l_t_add": 2098, "r_f_add": 2001, "r_t_add": 2099, "st_code": 83820, "l_hundred": 2000, "r_hundred": 2000, "seg_id": 620549, "oneway": "TF", "class": 4, "responsibl": "CITY", "update_": "1998-10-22T00:00:00Z", "newsegdate": null, "multi_rep": 0, "streetlabe": "W WINGOHOCKING ST", "stname": "W WINGOHOCKING ST", "objectid": 22635, "Shape__Len": 104.15897925672216 }, "geometry": { "type": "MultiLineString", "coordinates": [ [ [ -75.15811107250785, 40.022711279596393 ], [ -75.159037829235757, 40.022809979082787 ] ] ] } },
{ "type": "Feature", "properties": { "fnode_": 11040, "tnode_": 11035, "lpoly_": null, "rpoly_": null, "length": 65.10093187, "stcl2_": null, "stcl2_id": null, "pre_dir": "W", "st_name": "WINGOHOCKING", "st_type": "ST", "suf_dir": null, "zip_left": 19140, "zip_right": 19140, "l_f_add": 1816, "l_t_add": 1818, "r_f_add": 1817, "r_t_add": 1819, "st_code": 83820, "l_hundred": 1800, "r_hundred": 1800, "seg_id": 620550, "oneway": "TF", "class": 4, "responsibl": "CITY", "update_": "1998-10-22T00:00:00Z", "newsegdate": null, "multi_rep": 0, "streetlabe": "W WINGOHOCKING ST", "stname": "W WINGOHOCKING ST", "objectid": 22636, "Shape__Len": 25.880397882915226 }, "geometry": { "type": "MultiLineString", "coordinates": [ [ [ -75.155486784496475, 40.022372499339475 ], [ -75.155714050075304, 40.022410021851798 ] ] ] } },
{ "type": "Feature", "properties": { "fnode_": 11035, "tnode_": 11029, "lpoly_": null, "rpoly_": null, "length": 70.75501986, "stcl2_": null, "stcl2_id": null, "pre_dir": "W", "st_name": "WINGOHOCKING", "st_type": "ST", "suf_dir": null, "zip_left": 19140, "zip_right": 19140, "l_f_add": 1820, "l_t_add": 1826, "r_f_add": 1821, "r_t_add": 1827, "st_code": 83820, "l_hundred": 1800, "r_hundred": 1800, "seg_id": 620551, "oneway": "TF", "class": 4, "responsibl": "CITY", "update_": "1998-10-22T00:00:00Z", "newsegdate": null, "multi_rep": 0, "streetlabe": "W WINGOHOCKING ST", "stname": "W WINGOHOCKING ST", "objectid": 22637, "Shape__Len": 28.126227960165281 }, "geometry": { "type": "MultiLineString", "coordinates": [ [ [ -75.155714050075304, 40.022410021851798 ], [ -75.155963278018802, 40.022441814907161 ] ] ] } },
{ "type": "Feature", "properties": { "fnode_": 10797, "tnode_": 10788, "lpoly_": null, "rpoly_": null, "length": 222.81221166, "stcl2_": null, "stcl2_id": null, "pre_dir": "W", "st_name": "COURTLAND", "st_type": "ST", "suf_dir": null, "zip_left": 19140, "zip_right": 19140, "l_f_add": 1818, "l_t_add": 1898, "r_f_add": 1819, "r_t_add": 1899, "st_code": 25420, "l_hundred": 1800, "r_hundred": 1800, "seg_id": 620552, "oneway": "FT", "class": 4, "responsibl": "CITY", "update_": "1998-10-22T00:00:00Z", "newsegdate": null, "multi_rep": 0, "streetlabe": "W COURTLAND ST", "stname": "W COURTLAND ST", "objectid": 22638, "Shape__Len": 88.573443042584415 }, "geometry": { "type": "MultiLineString", "coordinates": [ [ [ -75.155399754661175, 40.023897184432563 ], [ -75.156184473503913, 40.023997921462943 ] ] ] } },
{ "type": "Feature", "properties": { "fnode_": 10814, "tnode_": 10797, "lpoly_": null, "rpoly_": null, "length": 222.7433286, "stcl2_": null, "stcl2_id": null, "pre_dir": "W", "st_name": "COURTLAND", "st_type": "ST", "suf_dir": null, "zip_left": 19140, "zip_right": 19140, "l_f_add": 1800, "l_t_add": 1816, "r_f_add": 1801, "r_t_add": 1817, "st_code": 25420, "l_hundred": 1800, "r_hundred": 1800, "seg_id": 620553, "oneway": "FT", "class": 4, "responsibl": "CITY", "update_": "1998-10-22T00:00:00Z", "newsegdate": null, "multi_rep": 0, "streetlabe": "W COURTLAND ST", "stname": "W COURTLAND ST", "objectid": 22639, "Shape__Len": 88.543540610443586 }, "geometry": { "type": "MultiLineString", "coordinates": [ [ [ -75.154612527344781, 40.023810092467514 ], [ -75.155399754661175, 40.023897184432563 ] ] ] } },
{ "type": "Feature", "properties": { "fnode_": 10822, "tnode_": 10814, "lpoly_": null, "rpoly_": null, "length": 158.3446494, "stcl2_": null, "stcl2_id": null, "pre_dir": "W", "st_name": "COURTLAND", "st_type": "ST", "suf_dir": null, "zip_left": 19140, "zip_right": 19140, "l_f_add": 1732, "l_t_add": 1798, "r_f_add": 1733, "r_t_add": 1799, "st_code": 25420, "l_hundred": 1700, "r_hundred": 1700, "seg_id": 620554, "oneway": "FT", "class": 4, "responsibl": "CITY", "update_": "1998-10-22T00:00:00Z", "newsegdate": null, "multi_rep": 0, "streetlabe": "W COURTLAND ST", "stname": "W COURTLAND ST", "objectid": 22640, "Shape__Len": 62.946301982162261 }, "geometry": { "type": "MultiLineString", "coordinates": [ [ [ -75.154055425430386, 40.023735933593848 ], [ -75.154612527344781, 40.023810092467514 ] ] ] } },
{ "type": "Feature", "properties": { "fnode_": 10830, "tnode_": 10822, "lpoly_": null, "rpoly_": null, "length": 134.97200074, "stcl2_": null, "stcl2_id": null, "pre_dir": "W", "st_name": "COURTLAND", "st_type": "ST", "suf_dir": null, "zip_left": 19140, "zip_right": 19140, "l_f_add": 1718, "l_t_add": 1730, "r_f_add": 1721, "r_t_add": 1731, "st_code": 25420, "l_hundred": 1700, "r_hundred": 1700, "seg_id": 620555, "oneway": "FT", "class": 4, "responsibl": "CITY", "update_": "1998-10-22T00:00:00Z", "newsegdate": null, "multi_rep": 0, "streetlabe": "W COURTLAND ST", "stname": "W COURTLAND ST", "objectid": 22641, "Shape__Len": 53.656354421620016 }, "geometry": { "type": "MultiLineString", "coordinates": [ [ [ -75.153582138396956, 40.023666056568615 ], [ -75.154055425430386, 40.023735933593848 ] ] ] } },
{ "type": "Feature", "properties": { "fnode_": 10788, "tnode_": 10774, "lpoly_": null, "rpoly_": null, "length": 223.40853502000004, "stcl2_": null, "stcl2_id": null, "pre_dir": "W", "st_name": "COURTLAND", "st_type": "ST", "suf_dir": null, "zip_left": 19140, "zip_right": 19140, "l_f_add": 1900, "l_t_add": 1934, "r_f_add": 1901, "r_t_add": 1933, "st_code": 25420, "l_hundred": 1900, "r_hundred": 1900, "seg_id": 620565, "oneway": "FT", "class": 4, "responsibl": "CITY", "update_": "1998-10-22T00:00:00Z", "newsegdate": null, "multi_rep": 0, "streetlabe": "W COURTLAND ST", "stname": "W COURTLAND ST", "objectid": 22650, "Shape__Len": 88.810514188336114 }, "geometry": { "type": "MultiLineString", "coordinates": [ [ [ -75.156184473503913, 40.023997921462943 ], [ -75.156971424657982, 40.024098323256716 ] ] ] } },
{ "type": "Feature", "properties": { "fnode_": 10774, "tnode_": 10773, "lpoly_": null, "rpoly_": null, "length": 53.69971188, "stcl2_": null, "stcl2_id": null, "pre_dir": "W", "st_name": "COURTLAND", "st_type": "ST", "suf_dir": null, "zip_left": 19140, "zip_right": 19140, "l_f_add": 1936, "l_t_add": 1998, "r_f_add": 1935, "r_t_add": 1999, "st_code": 25420, "l_hundred": 1900, "r_hundred": 1900, "seg_id": 620566, "oneway": "FT", "class": 4, "responsibl": "CITY", "update_": "1998-10-22T00:00:00Z", "newsegdate": null, "multi_rep": 0, "streetlabe": "W COURTLAND ST", "stname": "W COURTLAND ST", "objectid": 22651, "Shape__Len": 21.35146926035878 }, "geometry": { "type": "MultiLineString", "coordinates": [ [ [ -75.156971424657982, 40.024098323256716 ], [ -75.157155379929193, 40.024139908689072 ] ] ] } },
{ "type": "Feature", "properties": { "fnode_": 11236, "tnode_": 11122, "lpoly_": null, "rpoly_": null, "length": 279.83768979000001, "stcl2_": null, "stcl2_id": null, "pre_dir": "N", "st_name": "15TH", "st_type": "ST", "suf_dir": null, "zip_left": 19140, "zip_right": 19140, "l_f_add": 4430, "l_t_add": 4498, "r_f_add": 4431, "r_t_add": 4499, "st_code": 88070, "l_hundred": 4400, "r_hundred": 4400, "seg_id": 620569, "oneway": "FT", "class": 4, "responsibl": "CITY", "update_": "1998-10-22T00:00:00Z", "newsegdate": null, "multi_rep": 0, "streetlabe": "N 15TH ST", "stname": "N 15TH ST", "objectid": 22654, "Shape__Len": 111.65444574002559 }, "geometry": { "type": "MultiLineString", "coordinates": [ [ [ -75.150372886989828, 40.020943559119502 ], [ -75.15021168020543, 40.021701682778541 ] ] ] } },
{ "type": "Feature", "properties": { "fnode_": 11208, "tnode_": 11097, "lpoly_": null, "rpoly_": null, "length": 273.8688258, "stcl2_": null, "stcl2_id": null, "pre_dir": "N", "st_name": "16TH", "st_type": "ST", "suf_dir": null, "zip_left": 19140, "zip_right": 19140, "l_f_add": 4428, "l_t_add": 4498, "r_f_add": 4431, "r_t_add": 4499, "st_code": 88090, "l_hundred": 4400, "r_hundred": 4400, "seg_id": 620575, "oneway": "TF", "class": 4, "responsibl": "CITY", "update_": "1998-10-22T00:00:00Z", "newsegdate": null, "multi_rep": 0, "streetlabe": "N 16TH ST", "stname": "N 16TH ST", "objectid": 22660, "Shape__Len": 109.27298182886268 }, "geometry": { "type": "MultiLineString", "coordinates": [ [ [ -75.151951736897573, 40.02116180173924 ], [ -75.151792286601463, 40.021903542304976 ] ] ] } },
{ "type": "Feature", "properties": { "fnode_": 10450, "tnode_": 10433, "lpoly_": null, "rpoly_": null, "length": 102.97614451, "stcl2_": null, "stcl2_id": null, "pre_dir": "W", "st_name": "WYOMING", "st_type": "AVE", "suf_dir": null, "zip_left": 19141, "zip_right": 19141, "l_f_add": 1682, "l_t_add": 1698, "r_f_add": 1683, "r_t_add": 1699, "st_code": 85040, "l_hundred": 1600, "r_hundred": 1600, "seg_id": 620590, "oneway": "FT", "class": 5, "responsibl": "CITY", "update_": "1998-10-22T00:00:00Z", "newsegdate": null, "multi_rep": 0, "streetlabe": "W WYOMING AVE", "stname": "W WYOMING AVE", "objectid": 22673, "Shape__Len": 40.937052722126872 }, "geometry": { "type": "MultiLineString", "coordinates": [ [ [ -75.153763463927703, 40.025880260621655 ], [ -75.154125830629994, 40.025928240313533 ] ] ] } },
{ "type": "Feature", "properties": { "fnode_": 10048, "tnode_": 9949, "lpoly_": null, "rpoly_": null, "length": 175.88924347, "stcl2_": null, "stcl2_id": null, "pre_dir": "N", "st_name": "18TH", "st_type": "ST", "suf_dir": null, "zip_left": 19141, "zip_right": 19141, "l_f_add": 4846, "l_t_add": 4898, "r_f_add": 4847, "r_t_add": 4899, "st_code": 88130, "l_hundred": 4800, "r_hundred": 4800, "seg_id": 620592, "oneway": "B", "class": 4, "responsibl": "CITY", "update_": "1998-10-22T00:00:00Z", "newsegdate": null, "multi_rep": 0, "streetlabe": "N 18TH ST", "stname": "N 18TH ST", "objectid": 22675, "Shape__Len": 70.185032312478995 }, "geometry": { "type": "MultiLineString", "coordinates": [ [ [ -75.153702745923866, 40.027982344181829 ], [ -75.153592271259157, 40.028457653304059 ] ] ] } },
{ "type": "Feature", "properties": { "fnode_": 10144, "tnode_": 10048, "lpoly_": null, "rpoly_": null, "length": 180.29339606, "stcl2_": null, "stcl2_id": null, "pre_dir": "N", "st_name": "18TH", "st_type": "ST", "suf_dir": null, "zip_left": 19141, "zip_right": 19141, "l_f_add": 4820, "l_t_add": 4844, "r_f_add": 4821, "r_t_add": 4845, "st_code": 88130, "l_hundred": 4800, "r_hundred": 4800, "seg_id": 620593, "oneway": "B", "class": 4, "responsibl": "CITY", "update_": "1998-10-22T00:00:00Z", "newsegdate": null, "multi_rep": 0, "streetlabe": "N 18TH ST", "stname": "N 18TH ST", "objectid": 22676, "Shape__Len": 71.943016968586335 }, "geometry": { "type": "MultiLineString", "coordinates": [ [ [ -75.153808600539577, 40.027494153209666 ], [ -75.153702745923866, 40.027982344181829 ] ] ] } },
{ "type": "Feature", "properties": { "fnode_": 10233, "tnode_": 10144, "lpoly_": null, "rpoly_": null, "length": 200.61824604, "stcl2_": null, "stcl2_id": null, "pre_dir": "N", "st_name": "18TH", "st_type": "ST", "suf_dir": null, "zip_left": 19141, "zip_right": 19141, "l_f_add": 4800, "l_t_add": 4818, "r_f_add": 4801, "r_t_add": 4819, "st_code": 88130, "l_hundred": 4800, "r_hundred": 4800, "seg_id": 620594, "oneway": "B", "class": 4, "responsibl": "CITY", "update_": "1998-10-22T00:00:00Z", "newsegdate": null, "multi_rep": 0, "streetlabe": "N 18TH ST", "stname": "N 18TH ST", "objectid": 22677, "Shape__Len": 80.055021301153033 }, "geometry": { "type": "MultiLineString", "coordinates": [ [ [ -75.153909019241198, 40.026948869766066 ], [ -75.153808600539577, 40.027494153209666 ] ] ] } },
{ "type": "Feature", "properties": { "fnode_": 10814, "tnode_": 10500, "lpoly_": null, "rpoly_": null, "length": 675.68347852, "stcl2_": null, "stcl2_id": null, "pre_dir": "N", "st_name": "18TH", "st_type": "ST", "suf_dir": null, "zip_left": 19140, "zip_right": 19140, "l_f_add": 4600, "l_t_add": 4660, "r_f_add": 4601, "r_t_add": 4661, "st_code": 88130, "l_hundred": 4600, "r_hundred": 4600, "seg_id": 620595, "oneway": "B", "class": 4, "responsibl": "CITY", "update_": "1998-10-22T00:00:00Z", "newsegdate": null, "multi_rep": 0, "streetlabe": "N 18TH ST", "stname": "N 18TH ST", "objectid": 22678, "Shape__Len": 269.61267384459188 }, "geometry": { "type": "MultiLineString", "coordinates": [ [ [ -75.154612527344781, 40.023810092467514 ], [ -75.154248536753443, 40.02564369400995 ] ] ] } },
{ "type": "Feature", "properties": { "fnode_": 10500, "tnode_": 10433, "lpoly_": null, "rpoly_": null, "length": 109.2031943, "stcl2_": null, "stcl2_id": null, "pre_dir": "N", "st_name": "18TH", "st_type": "ST", "suf_dir": null, "zip_left": 19141, "zip_right": 19141, "l_f_add": 4662, "l_t_add": 4698, "r_f_add": 4663, "r_t_add": 4699, "st_code": 88130, "l_hundred": 4600, "r_hundred": 4600, "seg_id": 620596, "oneway": "B", "class": 4, "responsibl": "CITY", "update_": "1998-10-22T00:00:00Z", "newsegdate": null, "multi_rep": 0, "streetlabe": "N 18TH ST", "stname": "N 18TH ST", "objectid": 22679, "Shape__Len": 43.562107904300859 }, "geometry": { "type": "MultiLineString", "coordinates": [ [ [ -75.154248536753443, 40.02564369400995 ], [ -75.154125830629994, 40.025928240313533 ] ] ] } },
{ "type": "Feature", "properties": { "fnode_": 10433, "tnode_": 10233, "lpoly_": null, "rpoly_": null, "length": 376.72317262000001, "stcl2_": null, "stcl2_id": null, "pre_dir": "N", "st_name": "18TH", "st_type": "ST", "suf_dir": null, "zip_left": 19141, "zip_right": 19141, "l_f_add": 4700, "l_t_add": 4798, "r_f_add": 4701, "r_t_add": 4799, "st_code": 88130, "l_hundred": 4700, "r_hundred": 4700, "seg_id": 620597, "oneway": "B", "class": 4, "responsibl": "CITY", "update_": "1998-10-22T00:00:00Z", "newsegdate": null, "multi_rep": 0, "streetlabe": "N 18TH ST", "stname": "N 18TH ST", "objectid": 22680, "Shape__Len": 150.32275106320313 }, "geometry": { "type": "MultiLineString", "coordinates": [ [ [ -75.154125830629994, 40.025928240313533 ], [ -75.153909019241198, 40.026948869766066 ] ] ] } },
{ "type": "Feature", "properties": { "fnode_": 10788, "tnode_": 10672, "lpoly_": null, "rpoly_": null, "length": 258.37845253, "stcl2_": null, "stcl2_id": null, "pre_dir": "N", "st_name": "19TH", "st_type": "ST", "suf_dir": null, "zip_left": 19140, "zip_right": 19140, "l_f_add": 4600, "l_t_add": 4698, "r_f_add": 4601, "r_t_add": 4699, "st_code": 88150, "l_hundred": 4600, "r_hundred": 4600, "seg_id": 620598, "oneway": "TF", "class": 4, "responsibl": "CITY", "update_": "1998-10-22T00:00:00Z", "newsegdate": null, "multi_rep": 0, "streetlabe": "N 19TH ST", "stname": "N 19TH ST", "objectid": 22681, "Shape__Len": 103.09893600402813 }, "geometry": { "type": "MultiLineString", "coordinates": [ [ [ -75.156184473503913, 40.023997921462943 ], [ -75.156051304681881, 40.024699773386288 ] ] ] } },
{ "type": "Feature", "properties": { "fnode_": 11020, "tnode_": 10788, "lpoly_": null, "rpoly_": null, "length": 549.76768744000003, "stcl2_": null, "stcl2_id": null, "pre_dir": "N", "st_name": "19TH", "st_type": "ST", "suf_dir": null, "zip_left": 19140, "zip_right": 19140, "l_f_add": 4500, "l_t_add": 4598, "r_f_add": 4501, "r_t_add": 4599, "st_code": 88150, "l_hundred": 4500, "r_hundred": 4500, "seg_id": 620599, "oneway": "TF", "class": 4, "responsibl": "CITY", "update_": "1998-10-22T00:00:00Z", "newsegdate": null, "multi_rep": 0, "streetlabe": "N 19TH ST", "stname": "N 19TH ST", "objectid": 22682, "Shape__Len": 219.36024002356697 }, "geometry": { "type": "MultiLineString", "coordinates": [ [ [ -75.156512984121406, 40.022510026681246 ], [ -75.156184473503913, 40.023997921462943 ] ] ] } },
{ "type": "Feature", "properties": { "fnode_": 11049, "tnode_": 10814, "lpoly_": null, "rpoly_": null, "length": 557.53855783999995, "stcl2_": null, "stcl2_id": null, "pre_dir": "N", "st_name": "18TH", "st_type": "ST", "suf_dir": null, "zip_left": 19140, "zip_right": 19140, "l_f_add": 4500, "l_t_add": 4598, "r_f_add": 4501, "r_t_add": 4599, "st_code": 88130, "l_hundred": 4500, "r_hundred": 4500, "seg_id": 620600, "oneway": "TF", "class": 4, "responsibl": "CITY", "update_": "1998-10-22T00:00:00Z", "newsegdate": null, "multi_rep": 0, "streetlabe": "N 18TH ST", "stname": "N 18TH ST", "objectid": 22683, "Shape__Len": 222.46223414779536 }, "geometry": { "type": "MultiLineString", "coordinates": [ [ [ -75.15493161835964, 40.022299371211808 ], [ -75.154612527344781, 40.023810092467514 ] ] ] } },
{ "type": "Feature", "properties": { "fnode_": 11056, "tnode_": 10822, "lpoly_": null, "rpoly_": null, "length": 553.85128711999994, "stcl2_": null, "stcl2_id": null, "pre_dir": "N", "st_name": "BOUVIER", "st_type": "ST", "suf_dir": null, "zip_left": 19140, "zip_right": 19140, "l_f_add": 4500, "l_t_add": 4598, "r_f_add": 4501, "r_t_add": 4599, "st_code": 18500, "l_hundred": 4500, "r_hundred": 4500, "seg_id": 620601, "oneway": "TF", "class": 5, "responsibl": "CITY", "update_": "1998-10-22T00:00:00Z", "newsegdate": null, "multi_rep": 0, "streetlabe": "N BOUVIER ST", "stname": "N BOUVIER ST", "objectid": 22684, "Shape__Len": 220.98833794822943 }, "geometry": { "type": "MultiLineString", "coordinates": [ [ [ -75.154389197472682, 40.022237356885 ], [ -75.154055425430386, 40.023735933593848 ] ] ] } },
{ "type": "Feature", "properties": { "fnode_": 11148, "tnode_": 11049, "lpoly_": null, "rpoly_": null, "length": 271.07666975000001, "stcl2_": null, "stcl2_id": null, "pre_dir": "N", "st_name": "18TH", "st_type": "ST", "suf_dir": null, "zip_left": 19140, "zip_right": 19140, "l_f_add": 4434, "l_t_add": 4498, "r_f_add": 4429, "r_t_add": 4499, "st_code": 88130, "l_hundred": 4400, "r_hundred": 4400, "seg_id": 620605, "oneway": "TF", "class": 4, "responsibl": "CITY", "update_": "1998-10-22T00:00:00Z", "newsegdate": null, "multi_rep": 0, "streetlabe": "N 18TH ST", "stname": "N 18TH ST", "objectid": 22688, "Shape__Len": 108.15807753577187 }, "geometry": { "type": "MultiLineString", "coordinates": [ [ [ -75.155099418695727, 40.021566501549231 ], [ -75.15493161835964, 40.022299371211808 ] ] ] } },
{ "type": "Feature", "properties": { "fnode_": 11181, "tnode_": 11070, "lpoly_": null, "rpoly_": null, "length": 271.49715628999996, "stcl2_": null, "stcl2_id": null, "pre_dir": "N", "st_name": "17TH", "st_type": "ST", "suf_dir": null, "zip_left": 19140, "zip_right": 19140, "l_f_add": 4446, "l_t_add": 4498, "r_f_add": 4445, "r_t_add": 4499, "st_code": 88110, "l_hundred": 4400, "r_hundred": 4400, "seg_id": 620606, "oneway": "TF", "class": 4, "responsibl": "CITY", "update_": "1998-10-22T00:00:00Z", "newsegdate": null, "multi_rep": 0, "streetlabe": "N 17TH ST", "stname": "N 17TH ST", "objectid": 22689, "Shape__Len": 108.32656708696116 }, "geometry": { "type": "MultiLineString", "coordinates": [ [ [ -75.15352150672669, 40.021362395039461 ], [ -75.153360416447427, 40.022097324664813 ] ] ] } },
{ "type": "Feature", "properties": { "fnode_": 11198, "tnode_": 11090, "lpoly_": null, "rpoly_": null, "length": 273.49630099000001, "stcl2_": null, "stcl2_id": null, "pre_dir": "N", "st_name": "BANCROFT", "st_type": "ST", "suf_dir": null, "zip_left": 19140, "zip_right": 19140, "l_f_add": 4400, "l_t_add": 4498, "r_f_add": 4401, "r_t_add": 4499, "st_code": 15700, "l_hundred": 4400, "r_hundred": 4400, "seg_id": 620607, "oneway": "TF", "class": 5, "responsibl": "CITY", "update_": "1998-10-22T00:00:00Z", "newsegdate": null, "multi_rep": 0, "streetlabe": "N BANCROFT ST", "stname": "N BANCROFT ST", "objectid": 22690, "Shape__Len": 109.12264659608979 }, "geometry": { "type": "MultiLineString", "coordinates": [ [ [ -75.152524983384737, 40.021231681886512 ], [ -75.152353589381377, 40.021970807577816 ] ] ] } },
{ "type": "Feature", "properties": { "fnode_": 11212, "tnode_": 27710, "lpoly_": null, "rpoly_": null, "length": 502.43876687, "stcl2_": null, "stcl2_id": null, "pre_dir": "N", "st_name": "UBER", "st_type": "ST", "suf_dir": null, "zip_left": 19140, "zip_right": 19140, "l_f_add": 4400, "l_t_add": 4498, "r_f_add": 4401, "r_t_add": 4499, "st_code": 78760, "l_hundred": 4400, "r_hundred": 4400, "seg_id": 620608, "oneway": "TF", "class": 5, "responsibl": "CITY", "update_": "1998-10-22T00:00:00Z", "newsegdate": null, "multi_rep": 0, "streetlabe": "N UBER ST", "stname": "N UBER ST", "objectid": 22691, "Shape__Len": 200.46595931451691 }, "geometry": { "type": "MultiLineString", "coordinates": [ [ [ -75.157706206110504, 40.021269224881749 ], [ -75.157367869932088, 40.022623728584989 ] ] ] } },
{ "type": "Feature", "properties": { "fnode_": 11274, "tnode_": 11040, "lpoly_": null, "rpoly_": null, "length": 547.39377438999998, "stcl2_": null, "stcl2_id": null, "pre_dir": "N", "st_name": "CLEVELAND", "st_type": "ST", "suf_dir": null, "zip_left": 19140, "zip_right": 19140, "l_f_add": 4400, "l_t_add": 4498, "r_f_add": 4401, "r_t_add": 4499, "st_code": 23740, "l_hundred": 4400, "r_hundred": 4400, "seg_id": 620609, "oneway": "TF", "class": 5, "responsibl": "CITY", "update_": "1998-10-22T00:00:00Z", "newsegdate": null, "multi_rep": 0, "streetlabe": "N CLEVELAND ST", "stname": "N CLEVELAND ST", "objectid": 22692, "Shape__Len": 218.40855757623635 }, "geometry": { "type": "MultiLineString", "coordinates": [ [ [ -75.15580906303812, 40.020890406793576 ], [ -75.155486784496475, 40.022372499339475 ] ] ] } },
{ "type": "Feature", "properties": { "fnode_": 11284, "tnode_": 11148, "lpoly_": null, "rpoly_": null, "length": 275.67798836000003, "stcl2_": null, "stcl2_id": null, "pre_dir": "N", "st_name": "18TH", "st_type": "ST", "suf_dir": null, "zip_left": 19140, "zip_right": 19140, "l_f_add": 4400, "l_t_add": 4432, "r_f_add": 4401, "r_t_add": 4427, "st_code": 88130, "l_hundred": 4400, "r_hundred": 4400, "seg_id": 620610, "oneway": "TF", "class": 4, "responsibl": "CITY", "update_": "1998-10-22T00:00:00Z", "newsegdate": null, "multi_rep": 0, "streetlabe": "N 18TH ST", "stname": "N 18TH ST", "objectid": 22693, "Shape__Len": 109.99453409612198 }, "geometry": { "type": "MultiLineString", "coordinates": [ [ [ -75.155258188479294, 40.020819642083445 ], [ -75.155099418695727, 40.021566501549231 ] ] ] } },
{ "type": "Feature", "properties": { "fnode_": 11011, "tnode_": 10774, "lpoly_": null, "rpoly_": null, "length": 547.9011917900001, "stcl2_": null, "stcl2_id": null, "pre_dir": "N", "st_name": "UBER", "st_type": "ST", "suf_dir": null, "zip_left": 19140, "zip_right": 19140, "l_f_add": 4500, "l_t_add": 4598, "r_f_add": 4501, "r_t_add": 4599, "st_code": 78760, "l_hundred": 4500, "r_hundred": 4500, "seg_id": 620612, "oneway": "TF", "class": 5, "responsibl": "CITY", "update_": "1998-10-22T00:00:00Z", "newsegdate": null, "multi_rep": 0, "streetlabe": "N UBER ST", "stname": "N UBER ST", "objectid": 22695, "Shape__Len": 218.61464874417257 }, "geometry": { "type": "MultiLineString", "coordinates": [ [ [ -75.157306753473677, 40.022616528158615 ], [ -75.156971424657982, 40.024098323256716 ] ] ] } },
{ "type": "Feature", "properties": { "fnode_": 11002, "tnode_": 10849, "lpoly_": null, "rpoly_": null, "length": 369.32648244999996, "stcl2_": null, "stcl2_id": null, "pre_dir": "N", "st_name": "20TH", "st_type": "ST", "suf_dir": null, "zip_left": 19140, "zip_right": 19140, "l_f_add": 4500, "l_t_add": 4598, "r_f_add": 4501, "r_t_add": 4599, "st_code": 88170, "l_hundred": 4500, "r_hundred": 4500, "seg_id": 620613, "oneway": "FT", "class": 5, "responsibl": "CITY", "update_": "1998-10-22T00:00:00Z", "newsegdate": null, "multi_rep": 0, "streetlabe": "N 20TH ST", "stname": "N 20TH ST", "objectid": 22696, "Shape__Len": 147.36558718701733 }, "geometry": { "type": "MultiLineString", "coordinates": [ [ [ -75.15811107250785, 40.022711279596393 ], [ -75.15790766560238, 40.023712991819174 ] ] ] } },
{ "type": "Feature", "properties": { "fnode_": 11115, "tnode_": 11002, "lpoly_": null, "rpoly_": null, "length": 310.44771336999997, "stcl2_": null, "stcl2_id": null, "pre_dir": "N", "st_name": "20TH", "st_type": "ST", "suf_dir": null, "zip_left": 19140, "zip_right": 19140, "l_f_add": 4400, "l_t_add": 4498, "r_f_add": 4401, "r_t_add": 4499, "st_code": 88170, "l_hundred": 4400, "r_hundred": 4400, "seg_id": 620614, "oneway": "TF", "class": 5, "responsibl": "CITY", "update_": "1998-10-22T00:00:00Z", "newsegdate": null, "multi_rep": 0, "streetlabe": "N 20TH ST", "stname": "N 20TH ST", "objectid": 22697, "Shape__Len": 123.87160684158235 }, "geometry": { "type": "MultiLineString", "coordinates": [ [ [ -75.1582744459932, 40.021868370469377 ], [ -75.15811107250785, 40.022711279596393 ] ] ] } },
{ "type": "Feature", "properties": { "fnode_": 11165, "tnode_": 11115, "lpoly_": null, "rpoly_": null, "length": 135.80386233, "stcl2_": null, "stcl2_id": null, "pre_dir": null, "st_name": "GERMANTOWN", "st_type": "AVE", "suf_dir": null, "zip_left": 19144, "zip_right": 19140, "l_f_add": 4420, "l_t_add": 4428, "r_f_add": 4409, "r_t_add": 4419, "st_code": 36660, "l_hundred": 4400, "r_hundred": 4400, "seg_id": 620615, "oneway": "B", "class": 2, "responsibl": "STATE", "update_": "1998-10-22T00:00:00Z", "newsegdate": null, "multi_rep": 0, "streetlabe": "GERMANTOWN AVE", "stname": "GERMANTOWN AVE", "objectid": 22698, "Shape__Len": 54.134381100052437 }, "geometry": { "type": "MultiLineString", "coordinates": [ [ [ -75.158024015531467, 40.02154914102239 ], [ -75.1582744459932, 40.021868370469377 ] ] ] } },
{ "type": "Feature", "properties": { "fnode_": 11212, "tnode_": 11165, "lpoly_": null, "rpoly_": null, "length": 135.35247631, "stcl2_": null, "stcl2_id": null, "pre_dir": null, "st_name": "GERMANTOWN", "st_type": "AVE", "suf_dir": null, "zip_left": 19140, "zip_right": 19140, "l_f_add": 4408, "l_t_add": 4418, "r_f_add": 4405, "r_t_add": 4407, "st_code": 36660, "l_hundred": 4400, "r_hundred": 4400, "seg_id": 620616, "oneway": "B", "class": 2, "responsibl": "STATE", "update_": "1998-10-22T00:00:00Z", "newsegdate": null, "multi_rep": 0, "streetlabe": "GERMANTOWN AVE", "stname": "GERMANTOWN AVE", "objectid": 22699, "Shape__Len": 53.918996336737003 }, "geometry": { "type": "MultiLineString", "coordinates": [ [ [ -75.157706206110504, 40.021269224881749 ], [ -75.158024015531467, 40.02154914102239 ] ] ] } },
{ "type": "Feature", "properties": { "fnode_": 11165, "tnode_": 11217, "lpoly_": null, "rpoly_": null, "length": 182.0257037, "stcl2_": null, "stcl2_id": null, "pre_dir": null, "st_name": "ROBERTS", "st_type": "AVE", "suf_dir": null, "zip_left": 19140, "zip_right": 19140, "l_f_add": 1900, "l_t_add": 1918, "r_f_add": 1901, "r_t_add": 1917, "st_code": 68880, "l_hundred": 1900, "r_hundred": 1900, "seg_id": 620617, "oneway": "B", "class": 5, "responsibl": "CITY", "update_": "1998-10-22T00:00:00Z", "newsegdate": null, "multi_rep": 0, "streetlabe": "ROBERTS AVE", "stname": "ROBERTS AVE", "objectid": 22700, "Shape__Len": 72.409995731327058 }, "geometry": { "type": "MultiLineString", "coordinates": [ [ [ -75.158024015531467, 40.02154914102239 ], [ -75.158601019532142, 40.021319173175755 ] ] ] } },
{ "type": "Feature", "properties": { "fnode_": 11115, "tnode_": 10986, "lpoly_": null, "rpoly_": null, "length": 404.18715476, "stcl2_": null, "stcl2_id": null, "pre_dir": null, "st_name": "GERMANTOWN", "st_type": "AVE", "suf_dir": null, "zip_left": 19144, "zip_right": 19140, "l_f_add": 4430, "l_t_add": 4468, "r_f_add": 4421, "r_t_add": 4451, "st_code": 36660, "l_hundred": 4400, "r_hundred": 4400, "seg_id": 620621, "oneway": "B", "class": 2, "responsibl": "STATE", "update_": "1998-10-22T00:00:00Z", "newsegdate": null, "multi_rep": 0, "streetlabe": "GERMANTOWN AVE", "stname": "GERMANTOWN AVE", "objectid": 22704, "Shape__Len": 161.11101565519235 }, "geometry": { "type": "MultiLineString", "coordinates": [ [ [ -75.1582744459932, 40.021868370469377 ], [ -75.159037829235757, 40.022809979082787 ] ] ] } },
{ "type": "Feature", "properties": { "fnode_": 11254, "tnode_": 11020, "lpoly_": null, "rpoly_": null, "length": 549.0851051, "stcl2_": null, "stcl2_id": null, "pre_dir": "N", "st_name": "19TH", "st_type": "ST", "suf_dir": null, "zip_left": 19140, "zip_right": 19140, "l_f_add": 4400, "l_t_add": 4498, "r_f_add": 4401, "r_t_add": 4499, "st_code": 88150, "l_hundred": 4400, "r_hundred": 4400, "seg_id": 620622, "oneway": "TF", "class": 4, "responsibl": "CITY", "update_": "1998-10-22T00:00:00Z", "newsegdate": null, "multi_rep": 0, "streetlabe": "N 19TH ST", "stname": "N 19TH ST", "objectid": 22705, "Shape__Len": 219.08330999287273 }, "geometry": { "type": "MultiLineString", "coordinates": [ [ [ -75.156839812841454, 40.021023814148961 ], [ -75.156512984121406, 40.022510026681246 ] ] ] } },
{ "type": "Feature", "properties": { "fnode_": 27711, "tnode_": 10830, "lpoly_": null, "rpoly_": null, "length": 551.4093689, "stcl2_": null, "stcl2_id": null, "pre_dir": "N", "st_name": "COLORADO", "st_type": "ST", "suf_dir": null, "zip_left": 19140, "zip_right": 19140, "l_f_add": 4500, "l_t_add": 4598, "r_f_add": 4501, "r_t_add": 4599, "st_code": 24340, "l_hundred": 4500, "r_hundred": 4500, "seg_id": 620626, "oneway": "FT", "class": 5, "responsibl": "CITY", "update_": "1998-10-22T00:00:00Z", "newsegdate": null, "multi_rep": 0, "streetlabe": "N COLORADO ST", "stname": "N COLORADO ST", "objectid": 22709, "Shape__Len": 220.01459841650635 }, "geometry": { "type": "MultiLineString", "coordinates": [ [ [ -75.153908939079855, 40.022173369223175 ], [ -75.153582138396956, 40.023666056568615 ] ] ] } },
{ "type": "Feature", "properties": { "fnode_": 11170, "tnode_": 11062, "lpoly_": null, "rpoly_": null, "length": 274.28751514000004, "stcl2_": null, "stcl2_id": null, "pre_dir": "N", "st_name": "COLORADO", "st_type": "ST", "suf_dir": null, "zip_left": 19140, "zip_right": 19140, "l_f_add": 4400, "l_t_add": 4498, "r_f_add": 4401, "r_t_add": 4499, "st_code": 24340, "l_hundred": 4400, "r_hundred": 4400, "seg_id": 620629, "oneway": "FT", "class": 5, "responsibl": "CITY", "update_": "1998-10-22T00:00:00Z", "newsegdate": null, "multi_rep": 0, "streetlabe": "N COLORADO ST", "stname": "N COLORADO ST", "objectid": 22712, "Shape__Len": 109.4375340278775 }, "geometry": { "type": "MultiLineString", "coordinates": [ [ [ -75.154028466676465, 40.021425176155361 ], [ -75.153849517244979, 40.02216545200055 ] ] ] } },
{ "type": "Feature", "properties": { "fnode_": 11170, "tnode_": 11148, "lpoly_": null, "rpoly_": null, "length": 304.32936048, "stcl2_": null, "stcl2_id": null, "pre_dir": null, "st_name": "BLAVIS", "st_type": "ST", "suf_dir": null, "zip_left": 19140, "zip_right": 19140, "l_f_add": 1716, "l_t_add": 1798, "r_f_add": 1715, "r_t_add": 1799, "st_code": 17880, "l_hundred": 1700, "r_hundred": 1700, "seg_id": 620630, "oneway": "FT", "class": 5, "responsibl": "CITY", "update_": "1998-10-22T00:00:00Z", "newsegdate": null, "multi_rep": 0, "streetlabe": "BLAVIS ST", "stname": "BLAVIS ST", "objectid": 22713, "Shape__Len": 120.9749014685741 }, "geometry": { "type": "MultiLineString", "coordinates": [ [ [ -75.154028466676465, 40.021425176155361 ], [ -75.155099418695727, 40.021566501549231 ] ] ] } },
{ "type": "Feature", "properties": { "fnode_": 11188, "tnode_": 11078, "lpoly_": null, "rpoly_": null, "length": 273.70522583000002, "stcl2_": null, "stcl2_id": null, "pre_dir": "N", "st_name": "CHADWICK", "st_type": "ST", "suf_dir": null, "zip_left": 19140, "zip_right": 19140, "l_f_add": 4400, "l_t_add": 4498, "r_f_add": 4401, "r_t_add": 4499, "st_code": 22160, "l_hundred": 4400, "r_hundred": 4400, "seg_id": 620632, "oneway": "FT", "class": 5, "responsibl": "CITY", "update_": "1998-10-22T00:00:00Z", "newsegdate": null, "multi_rep": 0, "streetlabe": "N CHADWICK ST", "stname": "N CHADWICK ST", "objectid": 22715, "Shape__Len": 109.20787615491513 }, "geometry": { "type": "MultiLineString", "coordinates": [ [ [ -75.153005343501007, 40.021295442652438 ], [ -75.152845690813564, 40.022036702306309 ] ] ] } },
{ "type": "Feature", "properties": { "fnode_": 11268, "tnode_": 11029, "lpoly_": null, "rpoly_": null, "length": 551.24285067999995, "stcl2_": null, "stcl2_id": null, "pre_dir": "N", "st_name": "GRATZ", "st_type": "ST", "suf_dir": null, "zip_left": 19140, "zip_right": 19140, "l_f_add": 4400, "l_t_add": 4498, "r_f_add": 4401, "r_t_add": 4499, "st_code": 38180, "l_hundred": 4400, "r_hundred": 4400, "seg_id": 620637, "oneway": "FT", "class": 5, "responsibl": "CITY", "update_": "1998-10-22T00:00:00Z", "newsegdate": null, "multi_rep": 0, "streetlabe": "N GRATZ ST", "stname": "N GRATZ ST", "objectid": 22720, "Shape__Len": 219.94593786618196 }, "geometry": { "type": "MultiLineString", "coordinates": [ [ [ -75.156277966987275, 40.020948053756236 ], [ -75.155963278018802, 40.022441814907161 ] ] ] } },
{ "type": "Feature", "properties": { "fnode_": 11035, "tnode_": 10797, "lpoly_": null, "rpoly_": null, "length": 548.85220425, "stcl2_": null, "stcl2_id": null, "pre_dir": "N", "st_name": "GRATZ", "st_type": "ST", "suf_dir": null, "zip_left": 19140, "zip_right": 19140, "l_f_add": 4500, "l_t_add": 4598, "r_f_add": 4501, "r_t_add": 4599, "st_code": 38180, "l_hundred": 4500, "r_hundred": 4500, "seg_id": 620638, "oneway": "FT", "class": 5, "responsibl": "CITY", "update_": "1998-10-22T00:00:00Z", "newsegdate": null, "multi_rep": 0, "streetlabe": "N GRATZ ST", "stname": "N GRATZ ST", "objectid": 22721, "Shape__Len": 218.99660308737108 }, "geometry": { "type": "MultiLineString", "coordinates": [ [ [ -75.155714050075304, 40.022410021851798 ], [ -75.155399754661175, 40.023897184432563 ] ] ] } },
{ "type": "Feature", "properties": { "fnode_": 11217, "tnode_": 11060, "lpoly_": null, "rpoly_": null, "length": 453.13253014999998, "stcl2_": null, "stcl2_id": null, "pre_dir": null, "st_name": "GREENE", "st_type": "ST", "suf_dir": null, "zip_left": 19144, "zip_right": 19144, "l_f_add": 4400, "l_t_add": 4498, "r_f_add": 4401, "r_t_add": 4499, "st_code": 38460, "l_hundred": 4400, "r_hundred": 4400, "seg_id": 620641, "oneway": "FT", "class": 5, "responsibl": "CITY", "update_": "2009-12-29T00:00:00Z", "newsegdate": null, "multi_rep": 0, "streetlabe": "GREENE ST", "stname": "GREENE ST", "objectid": 22723, "Shape__Len": 180.59700630989462 }, "geometry": { "type": "MultiLineString", "coordinates": [ [ [ -75.158601019532142, 40.021319173175755 ], [ -75.159504018030105, 40.022351313421566 ] ] ] } },
{ "type": "Feature", "properties": { "fnode_": 10144, "tnode_": 10117, "lpoly_": null, "rpoly_": null, "length": 445.73829861000002, "stcl2_": null, "stcl2_id": null, "pre_dir": "W", "st_name": "ELEANOR", "st_type": "ST", "suf_dir": null, "zip_left": 19141, "zip_right": 19141, "l_f_add": 1800, "l_t_add": 1898, "r_f_add": 1801, "r_t_add": 1899, "st_code": 31080, "l_hundred": 1800, "r_hundred": 1800, "seg_id": 620643, "oneway": "TF", "class": 5, "responsibl": "CITY", "update_": "1998-10-22T00:00:00Z", "newsegdate": null, "multi_rep": 0, "streetlabe": "W ELEANOR ST", "stname": "W ELEANOR ST", "objectid": 22725, "Shape__Len": 177.20094958739082 }, "geometry": { "type": "MultiLineString", "coordinates": [ [ [ -75.153808600539577, 40.027494153209666 ], [ -75.155379348380805, 40.027691843872809 ] ] ] } },
{ "type": "Feature", "properties": { "fnode_": 9949, "tnode_": 9910, "lpoly_": null, "rpoly_": null, "length": 450.61715219000001, "stcl2_": null, "stcl2_id": null, "pre_dir": "W", "st_name": "ROCKLAND", "st_type": "ST", "suf_dir": null, "zip_left": 19141, "zip_right": 19141, "l_f_add": 1800, "l_t_add": 1898, "r_f_add": 1801, "r_t_add": 1899, "st_code": 69040, "l_hundred": 1800, "r_hundred": 1800, "seg_id": 620644, "oneway": "FT", "class": 5, "responsibl": "CITY", "update_": "1998-10-22T00:00:00Z", "newsegdate": null, "multi_rep": 0, "streetlabe": "W ROCKLAND ST", "stname": "W ROCKLAND ST", "objectid": 22726, "Shape__Len": 179.14829471158114 }, "geometry": { "type": "MultiLineString", "coordinates": [ [ [ -75.153592271259157, 40.028457653304059 ], [ -75.155174242114981, 40.028683856790053 ] ] ] } },
{ "type": "Feature", "properties": { "fnode_": 10048, "tnode_": 10016, "lpoly_": null, "rpoly_": null, "length": 449.41914243000002, "stcl2_": null, "stcl2_id": null, "pre_dir": null, "st_name": "GLENIFER", "st_type": "ST", "suf_dir": null, "zip_left": 19141, "zip_right": 19141, "l_f_add": 1800, "l_t_add": 1898, "r_f_add": 1801, "r_t_add": 1899, "st_code": 37260, "l_hundred": 1800, "r_hundred": 1800, "seg_id": 620649, "oneway": "FT", "class": 5, "responsibl": "CITY", "update_": "1998-10-22T00:00:00Z", "newsegdate": null, "multi_rep": 0, "streetlabe": "GLENIFER ST", "stname": "GLENIFER ST", "objectid": 22731, "Shape__Len": 178.6656473665636 }, "geometry": { "type": "MultiLineString", "coordinates": [ [ [ -75.153702745923866, 40.027982344181829 ], [ -75.155286349769, 40.028182260085423 ] ] ] } },
{ "type": "Feature", "properties": { "fnode_": 9872, "tnode_": 9540, "lpoly_": null, "rpoly_": null, "length": 553.07126587999994, "stcl2_": null, "stcl2_id": null, "pre_dir": "N", "st_name": "20TH", "st_type": "ST", "suf_dir": null, "zip_left": 19141, "zip_right": 19141, "l_f_add": 4900, "l_t_add": 4998, "r_f_add": 4901, "r_t_add": 4999, "st_code": 88170, "l_hundred": 4900, "r_hundred": 4900, "seg_id": 620650, "oneway": "B", "class": 5, "responsibl": "CITY", "update_": "1998-10-22T00:00:00Z", "newsegdate": null, "multi_rep": 0, "streetlabe": "N 20TH ST", "stname": "N 20TH ST", "objectid": 22732, "Shape__Len": 220.70545474922901 }, "geometry": { "type": "MultiLineString", "coordinates": [ [ [ -75.156756370060194, 40.028887246086654 ], [ -75.156521840325141, 40.029963664239922 ], [ -75.15650087665766, 40.030149623711459 ], [ -75.156500582965691, 40.030389800982832 ] ] ] } },
{ "type": "Feature", "properties": { "fnode_": 9889, "tnode_": 9569, "lpoly_": null, "rpoly_": null, "length": 552.07368071000008, "stcl2_": null, "stcl2_id": null, "pre_dir": "N", "st_name": "UBER", "st_type": "ST", "suf_dir": null, "zip_left": 19141, "zip_right": 19141, "l_f_add": 4900, "l_t_add": 4998, "r_f_add": 4901, "r_t_add": 4999, "st_code": 78760, "l_hundred": 4900, "r_hundred": 4900, "seg_id": 620651, "oneway": "B", "class": 5, "responsibl": "CITY", "update_": "1998-10-22T00:00:00Z", "newsegdate": null, "multi_rep": 0, "streetlabe": "N UBER ST", "stname": "N UBER ST", "objectid": 22733, "Shape__Len": 220.29987553270104 }, "geometry": { "type": "MultiLineString", "coordinates": [ [ [ -75.155964123294041, 40.028777340386505 ], [ -75.15590083142925, 40.02898873086135 ], [ -75.155632872015246, 40.03027087926521 ] ] ] } },
{ "type": "Feature", "properties": { "fnode_": 9889, "tnode_": 9872, "lpoly_": null, "rpoly_": null, "length": 225.44534707, "stcl2_": null, "stcl2_id": null, "pre_dir": "W", "st_name": "ROCKLAND", "st_type": "ST", "suf_dir": null, "zip_left": 19141, "zip_right": 19141, "l_f_add": 1950, "l_t_add": 1998, "r_f_add": 1951, "r_t_add": 1999, "st_code": 69040, "l_hundred": 1900, "r_hundred": 1900, "seg_id": 620652, "oneway": "B", "class": 5, "responsibl": "CITY", "update_": "1998-10-22T00:00:00Z", "newsegdate": null, "multi_rep": 0, "streetlabe": "W ROCKLAND ST", "stname": "W ROCKLAND ST", "objectid": 22734, "Shape__Len": 89.628192900509475 }, "geometry": { "type": "MultiLineString", "coordinates": [ [ [ -75.155964123294041, 40.028777340386505 ], [ -75.156756370060194, 40.028887246086654 ] ] ] } },
{ "type": "Feature", "properties": { "fnode_": 9910, "tnode_": 9803, "lpoly_": null, "rpoly_": null, "length": 181.27465162, "stcl2_": null, "stcl2_id": null, "pre_dir": "N", "st_name": "19TH", "st_type": "ST", "suf_dir": null, "zip_left": 19141, "zip_right": 19141, "l_f_add": 4900, "l_t_add": 4916, "r_f_add": 4901, "r_t_add": 4917, "st_code": 88150, "l_hundred": 4900, "r_hundred": 4900, "seg_id": 620653, "oneway": "B", "class": 5, "responsibl": "CITY", "update_": "1998-10-22T00:00:00Z", "newsegdate": null, "multi_rep": 0, "streetlabe": "N 19TH ST", "stname": "N 19TH ST", "objectid": 22735, "Shape__Len": 72.333217555950469 }, "geometry": { "type": "MultiLineString", "coordinates": [ [ [ -75.155174242114981, 40.028683856790053 ], [ -75.155130018818269, 40.028892938643658 ], [ -75.155052054910897, 40.02917237626172 ] ] ] } },
{ "type": "Feature", "properties": { "fnode_": 9910, "tnode_": 9889, "lpoly_": null, "rpoly_": null, "length": 223.80572911, "stcl2_": null, "stcl2_id": null, "pre_dir": "W", "st_name": "ROCKLAND", "st_type": "ST", "suf_dir": null, "zip_left": 19141, "zip_right": 19141, "l_f_add": 1900, "l_t_add": 1948, "r_f_add": 1901, "r_t_add": 1949, "st_code": 69040, "l_hundred": 1900, "r_hundred": 1900, "seg_id": 620654, "oneway": "B", "class": 5, "responsibl": "CITY", "update_": "1998-10-22T00:00:00Z", "newsegdate": null, "multi_rep": 0, "streetlabe": "W ROCKLAND ST", "stname": "W ROCKLAND ST", "objectid": 22736, "Shape__Len": 88.973258796077246 }, "geometry": { "type": "MultiLineString", "coordinates": [ [ [ -75.155174242114981, 40.028683856790053 ], [ -75.155964123294041, 40.028777340386505 ] ] ] } },
{ "type": "Feature", "properties": { "fnode_": 10016, "tnode_": 9910, "lpoly_": null, "rpoly_": null, "length": 185.40059232, "stcl2_": null, "stcl2_id": null, "pre_dir": "N", "st_name": "19TH", "st_type": "ST", "suf_dir": null, "zip_left": 19141, "zip_right": 19141, "l_f_add": 4842, "l_t_add": 4898, "r_f_add": 4843, "r_t_add": 4899, "st_code": 88150, "l_hundred": 4800, "r_hundred": 4800, "seg_id": 620657, "oneway": "B", "class": 5, "responsibl": "CITY", "update_": "1998-10-22T00:00:00Z", "newsegdate": null, "multi_rep": 0, "streetlabe": "N 19TH ST", "stname": "N 19TH ST", "objectid": 22738, "Shape__Len": 73.981231495362508 }, "geometry": { "type": "MultiLineString", "coordinates": [ [ [ -75.155286349769, 40.028182260085423 ], [ -75.155174242114981, 40.028683856790053 ] ] ] } },
{ "type": "Feature", "properties": { "fnode_": 10117, "tnode_": 10016, "lpoly_": null, "rpoly_": null, "length": 180.53861132, "stcl2_": null, "stcl2_id": null, "pre_dir": "N", "st_name": "19TH", "st_type": "ST", "suf_dir": null, "zip_left": 19141, "zip_right": 19141, "l_f_add": 4720, "l_t_add": 4840, "r_f_add": 4821, "r_t_add": 4841, "st_code": 88150, "l_hundred": 4700, "r_hundred": 4800, "seg_id": 620658, "oneway": "B", "class": 5, "responsibl": "CITY", "update_": "1998-10-22T00:00:00Z", "newsegdate": null, "multi_rep": 0, "streetlabe": "N 19TH ST", "stname": "N 19TH ST", "objectid": 22739, "Shape__Len": 72.042837243375729 }, "geometry": { "type": "MultiLineString", "coordinates": [ [ [ -75.155379348380805, 40.027691843872809 ], [ -75.155286349769, 40.028182260085423 ] ] ] } },
{ "type": "Feature", "properties": { "fnode_": 10243, "tnode_": 10233, "lpoly_": null, "rpoly_": null, "length": 111.08852627, "stcl2_": null, "stcl2_id": null, "pre_dir": "W", "st_name": "LOUDON", "st_type": "ST", "suf_dir": null, "zip_left": 19141, "zip_right": 19141, "l_f_add": 1700, "l_t_add": 1798, "r_f_add": 1701, "r_t_add": 1799, "st_code": 51800, "l_hundred": 1700, "r_hundred": 1700, "seg_id": 620659, "oneway": "B", "class": 4, "responsibl": "CITY", "update_": "1998-10-22T00:00:00Z", "newsegdate": null, "multi_rep": 0, "streetlabe": "W LOUDON ST", "stname": "W LOUDON ST", "objectid": 22740, "Shape__Len": 44.159213386362431 }, "geometry": { "type": "MultiLineString", "coordinates": [ [ [ -75.153514092282336, 40.026920271261261 ], [ -75.153909019241198, 40.026948869766066 ] ] ] } },
{ "type": "Feature", "properties": { "fnode_": 9949, "tnode_": 9851, "lpoly_": null, "rpoly_": null, "length": 192.40685855000001, "stcl2_": null, "stcl2_id": null, "pre_dir": "N", "st_name": "18TH", "st_type": "ST", "suf_dir": null, "zip_left": 19141, "zip_right": 19141, "l_f_add": 4900, "l_t_add": 4918, "r_f_add": 4901, "r_t_add": 4919, "st_code": 88130, "l_hundred": 4900, "r_hundred": 4900, "seg_id": 620660, "oneway": "B", "class": 4, "responsibl": "CITY", "update_": "1998-10-22T00:00:00Z", "newsegdate": null, "multi_rep": 0, "streetlabe": "N 18TH ST", "stname": "N 18TH ST", "objectid": 22741, "Shape__Len": 76.778630822554646 }, "geometry": { "type": "MultiLineString", "coordinates": [ [ [ -75.153592271259157, 40.028457653304059 ], [ -75.153485295401779, 40.028979391576975 ] ] ] } },
{ "type": "Feature", "properties": { "fnode_": 10986, "tnode_": 10813, "lpoly_": null, "rpoly_": null, "length": 434.44721396, "stcl2_": null, "stcl2_id": null, "pre_dir": null, "st_name": "GERMANTOWN", "st_type": "AVE", "suf_dir": null, "zip_left": 19144, "zip_right": 19144, "l_f_add": 4470, "l_t_add": 4518, "r_f_add": 4453, "r_t_add": 4527, "st_code": 36660, "l_hundred": 4400, "r_hundred": 4400, "seg_id": 620690, "oneway": "B", "class": 2, "responsibl": "STATE", "update_": "1998-10-22T00:00:00Z", "newsegdate": null, "multi_rep": 0, "streetlabe": "GERMANTOWN AVE", "stname": "GERMANTOWN AVE", "objectid": 22771, "Shape__Len": 173.29067774762979 }, "geometry": { "type": "MultiLineString", "coordinates": [ [ [ -75.159037829235757, 40.022809979082787 ], [ -75.15914063913273, 40.023037328292133 ], [ -75.15955107404443, 40.023928105562547 ] ] ] } },
{ "type": "Feature", "properties": { "fnode_": 11060, "tnode_": 11214, "lpoly_": null, "rpoly_": null, "length": 423.88903438, "stcl2_": null, "stcl2_id": null, "pre_dir": null, "st_name": "WINDRIM", "st_type": "AVE", "suf_dir": null, "zip_left": 19144, "zip_right": 19144, "l_f_add": 2100, "l_t_add": 2198, "r_f_add": 2101, "r_t_add": 2199, "st_code": 83720, "l_hundred": 2100, "r_hundred": 2100, "seg_id": 621316, "oneway": "B", "class": 3, "responsibl": "FAM", "update_": "1998-10-22T00:00:00Z", "newsegdate": null, "multi_rep": 0, "streetlabe": "WINDRIM AVE", "stname": "WINDRIM AVE", "objectid": 23330, "Shape__Len": 169.0054778212247 }, "geometry": { "type": "MultiLineString", "coordinates": [ [ [ -75.159504018030105, 40.022351313421566 ], [ -75.160207441686836, 40.021320997947115 ] ] ] } },
{ "type": "Feature", "properties": { "fnode_": 10450, "tnode_": 10500, "lpoly_": null, "rpoly_": null, "length": 160.87508488, "stcl2_": null, "stcl2_id": null, "pre_dir": null, "st_name": "WINDRIM", "st_type": "AVE", "suf_dir": null, "zip_left": 19141, "zip_right": 19141, "l_f_add": 1790, "l_t_add": 1798, "r_f_add": 1791, "r_t_add": 1799, "st_code": 83720, "l_hundred": 1700, "r_hundred": 1700, "seg_id": 621317, "oneway": "B", "class": 3, "responsibl": "FAM", "update_": "1998-10-22T00:00:00Z", "newsegdate": null, "multi_rep": 0, "streetlabe": "WINDRIM AVE", "stname": "WINDRIM AVE", "objectid": 23331, "Shape__Len": 64.019340065429645 }, "geometry": { "type": "MultiLineString", "coordinates": [ [ [ -75.153763463927703, 40.025880260621655 ], [ -75.154248536753443, 40.02564369400995 ] ] ] } },
{ "type": "Feature", "properties": { "fnode_": 10233, "tnode_": 10402, "lpoly_": null, "rpoly_": null, "length": 591.09985458000006, "stcl2_": null, "stcl2_id": null, "pre_dir": null, "st_name": "WAGNER", "st_type": "AVE", "suf_dir": null, "zip_left": 19141, "zip_right": 19141, "l_f_add": 1800, "l_t_add": 1898, "r_f_add": 1801, "r_t_add": 1899, "st_code": 80880, "l_hundred": 1800, "r_hundred": 1800, "seg_id": 621379, "oneway": "B", "class": 5, "responsibl": "PRIVATE", "update_": "2010-05-14T00:00:00Z", "newsegdate": null, "multi_rep": 0, "streetlabe": "WAGNER AVE", "stname": "WAGNER AVE", "objectid": 23382, "Shape__Len": 235.22057161118391 }, "geometry": { "type": "MultiLineString", "coordinates": [ [ [ -75.153909019241198, 40.026948869766066 ], [ -75.154177632062328, 40.026939998342705 ], [ -75.154491502000212, 40.026787250303798 ], [ -75.155363630944734, 40.026333353812795 ], [ -75.155696480211432, 40.026140022537689 ] ] ] } },
{ "type": "Feature", "properties": { "fnode_": 10227, "tnode_": 10117, "lpoly_": null, "rpoly_": null, "length": 133.39263003, "stcl2_": null, "stcl2_id": null, "pre_dir": "N", "st_name": "19TH", "st_type": "ST", "suf_dir": null, "zip_left": 19141, "zip_right": 19141, "l_f_add": 4700, "l_t_add": 4718, "r_f_add": 4701, "r_t_add": 4819, "st_code": 88150, "l_hundred": 4700, "r_hundred": 4700, "seg_id": 621380, "oneway": "B", "class": 5, "responsibl": "CITY", "update_": "2010-08-31T00:00:00Z", "newsegdate": null, "multi_rep": 0, "streetlabe": "N 19TH ST", "stname": "N 19TH ST", "objectid": 23383, "Shape__Len": 53.228060776437303 }, "geometry": { "type": "MultiLineString", "coordinates": [ [ [ -75.15545644858625, 40.027330494063676 ], [ -75.155379348380805, 40.027691843872809 ] ] ] } },
{ "type": "Feature", "properties": { "fnode_": 9744, "tnode_": 9634, "lpoly_": null, "rpoly_": null, "length": 183.5519442, "stcl2_": null, "stcl2_id": null, "pre_dir": "N", "st_name": "18TH", "st_type": "ST", "suf_dir": null, "zip_left": 19141, "zip_right": 19141, "l_f_add": 4942, "l_t_add": 4998, "r_f_add": 4943, "r_t_add": 4999, "st_code": 88130, "l_hundred": 4900, "r_hundred": 4900, "seg_id": 621769, "oneway": "B", "class": 4, "responsibl": "CITY", "update_": "1998-10-22T00:00:00Z", "newsegdate": "1998-08-03T00:00:00Z", "multi_rep": 0, "streetlabe": "N 18TH ST", "stname": "N 18TH ST", "objectid": 23569, "Shape__Len": 73.245785650344033 }, "geometry": { "type": "MultiLineString", "coordinates": [ [ [ -75.153389249714323, 40.029467158071014 ], [ -75.153345548425406, 40.029642434189725 ], [ -75.153285143564744, 40.029964509281733 ] ] ] } },
{ "type": "Feature", "properties": { "fnode_": 11011, "tnode_": 27710, "lpoly_": null, "rpoly_": null, "length": 17.31650765, "stcl2_": null, "stcl2_id": null, "pre_dir": "W", "st_name": "WINGOHOCKING", "st_type": "ST", "suf_dir": null, "zip_left": 19140, "zip_right": 19140, "l_f_add": 1936, "l_t_add": 1936, "r_f_add": 1935, "r_t_add": 1935, "st_code": 83820, "l_hundred": 1900, "r_hundred": 1900, "seg_id": 621781, "oneway": "TF", "class": 4, "responsibl": "CITY", "update_": "1998-10-22T00:00:00Z", "newsegdate": "1998-10-21T00:00:00Z", "multi_rep": 0, "streetlabe": "W WINGOHOCKING ST", "stname": "W WINGOHOCKING ST", "objectid": 23574, "Shape__Len": 6.8834976439347839 }, "geometry": { "type": "MultiLineString", "coordinates": [ [ [ -75.157306753473677, 40.022616528158615 ], [ -75.157367869932088, 40.022623728584989 ] ] ] } },
{ "type": "Feature", "properties": { "fnode_": 11062, "tnode_": 27711, "lpoly_": null, "rpoly_": null, "length": 16.89026107, "stcl2_": null, "stcl2_id": null, "pre_dir": "W", "st_name": "WINGOHOCKING", "st_type": "ST", "suf_dir": null, "zip_left": 19140, "zip_right": 19140, "l_f_add": 1708, "l_t_add": 1708, "r_f_add": 1715, "r_t_add": 1715, "st_code": 83820, "l_hundred": 1700, "r_hundred": 1700, "seg_id": 621782, "oneway": "TF", "class": 4, "responsibl": "CITY", "update_": "1998-10-22T00:00:00Z", "newsegdate": "1998-10-21T00:00:00Z", "multi_rep": 0, "streetlabe": "W WINGOHOCKING ST", "stname": "W WINGOHOCKING ST", "objectid": 23575, "Shape__Len": 6.7141806465765423 }, "geometry": { "type": "MultiLineString", "coordinates": [ [ [ -75.153849517244979, 40.02216545200055 ], [ -75.153908939079855, 40.022173369223175 ] ] ] } },
{ "type": "Feature", "properties": { "fnode_": 11146, "tnode_": 11133, "lpoly_": null, "rpoly_": null, "length": 250.32405557000001, "stcl2_": null, "stcl2_id": null, "pre_dir": "W", "st_name": "WINGOHOCKING", "st_type": "ST", "suf_dir": null, "zip_left": 19140, "zip_right": 19140, "l_f_add": 1400, "l_t_add": 1424, "r_f_add": 1401, "r_t_add": 1425, "st_code": 83820, "l_hundred": 1400, "r_hundred": 1400, "seg_id": 640382, "oneway": "TF", "class": 4, "responsibl": "CITY", "update_": "2006-09-20T00:00:00Z", "newsegdate": null, "multi_rep": 0, "streetlabe": "W WINGOHOCKING ST", "stname": "W WINGOHOCKING ST", "objectid": 24075, "Shape__Len": 99.507268726835989 }, "geometry": { "type": "MultiLineString", "coordinates": [ [ [ -75.148569336705776, 40.021485204564556 ], [ -75.149450112360171, 40.021602028506841 ] ] ] } },
{ "type": "Feature", "properties": { "fnode_": 11178, "tnode_": 11146, "lpoly_": null, "rpoly_": null, "length": 413.90579447000005, "stcl2_": null, "stcl2_id": null, "pre_dir": "W", "st_name": "WINGOHOCKING", "st_type": "ST", "suf_dir": null, "zip_left": 19140, "zip_right": 19140, "l_f_add": 1308, "l_t_add": 1398, "r_f_add": 1319, "r_t_add": 1399, "st_code": 83820, "l_hundred": 1300, "r_hundred": 1300, "seg_id": 640413, "oneway": "FT", "class": 4, "responsibl": "CITY", "update_": "1998-10-22T00:00:00Z", "newsegdate": null, "multi_rep": 0, "streetlabe": "W WINGOHOCKING ST", "stname": "W WINGOHOCKING ST", "objectid": 24095, "Shape__Len": 164.53337988248674 }, "geometry": { "type": "MultiLineString", "coordinates": [ [ [ -75.148565916272176, 40.021484744846823 ], [ -75.148569336705776, 40.021485204564556 ] ] ] } },
{ "type": "Feature", "properties": { "fnode_": 11238, "tnode_": 11146, "lpoly_": null, "rpoly_": null, "length": 193.62593739, "stcl2_": null, "stcl2_id": null, "pre_dir": "N", "st_name": "BROAD", "st_type": "ST", "suf_dir": null, "zip_left": 19140, "zip_right": 19140, "l_f_add": 4428, "l_t_add": 4498, "r_f_add": 4421, "r_t_add": 4499, "st_code": 19140, "l_hundred": 4400, "r_hundred": 4400, "seg_id": 640447, "oneway": "B", "class": 2, "responsibl": "STATE", "update_": "1998-10-22T00:00:00Z", "newsegdate": null, "multi_rep": 0, "streetlabe": "N BROAD ST", "stname": "N BROAD ST", "objectid": 24124, "Shape__Len": 77.254118702458555 }, "geometry": { "type": "MultiLineString", "coordinates": [ [ [ -75.148694010308503, 40.020962392452525 ], [ -75.148569336705776, 40.021485204564556 ] ] ] } },
{ "type": "Feature", "properties": { "fnode_": 9389, "tnode_": 9274, "lpoly_": null, "rpoly_": null, "length": 209.83732643, "stcl2_": null, "stcl2_id": null, "pre_dir": null, "st_name": "BELFIELD", "st_type": "AVE", "suf_dir": null, "zip_left": 19141, "zip_right": 19141, "l_f_add": 1836, "l_t_add": 1898, "r_f_add": 1837, "r_t_add": 1899, "st_code": 16560, "l_hundred": 1800, "r_hundred": 1800, "seg_id": 721054, "oneway": "B", "class": 2, "responsibl": "FAM", "update_": "1998-08-28T00:00:00Z", "newsegdate": null, "multi_rep": 0, "streetlabe": "BELFIELD AVE", "stname": "BELFIELD AVE", "objectid": 28746, "Shape__Len": 83.617062205081652 }, "geometry": { "type": "MultiLineString", "coordinates": [ [ [ -75.154311171333873, 40.03101134170921 ], [ -75.15477143699259, 40.031454558935373 ] ] ] } },
{ "type": "Feature", "properties": { "fnode_": 9479, "tnode_": 9389, "lpoly_": null, "rpoly_": null, "length": 184.59860844, "stcl2_": null, "stcl2_id": null, "pre_dir": null, "st_name": "BELFIELD", "st_type": "AVE", "suf_dir": null, "zip_left": 19141, "zip_right": 19141, "l_f_add": 1806, "l_t_add": 1834, "r_f_add": 1821, "r_t_add": 1835, "st_code": 16560, "l_hundred": 1800, "r_hundred": 1800, "seg_id": 721056, "oneway": "B", "class": 2, "responsibl": "FAM", "update_": "1998-10-22T00:00:00Z", "newsegdate": null, "multi_rep": 0, "streetlabe": "BELFIELD AVE", "stname": "BELFIELD AVE", "objectid": 28748, "Shape__Len": 73.56938766960721 }, "geometry": { "type": "MultiLineString", "coordinates": [ [ [ -75.153918895075265, 40.030604300416663 ], [ -75.153954754548508, 40.030648226468983 ], [ -75.154311171333873, 40.03101134170921 ] ] ] } },
{ "type": "Feature", "properties": { "fnode_": 9540, "tnode_": 9384, "lpoly_": null, "rpoly_": null, "length": 266.34354393000001, "stcl2_": null, "stcl2_id": null, "pre_dir": "N", "st_name": "20TH", "st_type": "ST", "suf_dir": null, "zip_left": 19141, "zip_right": 19141, "l_f_add": 5000, "l_t_add": 5098, "r_f_add": 5001, "r_t_add": 5099, "st_code": 88170, "l_hundred": 5000, "r_hundred": 5000, "seg_id": 721057, "oneway": "B", "class": 5, "responsibl": "CITY", "update_": "1998-10-22T00:00:00Z", "newsegdate": null, "multi_rep": 0, "streetlabe": "N 20TH ST", "stname": "N 20TH ST", "objectid": 28749, "Shape__Len": 106.29490256404921 }, "geometry": { "type": "MultiLineString", "coordinates": [ [ [ -75.156500582965691, 40.030389800982832 ], [ -75.156515259257048, 40.030467047657758 ], [ -75.156511474622192, 40.031111686601598 ] ] ] } },
{ "type": "Feature", "properties": { "fnode_": 9569, "tnode_": 9540, "lpoly_": null, "rpoly_": null, "length": 246.8210598, "stcl2_": null, "stcl2_id": null, "pre_dir": "W", "st_name": "RUSCOMB", "st_type": "ST", "suf_dir": null, "zip_left": 19141, "zip_right": 19141, "l_f_add": 1924, "l_t_add": 1998, "r_f_add": 1925, "r_t_add": 1999, "st_code": 69880, "l_hundred": 1900, "r_hundred": 1900, "seg_id": 721058, "oneway": "B", "class": 5, "responsibl": "CITY", "update_": "1998-10-22T00:00:00Z", "newsegdate": null, "multi_rep": 0, "streetlabe": "W RUSCOMB ST", "stname": "W RUSCOMB ST", "objectid": 28750, "Shape__Len": 98.128215022756379 }, "geometry": { "type": "MultiLineString", "coordinates": [ [ [ -75.155632872015246, 40.03027087926521 ], [ -75.156500582965691, 40.030389800982832 ] ] ] } },
{ "type": "Feature", "properties": { "fnode_": 9598, "tnode_": 9488, "lpoly_": null, "rpoly_": null, "length": 116.38451657, "stcl2_": null, "stcl2_id": null, "pre_dir": "N", "st_name": "19TH", "st_type": "ST", "suf_dir": null, "zip_left": 19141, "zip_right": 19141, "l_f_add": 5000, "l_t_add": 5098, "r_f_add": 5001, "r_t_add": 5099, "st_code": 88150, "l_hundred": 5000, "r_hundred": 5000, "seg_id": 721059, "oneway": "B", "class": 5, "responsibl": "CITY", "update_": "1998-10-22T00:00:00Z", "newsegdate": null, "multi_rep": 0, "streetlabe": "N 19TH ST", "stname": "N 19TH ST", "objectid": 28751, "Shape__Len": 46.443111695163971 }, "geometry": { "type": "MultiLineString", "coordinates": [ [ [ -75.154843020610755, 40.030162838526863 ], [ -75.154775343152608, 40.030478063462525 ] ] ] } },
{ "type": "Feature", "properties": { "fnode_": 9598, "tnode_": 9569, "lpoly_": null, "rpoly_": null, "length": 224.66079071, "stcl2_": null, "stcl2_id": null, "pre_dir": "W", "st_name": "RUSCOMB", "st_type": "ST", "suf_dir": null, "zip_left": 19141, "zip_right": 19141, "l_f_add": 1900, "l_t_add": 1922, "r_f_add": 1901, "r_t_add": 1923, "st_code": 69880, "l_hundred": 1900, "r_hundred": 1900, "seg_id": 721060, "oneway": "B", "class": 5, "responsibl": "CITY", "update_": "1998-10-22T00:00:00Z", "newsegdate": null, "multi_rep": 0, "streetlabe": "W RUSCOMB ST", "stname": "W RUSCOMB ST", "objectid": 28752, "Shape__Len": 89.317805527889433 }, "geometry": { "type": "MultiLineString", "coordinates": [ [ [ -75.154843020610755, 40.030162838526863 ], [ -75.155632872015246, 40.03027087926521 ] ] ] } },
{ "type": "Feature", "properties": { "fnode_": 9610, "tnode_": 9479, "lpoly_": null, "rpoly_": null, "length": 199.41310034999998, "stcl2_": null, "stcl2_id": null, "pre_dir": "N", "st_name": "GRATZ", "st_type": "ST", "suf_dir": null, "zip_left": 19141, "zip_right": 19141, "l_f_add": 5000, "l_t_add": 5098, "r_f_add": 5001, "r_t_add": 5099, "st_code": 38180, "l_hundred": 5000, "r_hundred": 5000, "seg_id": 721061, "oneway": "B", "class": 5, "responsibl": "CITY", "update_": "1998-10-22T00:00:00Z", "newsegdate": null, "multi_rep": 0, "streetlabe": "N GRATZ ST", "stname": "N GRATZ ST", "objectid": 28753, "Shape__Len": 79.572577966603703 }, "geometry": { "type": "MultiLineString", "coordinates": [ [ [ -75.154054308228822, 40.030066876357267 ], [ -75.153918895075265, 40.030604300416663 ] ] ] } },
{ "type": "Feature", "properties": { "fnode_": 9634, "tnode_": 9479, "lpoly_": null, "rpoly_": null, "length": 292.94349175999997, "stcl2_": null, "stcl2_id": null, "pre_dir": null, "st_name": "BELFIELD", "st_type": "AVE", "suf_dir": null, "zip_left": 19141, "zip_right": 19141, "l_f_add": 1800, "l_t_add": 1804, "r_f_add": 1801, "r_t_add": 1819, "st_code": 16560, "l_hundred": 1800, "r_hundred": 1800, "seg_id": 721063, "oneway": "B", "class": 2, "responsibl": "FAM", "update_": "1998-10-22T00:00:00Z", "newsegdate": null, "multi_rep": 0, "streetlabe": "BELFIELD AVE", "stname": "BELFIELD AVE", "objectid": 28755, "Shape__Len": 116.74221743121211 }, "geometry": { "type": "MultiLineString", "coordinates": [ [ [ -75.153285143564744, 40.029964509281733 ], [ -75.153918895075265, 40.030604300416663 ] ] ] } },
{ "type": "Feature", "properties": { "fnode_": 9712, "tnode_": 9598, "lpoly_": null, "rpoly_": null, "length": 182.01523738, "stcl2_": null, "stcl2_id": null, "pre_dir": "N", "st_name": "19TH", "st_type": "ST", "suf_dir": null, "zip_left": 19141, "zip_right": 19141, "l_f_add": 4942, "l_t_add": 4998, "r_f_add": 4943, "r_t_add": 4999, "st_code": 88150, "l_hundred": 4900, "r_hundred": 4900, "seg_id": 721065, "oneway": "B", "class": 5, "responsibl": "CITY", "update_": "1998-10-22T00:00:00Z", "newsegdate": null, "multi_rep": 0, "streetlabe": "N 19TH ST", "stname": "N 19TH ST", "objectid": 28756, "Shape__Len": 72.632388827489038 }, "geometry": { "type": "MultiLineString", "coordinates": [ [ [ -75.154949974180568, 40.029669996117022 ], [ -75.154843020610755, 40.030162838526863 ] ] ] } },
{ "type": "Feature", "properties": { "fnode_": 9803, "tnode_": 9712, "lpoly_": null, "rpoly_": null, "length": 183.5146009, "stcl2_": null, "stcl2_id": null, "pre_dir": "N", "st_name": "19TH", "st_type": "ST", "suf_dir": null, "zip_left": 19141, "zip_right": 19141, "l_f_add": 4918, "l_t_add": 4940, "r_f_add": 4919, "r_t_add": 4941, "st_code": 88150, "l_hundred": 4900, "r_hundred": 4900, "seg_id": 721067, "oneway": "B", "class": 5, "responsibl": "CITY", "update_": "1998-10-22T00:00:00Z", "newsegdate": null, "multi_rep": 0, "streetlabe": "N 19TH ST", "stname": "N 19TH ST", "objectid": 28757, "Shape__Len": 73.230982310767814 }, "geometry": { "type": "MultiLineString", "coordinates": [ [ [ -75.155052054910897, 40.02917237626172 ], [ -75.154949974180568, 40.029669996117022 ] ] ] } },
{ "type": "Feature", "properties": { "fnode_": 9851, "tnode_": 9744, "lpoly_": null, "rpoly_": null, "length": 179.70918255000001, "stcl2_": null, "stcl2_id": null, "pre_dir": "N", "st_name": "18TH", "st_type": "ST", "suf_dir": null, "zip_left": 19141, "zip_right": 19141, "l_f_add": 4920, "l_t_add": 4940, "r_f_add": 4921, "r_t_add": 4941, "st_code": 88130, "l_hundred": 4900, "r_hundred": 4900, "seg_id": 721069, "oneway": "B", "class": 4, "responsibl": "CITY", "update_": "1998-10-22T00:00:00Z", "newsegdate": null, "multi_rep": 0, "streetlabe": "N 18TH ST", "stname": "N 18TH ST", "objectid": 28758, "Shape__Len": 71.712758835176118 }, "geometry": { "type": "MultiLineString", "coordinates": [ [ [ -75.153485295401779, 40.028979391576975 ], [ -75.153389249714323, 40.029467158071014 ] ] ] } },
{ "type": "Feature", "properties": { "fnode_": 9744, "tnode_": 9712, "lpoly_": null, "rpoly_": null, "length": 443.2645639, "stcl2_": null, "stcl2_id": null, "pre_dir": "W", "st_name": "ALBANUS", "st_type": "ST", "suf_dir": null, "zip_left": 19141, "zip_right": 19141, "l_f_add": 1800, "l_t_add": 1898, "r_f_add": 1801, "r_t_add": 1899, "st_code": 11560, "l_hundred": 1800, "r_hundred": 1800, "seg_id": 721075, "oneway": "FT", "class": 5, "responsibl": "CITY", "update_": "1998-10-22T00:00:00Z", "newsegdate": null, "multi_rep": 0, "streetlabe": "W ALBANUS ST", "stname": "W ALBANUS ST", "objectid": 28760, "Shape__Len": 176.22383125049441 }, "geometry": { "type": "MultiLineString", "coordinates": [ [ [ -75.153389249714323, 40.029467158071014 ], [ -75.154949974180568, 40.029669996117022 ] ] ] } },
{ "type": "Feature", "properties": { "fnode_": 9610, "tnode_": 9598, "lpoly_": null, "rpoly_": null, "length": 223.61715188, "stcl2_": null, "stcl2_id": null, "pre_dir": "W", "st_name": "RUSCOMB", "st_type": "ST", "suf_dir": null, "zip_left": 19141, "zip_right": 19141, "l_f_add": 1824, "l_t_add": 1898, "r_f_add": 1835, "r_t_add": 1899, "st_code": 69880, "l_hundred": 1800, "r_hundred": 1800, "seg_id": 721076, "oneway": "TF", "class": 5, "responsibl": "CITY", "update_": "1998-10-22T00:00:00Z", "newsegdate": null, "multi_rep": 0, "streetlabe": "W RUSCOMB ST", "stname": "W RUSCOMB ST", "objectid": 28761, "Shape__Len": 88.900555113369961 }, "geometry": { "type": "MultiLineString", "coordinates": [ [ [ -75.154054308228822, 40.030066876357267 ], [ -75.154843020610755, 40.030162838526863 ] ] ] } },
{ "type": "Feature", "properties": { "fnode_": 9634, "tnode_": 9610, "lpoly_": null, "rpoly_": null, "length": 218.59828543999996, "stcl2_": null, "stcl2_id": null, "pre_dir": "W", "st_name": "RUSCOMB", "st_type": "ST", "suf_dir": null, "zip_left": 19141, "zip_right": 19141, "l_f_add": 1800, "l_t_add": 1822, "r_f_add": 1801, "r_t_add": 1833, "st_code": 69880, "l_hundred": 1800, "r_hundred": 1800, "seg_id": 721077, "oneway": "TF", "class": 5, "responsibl": "CITY", "update_": "1998-10-22T00:00:00Z", "newsegdate": null, "multi_rep": 0, "streetlabe": "W RUSCOMB ST", "stname": "W RUSCOMB ST", "objectid": 28762, "Shape__Len": 86.906746897633326 }, "geometry": { "type": "MultiLineString", "coordinates": [ [ [ -75.153285143564744, 40.029964509281733 ], [ -75.154054308228822, 40.030066876357267 ] ] ] } },
{ "type": "Feature", "properties": { "fnode_": 9851, "tnode_": 9803, "lpoly_": null, "rpoly_": null, "length": 444.35219163, "stcl2_": null, "stcl2_id": null, "pre_dir": null, "st_name": "SULIS", "st_type": "ST", "suf_dir": null, "zip_left": 19141, "zip_right": 19141, "l_f_add": 1800, "l_t_add": 1898, "r_f_add": 1801, "r_t_add": 1899, "st_code": 75340, "l_hundred": 1800, "r_hundred": 1800, "seg_id": 721078, "oneway": "TF", "class": 5, "responsibl": "CITY", "update_": "1998-10-22T00:00:00Z", "newsegdate": null, "multi_rep": 0, "streetlabe": "SULIS ST", "stname": "SULIS ST", "objectid": 28763, "Shape__Len": 176.65301769337742 }, "geometry": { "type": "MultiLineString", "coordinates": [ [ [ -75.153485295401779, 40.028979391576975 ], [ -75.155052054910897, 40.02917237626172 ] ] ] } },
{ "type": "Feature", "properties": { "fnode_": 11558, "tnode_": 11517, "lpoly_": null, "rpoly_": null, "length": 138.73174104, "stcl2_": null, "stcl2_id": null, "pre_dir": null, "st_name": "CLARISSA", "st_type": "ST", "suf_dir": null, "zip_left": 19140, "zip_right": 19140, "l_f_add": 4354, "l_t_add": 4398, "r_f_add": 4355, "r_t_add": 4399, "st_code": 23480, "l_hundred": 4300, "r_hundred": 4300, "seg_id": 620001, "oneway": "B", "class": 3, "responsibl": "STATE", "update_": "2005-01-14T00:00:00Z", "newsegdate": null, "multi_rep": 0, "streetlabe": "CLARISSA ST", "stname": "CLARISSA ST", "objectid": 22142, "Shape__Len": 55.299570994474685 }, "geometry": { "type": "MultiLineString", "coordinates": [ [ [ -75.160068128609325, 40.019004184846814 ], [ -75.160323658694637, 40.019330431161329 ] ] ] } },
{ "type": "Feature", "properties": { "fnode_": 11621, "tnode_": 11558, "lpoly_": null, "rpoly_": null, "length": 245.10737798, "stcl2_": null, "stcl2_id": null, "pre_dir": null, "st_name": "CLARISSA", "st_type": "ST", "suf_dir": null, "zip_left": 19140, "zip_right": 19140, "l_f_add": 4328, "l_t_add": 4352, "r_f_add": 4329, "r_t_add": 4353, "st_code": 23480, "l_hundred": 4300, "r_hundred": 4300, "seg_id": 620002, "oneway": "B", "class": 3, "responsibl": "STATE", "update_": "2005-01-14T00:00:00Z", "newsegdate": null, "multi_rep": 0, "streetlabe": "CLARISSA ST", "stname": "CLARISSA ST", "objectid": 22143, "Shape__Len": 97.697294834081291 }, "geometry": { "type": "MultiLineString", "coordinates": [ [ [ -75.159608356233377, 40.018431679030151 ], [ -75.160068128609325, 40.019004184846814 ] ] ] } },
{ "type": "Feature", "properties": { "fnode_": 11667, "tnode_": 11621, "lpoly_": null, "rpoly_": null, "length": 155.99979553, "stcl2_": null, "stcl2_id": null, "pre_dir": null, "st_name": "CLARISSA", "st_type": "ST", "suf_dir": null, "zip_left": 19140, "zip_right": 19140, "l_f_add": 4314, "l_t_add": 4326, "r_f_add": 4315, "r_t_add": 4327, "st_code": 23480, "l_hundred": 4300, "r_hundred": 4300, "seg_id": 620003, "oneway": "B", "class": 3, "responsibl": "STATE", "update_": "2005-01-14T00:00:00Z", "newsegdate": null, "multi_rep": 0, "streetlabe": "CLARISSA ST", "stname": "CLARISSA ST", "objectid": 22144, "Shape__Len": 62.18240987615868 }, "geometry": { "type": "MultiLineString", "coordinates": [ [ [ -75.159322112133424, 40.018064322030334 ], [ -75.159608356233377, 40.018431679030151 ] ] ] } },
{ "type": "Feature", "properties": { "fnode_": 11716, "tnode_": 11667, "lpoly_": null, "rpoly_": null, "length": 145.75894225000002, "stcl2_": null, "stcl2_id": null, "pre_dir": null, "st_name": "CLARISSA", "st_type": "ST", "suf_dir": null, "zip_left": 19140, "zip_right": 19140, "l_f_add": 4300, "l_t_add": 4312, "r_f_add": 4301, "r_t_add": 4313, "st_code": 23480, "l_hundred": 4300, "r_hundred": 4300, "seg_id": 620004, "oneway": "B", "class": 3, "responsibl": "STATE", "update_": "2005-01-14T00:00:00Z", "newsegdate": null, "multi_rep": 0, "streetlabe": "CLARISSA ST", "stname": "CLARISSA ST", "objectid": 22145, "Shape__Len": 58.098906430244512 }, "geometry": { "type": "MultiLineString", "coordinates": [ [ [ -75.159052151407806, 40.017722243856284 ], [ -75.159322112133424, 40.018064322030334 ] ] ] } },
{ "type": "Feature", "properties": { "fnode_": 11736, "tnode_": 11716, "lpoly_": null, "rpoly_": null, "length": 124.26719131, "stcl2_": null, "stcl2_id": null, "pre_dir": null, "st_name": "CLARISSA", "st_type": "ST", "suf_dir": null, "zip_left": 19140, "zip_right": 19140, "l_f_add": 4238, "l_t_add": 4298, "r_f_add": 4239, "r_t_add": 4299, "st_code": 23480, "l_hundred": 4200, "r_hundred": 4200, "seg_id": 620005, "oneway": "B", "class": 3, "responsibl": "STATE", "update_": "2005-01-14T00:00:00Z", "newsegdate": null, "multi_rep": 0, "streetlabe": "CLARISSA ST", "stname": "CLARISSA ST", "objectid": 22146, "Shape__Len": 49.539266857996047 }, "geometry": { "type": "MultiLineString", "coordinates": [ [ [ -75.158838165189493, 40.017423414576719 ], [ -75.159052151407806, 40.017722243856284 ] ] ] } },
{ "type": "Feature", "properties": { "fnode_": 11780, "tnode_": 11736, "lpoly_": null, "rpoly_": null, "length": 147.06138822999998, "stcl2_": null, "stcl2_id": null, "pre_dir": null, "st_name": "CLARISSA", "st_type": "ST", "suf_dir": null, "zip_left": 19140, "zip_right": 19140, "l_f_add": 4234, "l_t_add": 4236, "r_f_add": 4235, "r_t_add": 4237, "st_code": 23480, "l_hundred": 4200, "r_hundred": 4200, "seg_id": 620006, "oneway": "B", "class": 3, "responsibl": "STATE", "update_": "2005-01-14T00:00:00Z", "newsegdate": null, "multi_rep": 0, "streetlabe": "CLARISSA ST", "stname": "CLARISSA ST", "objectid": 22147, "Shape__Len": 58.616646464716133 }, "geometry": { "type": "MultiLineString", "coordinates": [ [ [ -75.158563919171641, 40.017079158884698 ], [ -75.158838165189493, 40.017423414576719 ] ] ] } },
{ "type": "Feature", "properties": { "fnode_": 11833, "tnode_": 11780, "lpoly_": null, "rpoly_": null, "length": 169.8547973, "stcl2_": null, "stcl2_id": null, "pre_dir": null, "st_name": "CLARISSA", "st_type": "ST", "suf_dir": null, "zip_left": 19140, "zip_right": 19140, "l_f_add": 4200, "l_t_add": 4232, "r_f_add": 4201, "r_t_add": 4233, "st_code": 23480, "l_hundred": 4200, "r_hundred": 4200, "seg_id": 620007, "oneway": "B", "class": 3, "responsibl": "STATE", "update_": "2005-01-14T00:00:00Z", "newsegdate": null, "multi_rep": 0, "streetlabe": "CLARISSA ST", "stname": "CLARISSA ST", "objectid": 22148, "Shape__Len": 67.699416761541855 }, "geometry": { "type": "MultiLineString", "coordinates": [ [ [ -75.158242838705902, 40.016683604682001 ], [ -75.158563919171641, 40.017079158884698 ] ] ] } },
{ "type": "Feature", "properties": { "fnode_": 12107, "tnode_": 12023, "lpoly_": null, "rpoly_": null, "length": 355.83188953999996, "stcl2_": null, "stcl2_id": null, "pre_dir": null, "st_name": "ALFRED", "st_type": "ST", "suf_dir": null, "zip_left": 19140, "zip_right": 19140, "l_f_add": 3900, "l_t_add": 3998, "r_f_add": 3901, "r_t_add": 3999, "st_code": 11920, "l_hundred": 3900, "r_hundred": 3900, "seg_id": 620015, "oneway": "FT", "class": 5, "responsibl": "CITY", "update_": "1998-10-22T00:00:00Z", "newsegdate": null, "multi_rep": 0, "streetlabe": "ALFRED ST", "stname": "ALFRED ST", "objectid": 22155, "Shape__Len": 141.83107037484496 }, "geometry": { "type": "MultiLineString", "coordinates": [ [ [ -75.158468526776332, 40.013792790910706 ], [ -75.159115122204838, 40.01463359871736 ] ] ] } },
{ "type": "Feature", "properties": { "fnode_": 12126, "tnode_": 12044, "lpoly_": null, "rpoly_": null, "length": 357.31359254999995, "stcl2_": null, "stcl2_id": null, "pre_dir": null, "st_name": "PRISCILLA", "st_type": "ST", "suf_dir": null, "zip_left": 19140, "zip_right": 19140, "l_f_add": 3900, "l_t_add": 3998, "r_f_add": 3901, "r_t_add": 3999, "st_code": 65760, "l_hundred": 3900, "r_hundred": 3900, "seg_id": 620018, "oneway": "FT", "class": 5, "responsibl": "CITY", "update_": "1998-10-22T00:00:00Z", "newsegdate": null, "multi_rep": 0, "streetlabe": "PRISCILLA ST", "stname": "PRISCILLA ST", "objectid": 22157, "Shape__Len": 142.41317137153879 }, "geometry": { "type": "MultiLineString", "coordinates": [ [ [ -75.158884696640115, 40.013598649229721 ], [ -75.15955179449081, 40.014434708409148 ] ] ] } },
{ "type": "Feature", "properties": { "fnode_": 12159, "tnode_": 12070, "lpoly_": null, "rpoly_": null, "length": 352.6803609, "stcl2_": null, "stcl2_id": null, "pre_dir": null, "st_name": "DONATH", "st_type": "ST", "suf_dir": null, "zip_left": 19140, "zip_right": 19140, "l_f_add": 3900, "l_t_add": 3998, "r_f_add": 3901, "r_t_add": 3999, "st_code": 28880, "l_hundred": 3900, "r_hundred": 3900, "seg_id": 620022, "oneway": "FT", "class": 5, "responsibl": "CITY", "update_": "1998-10-22T00:00:00Z", "newsegdate": null, "multi_rep": 0, "streetlabe": "DONATH ST", "stname": "DONATH ST", "objectid": 22161, "Shape__Len": 140.56955703745072 }, "geometry": { "type": "MultiLineString", "coordinates": [ [ [ -75.159392649408019, 40.013370605738622 ], [ -75.160043411394398, 40.014199419551694 ] ] ] } },
{ "type": "Feature", "properties": { "fnode_": 12217, "tnode_": 12119, "lpoly_": null, "rpoly_": null, "length": 356.39223075000001, "stcl2_": null, "stcl2_id": null, "pre_dir": null, "st_name": "ARCHER", "st_type": "ST", "suf_dir": null, "zip_left": 19140, "zip_right": 19140, "l_f_add": 3864, "l_t_add": 3898, "r_f_add": 3861, "r_t_add": 3899, "st_code": 13020, "l_hundred": 3800, "r_hundred": 3800, "seg_id": 620025, "oneway": "FT", "class": 5, "responsibl": "CITY", "update_": "1998-10-22T00:00:00Z", "newsegdate": null, "multi_rep": 0, "streetlabe": "ARCHER ST", "stname": "ARCHER ST", "objectid": 22163, "Shape__Len": 142.05851077668498 }, "geometry": { "type": "MultiLineString", "coordinates": [ [ [ -75.160348322553503, 40.012928292608933 ], [ -75.160982644022525, 40.013776381291862 ] ] ] } },
{ "type": "Feature", "properties": { "fnode_": 12251, "tnode_": 12144, "lpoly_": null, "rpoly_": null, "length": 356.14280759000002, "stcl2_": null, "stcl2_id": null, "pre_dir": null, "st_name": "BLAINE", "st_type": "ST", "suf_dir": null, "zip_left": 19140, "zip_right": 19140, "l_f_add": 3800, "l_t_add": 3898, "r_f_add": 3801, "r_t_add": 3899, "st_code": 17800, "l_hundred": 3800, "r_hundred": 3800, "seg_id": 620026, "oneway": "TF", "class": 5, "responsibl": "CITY", "update_": "1998-10-22T00:00:00Z", "newsegdate": null, "multi_rep": 0, "streetlabe": "BLAINE ST", "stname": "BLAINE ST", "objectid": 22164, "Shape__Len": 141.95149351305162 }, "geometry": { "type": "MultiLineString", "coordinates": [ [ [ -75.16094533465197, 40.01265704357705 ], [ -75.161595037030551, 40.013497422326125 ] ] ] } },
{ "type": "Feature", "properties": { "fnode_": 12268, "tnode_": 12242, "lpoly_": null, "rpoly_": null, "length": 108.83856013, "stcl2_": null, "stcl2_id": null, "pre_dir": null, "st_name": "BLABON", "st_type": "ST", "suf_dir": null, "zip_left": 19140, "zip_right": 19140, "l_f_add": 3800, "l_t_add": 3898, "r_f_add": 3801, "r_t_add": 3899, "st_code": 17740, "l_hundred": 3800, "r_hundred": 3800, "seg_id": 620028, "oneway": "B", "class": 5, "responsibl": "CITY", "update_": "1998-10-22T00:00:00Z", "newsegdate": null, "multi_rep": 0, "streetlabe": "BLABON ST", "stname": "BLABON ST", "objectid": 22166, "Shape__Len": 43.390935684561825 }, "geometry": { "type": "MultiLineString", "coordinates": [ [ [ -75.163779600931434, 40.012581918334845 ], [ -75.1639538157674, 40.012848979193599 ] ] ] } },
{ "type": "Feature", "properties": { "fnode_": 12305, "tnode_": 12268, "lpoly_": null, "rpoly_": null, "length": 144.94415023, "stcl2_": null, "stcl2_id": null, "pre_dir": null, "st_name": "BLABON", "st_type": "ST", "suf_dir": null, "zip_left": 19140, "zip_right": 19140, "l_f_add": 3722, "l_t_add": 3798, "r_f_add": 3723, "r_t_add": 3799, "st_code": 17740, "l_hundred": 3700, "r_hundred": 3700, "seg_id": 620029, "oneway": "B", "class": 5, "responsibl": "CITY", "update_": "1998-10-22T00:00:00Z", "newsegdate": null, "multi_rep": 0, "streetlabe": "BLABON ST", "stname": "BLABON ST", "objectid": 22167, "Shape__Len": 57.770498045908639 }, "geometry": { "type": "MultiLineString", "coordinates": [ [ [ -75.16351337564501, 40.012240729419474 ], [ -75.163779600931434, 40.012581918334845 ] ] ] } },
{ "type": "Feature", "properties": { "fnode_": 12329, "tnode_": 12217, "lpoly_": null, "rpoly_": null, "length": 395.24687894, "stcl2_": null, "stcl2_id": null, "pre_dir": null, "st_name": "ARCHER", "st_type": "ST", "suf_dir": null, "zip_left": 19140, "zip_right": 19140, "l_f_add": 3800, "l_t_add": 3862, "r_f_add": 3801, "r_t_add": 3859, "st_code": 13020, "l_hundred": 3800, "r_hundred": 3800, "seg_id": 620032, "oneway": "TF", "class": 5, "responsibl": "CITY", "update_": "1998-10-22T00:00:00Z", "newsegdate": null, "multi_rep": 0, "streetlabe": "ARCHER ST", "stname": "ARCHER ST", "objectid": 22169, "Shape__Len": 157.54984429046669 }, "geometry": { "type": "MultiLineString", "coordinates": [ [ [ -75.160345811642685, 40.012920556496951 ], [ -75.160348322553503, 40.012928292608933 ] ] ] } },
{ "type": "Feature", "properties": { "fnode_": 12305, "tnode_": 12375, "lpoly_": null, "rpoly_": null, "length": 375.23514598999998, "stcl2_": null, "stcl2_id": null, "pre_dir": null, "st_name": "YELLAND", "st_type": "ST", "suf_dir": null, "zip_left": 19140, "zip_right": 19140, "l_f_add": 2100, "l_t_add": 2198, "r_f_add": 2101, "r_t_add": 2199, "st_code": 85580, "l_hundred": 2100, "r_hundred": 2100, "seg_id": 620034, "oneway": "B", "class": 5, "responsibl": "CITY", "update_": "1998-10-22T00:00:00Z", "newsegdate": null, "multi_rep": 0, "streetlabe": "YELLAND ST", "stname": "YELLAND ST", "objectid": 22171, "Shape__Len": 149.2874585496117 }, "geometry": { "type": "MultiLineString", "coordinates": [ [ [ -75.16351337564501, 40.012240729419474 ], [ -75.164651270777725, 40.011697165770556 ] ] ] } },
{ "type": "Feature", "properties": { "fnode_": 12375, "tnode_": 12352, "lpoly_": null, "rpoly_": null, "length": 69.130849649999988, "stcl2_": null, "stcl2_id": null, "pre_dir": null, "st_name": "SCHUYLER", "st_type": "ST", "suf_dir": null, "zip_left": 19140, "zip_right": 19140, "l_f_add": 3710, "l_t_add": 3714, "r_f_add": 3711, "r_t_add": 3713, "st_code": 71300, "l_hundred": 3700, "r_hundred": 3700, "seg_id": 620035, "oneway": "B", "class": 5, "responsibl": "CITY", "update_": "1998-10-22T00:00:00Z", "newsegdate": null, "multi_rep": 0, "streetlabe": "SCHUYLER ST", "stname": "SCHUYLER ST", "objectid": 22172, "Shape__Len": 27.552036958106971 }, "geometry": { "type": "MultiLineString", "coordinates": [ [ [ -75.164651270777725, 40.011697165770556 ], [ -75.164780960848319, 40.011858623995771 ] ] ] } },
{ "type": "Feature", "properties": { "fnode_": 12378, "tnode_": 12305, "lpoly_": null, "rpoly_": null, "length": 242.78700612, "stcl2_": null, "stcl2_id": null, "pre_dir": null, "st_name": "BLABON", "st_type": "ST", "suf_dir": null, "zip_left": 19140, "zip_right": 19140, "l_f_add": 3700, "l_t_add": 3720, "r_f_add": 3701, "r_t_add": 3721, "st_code": 17740, "l_hundred": 3700, "r_hundred": 3700, "seg_id": 620036, "oneway": "B", "class": 5, "responsibl": "CITY", "update_": "1998-10-22T00:00:00Z", "newsegdate": null, "multi_rep": 0, "streetlabe": "BLABON ST", "stname": "BLABON ST", "objectid": 22173, "Shape__Len": 96.761861556620374 }, "geometry": { "type": "MultiLineString", "coordinates": [ [ [ -75.163055890295524, 40.011674648651386 ], [ -75.16351337564501, 40.012240729419474 ] ] ] } },
{ "type": "Feature", "properties": { "fnode_": 12436, "tnode_": 12375, "lpoly_": null, "rpoly_": null, "length": 239.67199861999995, "stcl2_": null, "stcl2_id": null, "pre_dir": null, "st_name": "SCHUYLER", "st_type": "ST", "suf_dir": null, "zip_left": 19140, "zip_right": 19140, "l_f_add": 3700, "l_t_add": 3708, "r_f_add": 3701, "r_t_add": 3709, "st_code": 71300, "l_hundred": 3700, "r_hundred": 3700, "seg_id": 620040, "oneway": "B", "class": 5, "responsibl": "CITY", "update_": "1998-10-22T00:00:00Z", "newsegdate": null, "multi_rep": 0, "streetlabe": "SCHUYLER ST", "stname": "SCHUYLER ST", "objectid": 22177, "Shape__Len": 95.523711954816434 }, "geometry": { "type": "MultiLineString", "coordinates": [ [ [ -75.164208542701459, 40.011134160194715 ], [ -75.164651270777725, 40.011697165770556 ] ] ] } },
{ "type": "Feature", "properties": { "fnode_": 12320, "tnode_": 12466, "lpoly_": null, "rpoly_": null, "length": 867.91893918999995, "stcl2_": null, "stcl2_id": null, "pre_dir": null, "st_name": "RUFFNER", "st_type": "ST", "suf_dir": null, "zip_left": 19140, "zip_right": 19140, "l_f_add": 2200, "l_t_add": 2278, "r_f_add": 2201, "r_t_add": 2265, "st_code": 69780, "l_hundred": 2200, "r_hundred": 2200, "seg_id": 620042, "oneway": "FT", "class": 5, "responsibl": "CITY", "update_": "1998-10-22T00:00:00Z", "newsegdate": null, "multi_rep": 0, "streetlabe": "RUFFNER ST", "stname": "RUFFNER ST", "objectid": 22179, "Shape__Len": 345.2872176615632 }, "geometry": { "type": "MultiLineString", "coordinates": [ [ [ -75.164992973394135, 40.012150694094252 ], [ -75.167641529375004, 40.010914241724983 ] ] ] } },
{ "type": "Feature", "properties": { "fnode_": 12478, "tnode_": 12378, "lpoly_": null, "rpoly_": null, "length": 384.9635121, "stcl2_": null, "stcl2_id": null, "pre_dir": "N", "st_name": "21ST", "st_type": "ST", "suf_dir": null, "zip_left": 19140, "zip_right": 19140, "l_f_add": 3700, "l_t_add": 3798, "r_f_add": 3701, "r_t_add": 3799, "st_code": 88190, "l_hundred": 3700, "r_hundred": 3700, "seg_id": 620043, "oneway": "TF", "class": 4, "responsibl": "CITY", "update_": "1998-10-22T00:00:00Z", "newsegdate": null, "multi_rep": 0, "streetlabe": "N 21ST ST", "stname": "N 21ST ST", "objectid": 22180, "Shape__Len": 153.48105995543611 }, "geometry": { "type": "MultiLineString", "coordinates": [ [ [ -75.163050871213969, 40.011668020097233 ], [ -75.163055890295524, 40.011674648651386 ] ] ] } },
{ "type": "Feature", "properties": { "fnode_": 12352, "tnode_": 12491, "lpoly_": null, "rpoly_": null, "length": 870.60135184000001, "stcl2_": null, "stcl2_id": null, "pre_dir": null, "st_name": "YELLAND", "st_type": "ST", "suf_dir": null, "zip_left": 19140, "zip_right": 19140, "l_f_add": 2200, "l_t_add": 2298, "r_f_add": 2201, "r_t_add": 2299, "st_code": 85580, "l_hundred": 2200, "r_hundred": 2200, "seg_id": 620044, "oneway": "TF", "class": 5, "responsibl": "CITY", "update_": "1998-10-22T00:00:00Z", "newsegdate": null, "multi_rep": 0, "streetlabe": "YELLAND ST", "stname": "YELLAND ST", "objectid": 22181, "Shape__Len": 346.34827141484953 }, "geometry": { "type": "MultiLineString", "coordinates": [ [ [ -75.164780960848319, 40.011858623995771 ], [ -75.167443823263227, 40.010626150281958 ] ] ] } },
{ "type": "Feature", "properties": { "fnode_": 12352, "tnode_": 12332, "lpoly_": null, "rpoly_": null, "length": 79.66951421, "stcl2_": null, "stcl2_id": null, "pre_dir": null, "st_name": "SCHUYLER", "st_type": "ST", "suf_dir": null, "zip_left": 19140, "zip_right": 19140, "l_f_add": 3716, "l_t_add": 3724, "r_f_add": 3715, "r_t_add": 3723, "st_code": 71300, "l_hundred": 3700, "r_hundred": 3700, "seg_id": 620051, "oneway": "B", "class": 5, "responsibl": "CITY", "update_": "1998-10-22T00:00:00Z", "newsegdate": null, "multi_rep": 0, "streetlabe": "SCHUYLER ST", "stname": "SCHUYLER ST", "objectid": 22186, "Shape__Len": 31.756991834914164 }, "geometry": { "type": "MultiLineString", "coordinates": [ [ [ -75.164780960848319, 40.011858623995771 ], [ -75.164919884102815, 40.012049462991058 ] ] ] } },
{ "type": "Feature", "properties": { "fnode_": 12332, "tnode_": 12320, "lpoly_": null, "rpoly_": null, "length": 42.178668050000013, "stcl2_": null, "stcl2_id": null, "pre_dir": null, "st_name": "SCHUYLER", "st_type": "ST", "suf_dir": null, "zip_left": 19140, "zip_right": 19140, "l_f_add": 3726, "l_t_add": 3728, "r_f_add": 3725, "r_t_add": 3729, "st_code": 71300, "l_hundred": 3700, "r_hundred": 3700, "seg_id": 620052, "oneway": "B", "class": 5, "responsibl": "CITY", "update_": "2006-05-04T00:00:00Z", "newsegdate": null, "multi_rep": 0, "streetlabe": "SCHUYLER ST", "stname": "SCHUYLER ST", "objectid": 22187, "Shape__Len": 16.813032853221952 }, "geometry": { "type": "MultiLineString", "coordinates": [ [ [ -75.164919884102815, 40.012049462991058 ], [ -75.164992973394135, 40.012150694094252 ] ] ] } },
{ "type": "Feature", "properties": { "fnode_": 12268, "tnode_": 12332, "lpoly_": null, "rpoly_": null, "length": 373.68581135, "stcl2_": null, "stcl2_id": null, "pre_dir": null, "st_name": "RUFFNER", "st_type": "ST", "suf_dir": null, "zip_left": 19140, "zip_right": 19140, "l_f_add": 2100, "l_t_add": 2198, "r_f_add": 2101, "r_t_add": 2199, "st_code": 69780, "l_hundred": 2100, "r_hundred": 2100, "seg_id": 620053, "oneway": "B", "class": 5, "responsibl": "CITY", "update_": "1998-10-22T00:00:00Z", "newsegdate": null, "multi_rep": 0, "streetlabe": "RUFFNER ST", "stname": "RUFFNER ST", "objectid": 22188, "Shape__Len": 148.66649740041413 }, "geometry": { "type": "MultiLineString", "coordinates": [ [ [ -75.163779600931434, 40.012581918334845 ], [ -75.164919884102815, 40.012049462991058 ] ] ] } },
{ "type": "Feature", "properties": { "fnode_": 12320, "tnode_": 12302, "lpoly_": null, "rpoly_": null, "length": 88.43951813, "stcl2_": null, "stcl2_id": null, "pre_dir": null, "st_name": "SCHUYLER", "st_type": "ST", "suf_dir": null, "zip_left": 19140, "zip_right": 19140, "l_f_add": 3730, "l_t_add": 3798, "r_f_add": 3731, "r_t_add": 3799, "st_code": 71300, "l_hundred": 3700, "r_hundred": 3700, "seg_id": 620054, "oneway": "B", "class": 5, "responsibl": "CITY", "update_": "2006-05-04T00:00:00Z", "newsegdate": null, "multi_rep": 0, "streetlabe": "SCHUYLER ST", "stname": "SCHUYLER ST", "objectid": 22189, "Shape__Len": 35.235214308051837 }, "geometry": { "type": "MultiLineString", "coordinates": [ [ [ -75.164992973394135, 40.012150694094252 ], [ -75.16518405939081, 40.012343959545525 ] ] ] } },
{ "type": "Feature", "properties": { "fnode_": 12739, "tnode_": 12687, "lpoly_": null, "rpoly_": null, "length": 265.45887238, "stcl2_": null, "stcl2_id": null, "pre_dir": null, "st_name": "CROWELL", "st_type": "ST", "suf_dir": null, "zip_left": 19140, "zip_right": 19140, "l_f_add": 3500, "l_t_add": 3598, "r_f_add": 3501, "r_t_add": 3599, "st_code": 26200, "l_hundred": 3500, "r_hundred": 3500, "seg_id": 620270, "oneway": "B", "class": 4, "responsibl": "CITY", "update_": "2011-05-24T00:00:00Z", "newsegdate": null, "multi_rep": 0, "streetlabe": "CROWELL ST", "stname": "CROWELL ST", "objectid": 22384, "Shape__Len": 105.77677516859697 }, "geometry": { "type": "MultiLineString", "coordinates": [ [ [ -75.169017458437963, 40.008904532693769 ], [ -75.169023089581444, 40.008910900063675 ] ] ] } },
{ "type": "Feature", "properties": { "fnode_": 12670, "tnode_": 12634, "lpoly_": null, "rpoly_": null, "length": 133.65769763, "stcl2_": null, "stcl2_id": null, "pre_dir": "N", "st_name": "24TH", "st_type": "ST", "suf_dir": null, "zip_left": 19140, "zip_right": 19140, "l_f_add": 3530, "l_t_add": 3598, "r_f_add": 3531, "r_t_add": 3599, "st_code": 88260, "l_hundred": 3500, "r_hundred": 3500, "seg_id": 620279, "oneway": "B", "class": 5, "responsibl": "CITY", "update_": "1998-10-22T00:00:00Z", "newsegdate": null, "multi_rep": 0, "streetlabe": "N 24TH ST", "stname": "N 24TH ST", "objectid": 22393, "Shape__Len": 53.324386432545261 }, "geometry": { "type": "MultiLineString", "coordinates": [ [ [ -75.167946459612338, 40.009379289018234 ], [ -75.167947091291239, 40.009387872568745 ] ] ] } },
{ "type": "Feature", "properties": { "fnode_": 12460, "tnode_": 12519, "lpoly_": null, "rpoly_": null, "length": 468.68465787999997, "stcl2_": null, "stcl2_id": null, "pre_dir": "W", "st_name": "HUNTING PARK", "st_type": "AVE", "suf_dir": null, "zip_left": 19140, "zip_right": 19140, "l_f_add": 2200, "l_t_add": 2222, "r_f_add": 2211, "r_t_add": 2235, "st_code": 44040, "l_hundred": 2200, "r_hundred": 2200, "seg_id": 620284, "oneway": "B", "class": 2, "responsibl": "STATE", "update_": "2001-09-05T00:00:00Z", "newsegdate": null, "multi_rep": 0, "streetlabe": "W HUNTING PARK AVE", "stname": "W HUNTING PARK AVE", "objectid": 22398, "Shape__Len": 186.45689887531472 }, "geometry": { "type": "MultiLineString", "coordinates": [ [ [ -75.164564210351642, 40.010967081960054 ], [ -75.165993224153951, 40.010297851470078 ] ] ] } },
{ "type": "Feature", "properties": { "fnode_": 12519, "tnode_": 12578, "lpoly_": null, "rpoly_": null, "length": 284.30698934999998, "stcl2_": null, "stcl2_id": null, "pre_dir": "W", "st_name": "HUNTING PARK", "st_type": "AVE", "suf_dir": null, "zip_left": 19140, "zip_right": 19140, "l_f_add": 2224, "l_t_add": 2298, "r_f_add": 2237, "r_t_add": 2299, "st_code": 44040, "l_hundred": 2200, "r_hundred": 2200, "seg_id": 620285, "oneway": "B", "class": 2, "responsibl": "STATE", "update_": "2001-09-05T00:00:00Z", "newsegdate": null, "multi_rep": 0, "streetlabe": "W HUNTING PARK AVE", "stname": "W HUNTING PARK AVE", "objectid": 22399, "Shape__Len": 113.09409528249378 }, "geometry": { "type": "MultiLineString", "coordinates": [ [ [ -75.165993224153951, 40.010297851470078 ], [ -75.166874465362312, 40.009910657477079 ] ] ] } },
{ "type": "Feature", "properties": { "fnode_": 12578, "tnode_": 12598, "lpoly_": null, "rpoly_": null, "length": 139.74275601000002, "stcl2_": null, "stcl2_id": null, "pre_dir": "W", "st_name": "HUNTING PARK", "st_type": "AVE", "suf_dir": null, "zip_left": 19140, "zip_right": 19140, "l_f_add": 2300, "l_t_add": 2326, "r_f_add": 2301, "r_t_add": 2327, "st_code": 44040, "l_hundred": 2300, "r_hundred": 2300, "seg_id": 620286, "oneway": "B", "class": 2, "responsibl": "STATE", "update_": "1998-10-22T00:00:00Z", "newsegdate": null, "multi_rep": 0, "streetlabe": "W HUNTING PARK AVE", "stname": "W HUNTING PARK AVE", "objectid": 22400, "Shape__Len": 55.597127792084805 }, "geometry": { "type": "MultiLineString", "coordinates": [ [ [ -75.166874465362312, 40.009910657477079 ], [ -75.167295296765374, 40.009704652811777 ] ] ] } },
{ "type": "Feature", "properties": { "fnode_": 12598, "tnode_": 12634, "lpoly_": null, "rpoly_": null, "length": 215.99189618000003, "stcl2_": null, "stcl2_id": null, "pre_dir": "W", "st_name": "HUNTING PARK", "st_type": "AVE", "suf_dir": null, "zip_left": 19140, "zip_right": 19140, "l_f_add": 2328, "l_t_add": 2398, "r_f_add": 2329, "r_t_add": 2399, "st_code": 44040, "l_hundred": 2300, "r_hundred": 2300, "seg_id": 620287, "oneway": "B", "class": 2, "responsibl": "STATE", "update_": "1998-10-22T00:00:00Z", "newsegdate": null, "multi_rep": 0, "streetlabe": "W HUNTING PARK AVE", "stname": "W HUNTING PARK AVE", "objectid": 22401, "Shape__Len": 85.931776418668605 }, "geometry": { "type": "MultiLineString", "coordinates": [ [ [ -75.167295296765374, 40.009704652811777 ], [ -75.167947091291239, 40.009387872568745 ] ] ] } },
{ "type": "Feature", "properties": { "fnode_": 12634, "tnode_": 12687, "lpoly_": null, "rpoly_": null, "length": 347.90632857999998, "stcl2_": null, "stcl2_id": null, "pre_dir": "W", "st_name": "HUNTING PARK", "st_type": "AVE", "suf_dir": null, "zip_left": 19129, "zip_right": 19129, "l_f_add": 2400, "l_t_add": 2422, "r_f_add": 2401, "r_t_add": 2423, "st_code": 44040, "l_hundred": 2400, "r_hundred": 2400, "seg_id": 620288, "oneway": "B", "class": 2, "responsibl": "STATE", "update_": "1998-10-22T00:00:00Z", "newsegdate": null, "multi_rep": 0, "streetlabe": "W HUNTING PARK AVE", "stname": "W HUNTING PARK AVE", "objectid": 22402, "Shape__Len": 138.39305313749006 }, "geometry": { "type": "MultiLineString", "coordinates": [ [ [ -75.167947091291239, 40.009387872568745 ], [ -75.169023089581444, 40.008910900063675 ] ] ] } },
{ "type": "Feature", "properties": { "fnode_": 12546, "tnode_": 12519, "lpoly_": null, "rpoly_": null, "length": 450.93730043, "stcl2_": null, "stcl2_id": null, "pre_dir": "W", "st_name": "PACIFIC", "st_type": "ST", "suf_dir": null, "zip_left": 19140, "zip_right": 19140, "l_f_add": 2200, "l_t_add": 2298, "r_f_add": 2201, "r_t_add": 2299, "st_code": 62660, "l_hundred": 2200, "r_hundred": 2200, "seg_id": 620297, "oneway": "TF", "class": 5, "responsibl": "CITY", "update_": "1998-10-22T00:00:00Z", "newsegdate": null, "multi_rep": 0, "streetlabe": "W PACIFIC ST", "stname": "W PACIFIC ST", "objectid": 22410, "Shape__Len": 179.22705874666627 }, "geometry": { "type": "MultiLineString", "coordinates": [ [ [ -75.165979249472088, 40.010295488064543 ], [ -75.165993224153951, 40.010297851470078 ] ] ] } },
{ "type": "Feature", "properties": { "fnode_": 12605, "tnode_": 12598, "lpoly_": null, "rpoly_": null, "length": 195.70269592, "stcl2_": null, "stcl2_id": null, "pre_dir": "W", "st_name": "VENANGO", "st_type": "ST", "suf_dir": null, "zip_left": 19140, "zip_right": 19140, "l_f_add": 2310, "l_t_add": 2398, "r_f_add": 2241, "r_t_add": 2399, "st_code": 79920, "l_hundred": 2300, "r_hundred": 2200, "seg_id": 620298, "oneway": "TF", "class": 4, "responsibl": "CITY", "update_": "1998-10-22T00:00:00Z", "newsegdate": null, "multi_rep": 0, "streetlabe": "W VENANGO ST", "stname": "W VENANGO ST", "objectid": 22411, "Shape__Len": 77.783536339469961 }, "geometry": { "type": "MultiLineString", "coordinates": [ [ [ -75.167281775047385, 40.009702326285428 ], [ -75.167295296765374, 40.009704652811777 ] ] ] } },
{ "type": "Feature", "properties": { "fnode_": 12605, "tnode_": 12578, "lpoly_": null, "rpoly_": null, "length": 132.5237386, "stcl2_": null, "stcl2_id": null, "pre_dir": null, "st_name": "WISSAHICKON", "st_type": "AVE", "suf_dir": null, "zip_left": 19140, "zip_right": 19140, "l_f_add": 3800, "l_t_add": 3898, "r_f_add": 3801, "r_t_add": 3899, "st_code": 84060, "l_hundred": 3800, "r_hundred": 3800, "seg_id": 620300, "oneway": "B", "class": 4, "responsibl": "CITY", "update_": "1998-10-22T00:00:00Z", "newsegdate": null, "multi_rep": 0, "streetlabe": "WISSAHICKON AVE", "stname": "WISSAHICKON AVE", "objectid": 22413, "Shape__Len": 52.808041278071954 }, "geometry": { "type": "MultiLineString", "coordinates": [ [ [ -75.16686885745564, 40.009904264818765 ], [ -75.166874465362312, 40.009910657477079 ] ] ] } },
{ "type": "Feature", "properties": { "fnode_": 11889, "tnode_": 11957, "lpoly_": null, "rpoly_": null, "length": 432.70144891999996, "stcl2_": null, "stcl2_id": null, "pre_dir": "W", "st_name": "HUNTING PARK", "st_type": "AVE", "suf_dir": null, "zip_left": 19140, "zip_right": 19140, "l_f_add": 1648, "l_t_add": 1698, "r_f_add": 1641, "r_t_add": 1707, "st_code": 44040, "l_hundred": 1600, "r_hundred": 1600, "seg_id": 620347, "oneway": "B", "class": 2, "responsibl": "STATE", "update_": "1998-10-22T00:00:00Z", "newsegdate": null, "multi_rep": 0, "streetlabe": "W HUNTING PARK AVE", "stname": "W HUNTING PARK AVE", "objectid": 22445, "Shape__Len": 172.14176096135756 }, "geometry": { "type": "MultiLineString", "coordinates": [ [ [ -75.153852446600354, 40.015901020170787 ], [ -75.155188361898482, 40.015304522343534 ] ] ] } },
{ "type": "Feature", "properties": { "fnode_": 11957, "tnode_": 12018, "lpoly_": null, "rpoly_": null, "length": 479.31899292000003, "stcl2_": null, "stcl2_id": null, "pre_dir": "W", "st_name": "HUNTING PARK", "st_type": "AVE", "suf_dir": null, "zip_left": 19140, "zip_right": 19140, "l_f_add": 1700, "l_t_add": 1798, "r_f_add": 1709, "r_t_add": 1799, "st_code": 44040, "l_hundred": 1700, "r_hundred": 1700, "seg_id": 620348, "oneway": "B", "class": 2, "responsibl": "STATE", "update_": "1998-10-22T00:00:00Z", "newsegdate": null, "multi_rep": 0, "streetlabe": "W HUNTING PARK AVE", "stname": "W HUNTING PARK AVE", "objectid": 22446, "Shape__Len": 190.69531592437522 }, "geometry": { "type": "MultiLineString", "coordinates": [ [ [ -75.155188361898482, 40.015304522343534 ], [ -75.156655710824509, 40.014627507048218 ] ] ] } },
{ "type": "Feature", "properties": { "fnode_": 12030, "tnode_": 11889, "lpoly_": null, "rpoly_": null, "length": 576.9013444, "stcl2_": null, "stcl2_id": null, "pre_dir": null, "st_name": "GERMANTOWN", "st_type": "AVE", "suf_dir": null, "zip_left": 19140, "zip_right": 19140, "l_f_add": 4000, "l_t_add": 4098, "r_f_add": 4001, "r_t_add": 4099, "st_code": 36660, "l_hundred": 4000, "r_hundred": 4000, "seg_id": 620349, "oneway": "B", "class": 2, "responsibl": "STATE", "update_": "1998-10-22T00:00:00Z", "newsegdate": null, "multi_rep": 0, "streetlabe": "GERMANTOWN AVE", "stname": "GERMANTOWN AVE", "objectid": 22447, "Shape__Len": 230.05510350780943 }, "geometry": { "type": "MultiLineString", "coordinates": [ [ [ -75.153848651638469, 40.015893888229812 ], [ -75.153852446600354, 40.015901020170787 ] ] ] } },
{ "type": "Feature", "properties": { "fnode_": 12018, "tnode_": 12082, "lpoly_": null, "rpoly_": null, "length": 424.85375348000002, "stcl2_": null, "stcl2_id": null, "pre_dir": "W", "st_name": "HUNTING PARK", "st_type": "AVE", "suf_dir": null, "zip_left": 19140, "zip_right": 19140, "l_f_add": 1800, "l_t_add": 1842, "r_f_add": 1801, "r_t_add": 1899, "st_code": 44040, "l_hundred": 1800, "r_hundred": 1800, "seg_id": 620350, "oneway": "B", "class": 2, "responsibl": "STATE", "update_": "1998-10-22T00:00:00Z", "newsegdate": null, "multi_rep": 0, "streetlabe": "W HUNTING PARK AVE", "stname": "W HUNTING PARK AVE", "objectid": 22448, "Shape__Len": 169.02581892940594 }, "geometry": { "type": "MultiLineString", "coordinates": [ [ [ -75.156655710824509, 40.014627507048218 ], [ -75.157955135584075, 40.014025916455637 ] ] ] } },
{ "type": "Feature", "properties": { "fnode_": 12082, "tnode_": 12107, "lpoly_": null, "rpoly_": null, "length": 167.00637621000001, "stcl2_": null, "stcl2_id": null, "pre_dir": "W", "st_name": "HUNTING PARK", "st_type": "AVE", "suf_dir": null, "zip_left": 19140, "zip_right": 19140, "l_f_add": 1844, "l_t_add": 1860, "r_f_add": 1901, "r_t_add": 1915, "st_code": 44040, "l_hundred": 1800, "r_hundred": 1900, "seg_id": 620351, "oneway": "B", "class": 2, "responsibl": "STATE", "update_": "1998-10-22T00:00:00Z", "newsegdate": null, "multi_rep": 0, "streetlabe": "W HUNTING PARK AVE", "stname": "W HUNTING PARK AVE", "objectid": 22449, "Shape__Len": 66.440227536590427 }, "geometry": { "type": "MultiLineString", "coordinates": [ [ [ -75.157955135584075, 40.014025916455637 ], [ -75.158468526776332, 40.013792790910706 ] ] ] } },
{ "type": "Feature", "properties": { "fnode_": 12107, "tnode_": 12118, "lpoly_": null, "rpoly_": null, "length": 74.5767262, "stcl2_": null, "stcl2_id": null, "pre_dir": "W", "st_name": "HUNTING PARK", "st_type": "AVE", "suf_dir": null, "zip_left": 19140, "zip_right": 19140, "l_f_add": 1862, "l_t_add": 1898, "r_f_add": 1917, "r_t_add": 1923, "st_code": 44040, "l_hundred": 1800, "r_hundred": 1900, "seg_id": 620352, "oneway": "B", "class": 2, "responsibl": "STATE", "update_": "1998-10-22T00:00:00Z", "newsegdate": null, "multi_rep": 0, "streetlabe": "W HUNTING PARK AVE", "stname": "W HUNTING PARK AVE", "objectid": 22450, "Shape__Len": 29.671443473925091 }, "geometry": { "type": "MultiLineString", "coordinates": [ [ [ -75.158468526776332, 40.013792790910706 ], [ -75.158694296964754, 40.013684280033594 ] ] ] } },
{ "type": "Feature", "properties": { "fnode_": 12118, "tnode_": 12126, "lpoly_": null, "rpoly_": null, "length": 61.78450288, "stcl2_": null, "stcl2_id": null, "pre_dir": "W", "st_name": "HUNTING PARK", "st_type": "AVE", "suf_dir": null, "zip_left": 19140, "zip_right": 19140, "l_f_add": 1900, "l_t_add": 1900, "r_f_add": 1925, "r_t_add": 1929, "st_code": 44040, "l_hundred": 1900, "r_hundred": 1900, "seg_id": 620353, "oneway": "B", "class": 2, "responsibl": "STATE", "update_": "1998-10-22T00:00:00Z", "newsegdate": null, "multi_rep": 0, "streetlabe": "W HUNTING PARK AVE", "stname": "W HUNTING PARK AVE", "objectid": 22451, "Shape__Len": 24.579305063632948 }, "geometry": { "type": "MultiLineString", "coordinates": [ [ [ -75.158694296964754, 40.013684280033594 ], [ -75.158884696640115, 40.013598649229721 ] ] ] } },
{ "type": "Feature", "properties": { "fnode_": 12126, "tnode_": 12159, "lpoly_": null, "rpoly_": null, "length": 164.75611748, "stcl2_": null, "stcl2_id": null, "pre_dir": "W", "st_name": "HUNTING PARK", "st_type": "AVE", "suf_dir": null, "zip_left": 19140, "zip_right": 19140, "l_f_add": 1902, "l_t_add": 1914, "r_f_add": 1931, "r_t_add": 1953, "st_code": 44040, "l_hundred": 1900, "r_hundred": 1900, "seg_id": 620355, "oneway": "B", "class": 2, "responsibl": "STATE", "update_": "1998-10-22T00:00:00Z", "newsegdate": null, "multi_rep": 0, "streetlabe": "W HUNTING PARK AVE", "stname": "W HUNTING PARK AVE", "objectid": 22453, "Shape__Len": 65.543470819987306 }, "geometry": { "type": "MultiLineString", "coordinates": [ [ [ -75.158884696640115, 40.013598649229721 ], [ -75.159392649408019, 40.013370605738622 ] ] ] } },
{ "type": "Feature", "properties": { "fnode_": 12159, "tnode_": 12217, "lpoly_": null, "rpoly_": null, "length": 312.44155467000002, "stcl2_": null, "stcl2_id": null, "pre_dir": "W", "st_name": "HUNTING PARK", "st_type": "AVE", "suf_dir": null, "zip_left": 19140, "zip_right": 19140, "l_f_add": 1916, "l_t_add": 1968, "r_f_add": 1955, "r_t_add": 1981, "st_code": 44040, "l_hundred": 1900, "r_hundred": 1900, "seg_id": 620356, "oneway": "B", "class": 2, "responsibl": "STATE", "update_": "1998-10-22T00:00:00Z", "newsegdate": null, "multi_rep": 0, "streetlabe": "W HUNTING PARK AVE", "stname": "W HUNTING PARK AVE", "objectid": 22454, "Shape__Len": 124.30100908867719 }, "geometry": { "type": "MultiLineString", "coordinates": [ [ [ -75.159392649408019, 40.013370605738622 ], [ -75.160348322553503, 40.012928292608933 ] ] ] } },
{ "type": "Feature", "properties": { "fnode_": 12217, "tnode_": 12251, "lpoly_": null, "rpoly_": null, "length": 194.23884145, "stcl2_": null, "stcl2_id": null, "pre_dir": "W", "st_name": "HUNTING PARK", "st_type": "AVE", "suf_dir": null, "zip_left": 19140, "zip_right": 19140, "l_f_add": 1970, "l_t_add": 1998, "r_f_add": 1983, "r_t_add": 1999, "st_code": 44040, "l_hundred": 1900, "r_hundred": 1900, "seg_id": 620357, "oneway": "B", "class": 2, "responsibl": "STATE", "update_": "1998-10-22T00:00:00Z", "newsegdate": null, "multi_rep": 0, "streetlabe": "W HUNTING PARK AVE", "stname": "W HUNTING PARK AVE", "objectid": 22455, "Shape__Len": 77.272927989173311 }, "geometry": { "type": "MultiLineString", "coordinates": [ [ [ -75.160348322553503, 40.012928292608933 ], [ -75.16094533465197, 40.01265704357705 ] ] ] } },
{ "type": "Feature", "properties": { "fnode_": 12378, "tnode_": 12436, "lpoly_": null, "rpoly_": null, "length": 378.17053876, "stcl2_": null, "stcl2_id": null, "pre_dir": "W", "st_name": "HUNTING PARK", "st_type": "AVE", "suf_dir": null, "zip_left": 19140, "zip_right": 19140, "l_f_add": 2100, "l_t_add": 2122, "r_f_add": 2101, "r_t_add": 2199, "st_code": 44040, "l_hundred": 2100, "r_hundred": 2100, "seg_id": 620360, "oneway": "B", "class": 2, "responsibl": "STATE", "update_": "2001-09-05T00:00:00Z", "newsegdate": null, "multi_rep": 0, "streetlabe": "W HUNTING PARK AVE", "stname": "W HUNTING PARK AVE", "objectid": 22458, "Shape__Len": 150.44965718727732 }, "geometry": { "type": "MultiLineString", "coordinates": [ [ [ -75.163055890295524, 40.011674648651386 ], [ -75.164208542701459, 40.011134160194715 ] ] ] } },
{ "type": "Feature", "properties": { "fnode_": 12436, "tnode_": 12460, "lpoly_": null, "rpoly_": null, "length": 116.74789953999998, "stcl2_": null, "stcl2_id": null, "pre_dir": "W", "st_name": "HUNTING PARK", "st_type": "AVE", "suf_dir": null, "zip_left": 19140, "zip_right": 19140, "l_f_add": 2124, "l_t_add": 2198, "r_f_add": 2201, "r_t_add": 2209, "st_code": 44040, "l_hundred": 2100, "r_hundred": 2200, "seg_id": 620361, "oneway": "B", "class": 2, "responsibl": "STATE", "update_": "2001-09-05T00:00:00Z", "newsegdate": null, "multi_rep": 0, "streetlabe": "W HUNTING PARK AVE", "stname": "W HUNTING PARK AVE", "objectid": 22459, "Shape__Len": 46.446346285414805 }, "geometry": { "type": "MultiLineString", "coordinates": [ [ [ -75.164208542701459, 40.011134160194715 ], [ -75.164564210351642, 40.010967081960054 ] ] ] } },
{ "type": "Feature", "properties": { "fnode_": 12000, "tnode_": 12023, "lpoly_": null, "rpoly_": null, "length": 166.26083888, "stcl2_": null, "stcl2_id": null, "pre_dir": null, "st_name": "RUFFNER", "st_type": "ST", "suf_dir": null, "zip_left": 19140, "zip_right": 19140, "l_f_add": 1900, "l_t_add": 1914, "r_f_add": 1901, "r_t_add": 1907, "st_code": 69780, "l_hundred": 1900, "r_hundred": 1900, "seg_id": 620366, "oneway": "B", "class": 5, "responsibl": "CITY", "update_": "1998-10-22T00:00:00Z", "newsegdate": null, "multi_rep": 0, "streetlabe": "RUFFNER ST", "stname": "RUFFNER ST", "objectid": 22463, "Shape__Len": 66.151453111205953 }, "geometry": { "type": "MultiLineString", "coordinates": [ [ [ -75.158613330426036, 40.01487740387261 ], [ -75.159115122204838, 40.01463359871736 ] ] ] } },
{ "type": "Feature", "properties": { "fnode_": 12023, "tnode_": 12044, "lpoly_": null, "rpoly_": null, "length": 142.16035753, "stcl2_": null, "stcl2_id": null, "pre_dir": null, "st_name": "RUFFNER", "st_type": "ST", "suf_dir": null, "zip_left": 19140, "zip_right": 19140, "l_f_add": 1916, "l_t_add": 1928, "r_f_add": 1909, "r_t_add": 1923, "st_code": 69780, "l_hundred": 1900, "r_hundred": 1900, "seg_id": 620367, "oneway": "B", "class": 5, "responsibl": "CITY", "update_": "1998-10-22T00:00:00Z", "newsegdate": null, "multi_rep": 0, "streetlabe": "RUFFNER ST", "stname": "RUFFNER ST", "objectid": 22464, "Shape__Len": 56.556504246725147 }, "geometry": { "type": "MultiLineString", "coordinates": [ [ [ -75.159115122204838, 40.01463359871736 ], [ -75.15955179449081, 40.014434708409148 ] ] ] } },
{ "type": "Feature", "properties": { "fnode_": 12044, "tnode_": 12070, "lpoly_": null, "rpoly_": null, "length": 162.19882378, "stcl2_": null, "stcl2_id": null, "pre_dir": null, "st_name": "RUFFNER", "st_type": "ST", "suf_dir": null, "zip_left": 19140, "zip_right": 19140, "l_f_add": 1930, "l_t_add": 1944, "r_f_add": 1925, "r_t_add": 1925, "st_code": 69780, "l_hundred": 1900, "r_hundred": 1900, "seg_id": 620368, "oneway": "B", "class": 5, "responsibl": "CITY", "update_": "1998-10-22T00:00:00Z", "newsegdate": null, "multi_rep": 0, "streetlabe": "RUFFNER ST", "stname": "RUFFNER ST", "objectid": 22465, "Shape__Len": 64.533294685116502 }, "geometry": { "type": "MultiLineString", "coordinates": [ [ [ -75.15955179449081, 40.014434708409148 ], [ -75.160043411394398, 40.014199419551694 ] ] ] } },
{ "type": "Feature", "properties": { "fnode_": 12082, "tnode_": 12000, "lpoly_": null, "rpoly_": null, "length": 360.83494108999997, "stcl2_": null, "stcl2_id": null, "pre_dir": null, "st_name": "PULASKI", "st_type": "AVE", "suf_dir": null, "zip_left": 19140, "zip_right": 19140, "l_f_add": 3918, "l_t_add": 4000, "r_f_add": 3919, "r_t_add": 3999, "st_code": 65880, "l_hundred": 3900, "r_hundred": 3900, "seg_id": 620369, "oneway": "B", "class": 5, "responsibl": "CITY", "update_": "2011-04-04T00:00:00Z", "newsegdate": null, "multi_rep": 0, "streetlabe": "PULASKI AVE", "stname": "PULASKI AVE", "objectid": 22466, "Shape__Len": 143.82461572778553 }, "geometry": { "type": "MultiLineString", "coordinates": [ [ [ -75.157955135584075, 40.014025916455637 ], [ -75.158613330426036, 40.01487740387261 ] ] ] } },
{ "type": "Feature", "properties": { "fnode_": 12070, "tnode_": 12119, "lpoly_": null, "rpoly_": null, "length": 304.89399676, "stcl2_": null, "stcl2_id": null, "pre_dir": null, "st_name": "RUFFNER", "st_type": "ST", "suf_dir": null, "zip_left": 19140, "zip_right": 19140, "l_f_add": 1946, "l_t_add": 1980, "r_f_add": 1929, "r_t_add": 1979, "st_code": 69780, "l_hundred": 1900, "r_hundred": 1900, "seg_id": 620370, "oneway": "B", "class": 5, "responsibl": "CITY", "update_": "1998-10-22T00:00:00Z", "newsegdate": null, "multi_rep": 0, "streetlabe": "RUFFNER ST", "stname": "RUFFNER ST", "objectid": 22467, "Shape__Len": 121.29477605442096 }, "geometry": { "type": "MultiLineString", "coordinates": [ [ [ -75.160043411394398, 40.014199419551694 ], [ -75.160982644022525, 40.013776381291862 ] ] ] } },
{ "type": "Feature", "properties": { "fnode_": 12119, "tnode_": 12144, "lpoly_": null, "rpoly_": null, "length": 199.37508284, "stcl2_": null, "stcl2_id": null, "pre_dir": null, "st_name": "RUFFNER", "st_type": "ST", "suf_dir": null, "zip_left": 19140, "zip_right": 19140, "l_f_add": 1982, "l_t_add": 1998, "r_f_add": 1981, "r_t_add": 1999, "st_code": 69780, "l_hundred": 1900, "r_hundred": 1900, "seg_id": 620371, "oneway": "B", "class": 5, "responsibl": "CITY", "update_": "1998-10-22T00:00:00Z", "newsegdate": null, "multi_rep": 0, "streetlabe": "RUFFNER ST", "stname": "RUFFNER ST", "objectid": 22468, "Shape__Len": 79.317547138427159 }, "geometry": { "type": "MultiLineString", "coordinates": [ [ [ -75.160982644022525, 40.013776381291862 ], [ -75.161595037030551, 40.013497422326125 ] ] ] } },
{ "type": "Feature", "properties": { "fnode_": 12172, "tnode_": 12082, "lpoly_": null, "rpoly_": null, "length": 341.32925722, "stcl2_": null, "stcl2_id": null, "pre_dir": null, "st_name": "PULASKI", "st_type": "AVE", "suf_dir": null, "zip_left": 19140, "zip_right": 19140, "l_f_add": 3900, "l_t_add": 3916, "r_f_add": 3901, "r_t_add": 3917, "st_code": 65880, "l_hundred": 3900, "r_hundred": 3900, "seg_id": 620377, "oneway": "TF", "class": 4, "responsibl": "CITY", "update_": "1998-10-22T00:00:00Z", "newsegdate": null, "multi_rep": 0, "streetlabe": "PULASKI AVE", "stname": "PULASKI AVE", "objectid": 22474, "Shape__Len": 136.05362957458698 }, "geometry": { "type": "MultiLineString", "coordinates": [ [ [ -75.157950168242309, 40.014019317713014 ], [ -75.157955135584075, 40.014025916455637 ] ] ] } },
{ "type": "Feature", "properties": { "fnode_": 12174, "tnode_": 12018, "lpoly_": null, "rpoly_": null, "length": 540.66296652000005, "stcl2_": null, "stcl2_id": null, "pre_dir": "N", "st_name": "18TH", "st_type": "ST", "suf_dir": null, "zip_left": 19140, "zip_right": 19140, "l_f_add": 3900, "l_t_add": 3998, "r_f_add": 3901, "r_t_add": 3999, "st_code": 88130, "l_hundred": 3900, "r_hundred": 3900, "seg_id": 620378, "oneway": "B", "class": 4, "responsibl": "FAM", "update_": "1998-10-22T00:00:00Z", "newsegdate": null, "multi_rep": 0, "streetlabe": "N 18TH ST", "stname": "N 18TH ST", "objectid": 22475, "Shape__Len": 215.70065905354514 }, "geometry": { "type": "MultiLineString", "coordinates": [ [ [ -75.156655743400634, 40.014618593513994 ], [ -75.156655710824509, 40.014627507048218 ] ] ] } },
{ "type": "Feature", "properties": { "fnode_": 12155, "tnode_": 12118, "lpoly_": null, "rpoly_": null, "length": 130.98990584000001, "stcl2_": null, "stcl2_id": null, "pre_dir": "N", "st_name": "19TH", "st_type": "ST", "suf_dir": null, "zip_left": 19140, "zip_right": 19140, "l_f_add": 3860, "l_t_add": 3898, "r_f_add": 3867, "r_t_add": 3899, "st_code": 88150, "l_hundred": 3800, "r_hundred": 3800, "seg_id": 620410, "oneway": "FT", "class": 4, "responsibl": "CITY", "update_": "1998-10-22T00:00:00Z", "newsegdate": null, "multi_rep": 0, "streetlabe": "N 19TH ST", "stname": "N 19TH ST", "objectid": 22505, "Shape__Len": 52.218787689454402 }, "geometry": { "type": "MultiLineString", "coordinates": [ [ [ -75.158689666510526, 40.013677575769584 ], [ -75.158694296964754, 40.013684280033594 ] ] ] } },
{ "type": "Feature", "properties": { "fnode_": 12324, "tnode_": 12251, "lpoly_": null, "rpoly_": null, "length": 252.04562062, "stcl2_": null, "stcl2_id": null, "pre_dir": "N", "st_name": "20TH", "st_type": "ST", "suf_dir": null, "zip_left": 19140, "zip_right": 19140, "l_f_add": 3800, "l_t_add": 3898, "r_f_add": 3801, "r_t_add": 3899, "st_code": 88170, "l_hundred": 3800, "r_hundred": 3800, "seg_id": 620422, "oneway": "B", "class": 4, "responsibl": "CITY", "update_": "1998-10-22T00:00:00Z", "newsegdate": null, "multi_rep": 0, "streetlabe": "N 20TH ST", "stname": "N 20TH ST", "objectid": 22517, "Shape__Len": 100.44522048968008 }, "geometry": { "type": "MultiLineString", "coordinates": [ [ [ -75.160939910616861, 40.012650624769712 ], [ -75.16094533465197, 40.01265704357705 ] ] ] } },
{ "type": "Feature", "properties": { "fnode_": 11459, "tnode_": 11410, "lpoly_": null, "rpoly_": null, "length": 133.09060535, "stcl2_": null, "stcl2_id": null, "pre_dir": null, "st_name": "WAYNE", "st_type": "AVE", "suf_dir": null, "zip_left": 19140, "zip_right": 19140, "l_f_add": 4354, "l_t_add": 4398, "r_f_add": 4339, "r_t_add": 4353, "st_code": 81880, "l_hundred": 4300, "r_hundred": 4300, "seg_id": 620425, "oneway": "B", "class": 5, "responsibl": "CITY", "update_": "1998-10-22T00:00:00Z", "newsegdate": null, "multi_rep": 0, "streetlabe": "WAYNE AVE", "stname": "WAYNE AVE", "objectid": 22520, "Shape__Len": 53.052569369115481 }, "geometry": { "type": "MultiLineString", "coordinates": [ [ [ -75.158624561232799, 40.019675661967597 ], [ -75.158867304089853, 40.019989745846893 ] ] ] } },
{ "type": "Feature", "properties": { "fnode_": 11541, "tnode_": 11459, "lpoly_": null, "rpoly_": null, "length": 244.86257337000001, "stcl2_": null, "stcl2_id": null, "pre_dir": null, "st_name": "WAYNE", "st_type": "AVE", "suf_dir": null, "zip_left": 19140, "zip_right": 19140, "l_f_add": 4328, "l_t_add": 4352, "r_f_add": 4325, "r_t_add": 4337, "st_code": 81880, "l_hundred": 4300, "r_hundred": 4300, "seg_id": 620426, "oneway": "B", "class": 5, "responsibl": "CITY", "update_": "1998-10-22T00:00:00Z", "newsegdate": null, "multi_rep": 0, "streetlabe": "WAYNE AVE", "stname": "WAYNE AVE", "objectid": 22521, "Shape__Len": 97.607494694224243 }, "geometry": { "type": "MultiLineString", "coordinates": [ [ [ -75.158180256317038, 40.019096759738801 ], [ -75.158624561232799, 40.019675661967597 ] ] ] } },
{ "type": "Feature", "properties": { "fnode_": 11579, "tnode_": 11541, "lpoly_": null, "rpoly_": null, "length": 157.18770267, "stcl2_": null, "stcl2_id": null, "pre_dir": null, "st_name": "WAYNE", "st_type": "AVE", "suf_dir": null, "zip_left": 19140, "zip_right": 19140, "l_f_add": 4318, "l_t_add": 4326, "r_f_add": 4317, "r_t_add": 4323, "st_code": 81880, "l_hundred": 4300, "r_hundred": 4300, "seg_id": 620427, "oneway": "B", "class": 5, "responsibl": "CITY", "update_": "1998-10-22T00:00:00Z", "newsegdate": null, "multi_rep": 0, "streetlabe": "WAYNE AVE", "stname": "WAYNE AVE", "objectid": 22522, "Shape__Len": 62.651102936707417 }, "geometry": { "type": "MultiLineString", "coordinates": [ [ [ -75.157880064068479, 40.018732177401738 ], [ -75.158180256317038, 40.019096759738801 ] ] ] } },
{ "type": "Feature", "properties": { "fnode_": 11629, "tnode_": 11579, "lpoly_": null, "rpoly_": null, "length": 144.55375784999995, "stcl2_": null, "stcl2_id": null, "pre_dir": null, "st_name": "WAYNE", "st_type": "AVE", "suf_dir": null, "zip_left": 19140, "zip_right": 19140, "l_f_add": 4300, "l_t_add": 4316, "r_f_add": 4301, "r_t_add": 4315, "st_code": 81880, "l_hundred": 4300, "r_hundred": 4300, "seg_id": 620428, "oneway": "B", "class": 5, "responsibl": "CITY", "update_": "1998-10-22T00:00:00Z", "newsegdate": null, "multi_rep": 0, "streetlabe": "WAYNE AVE", "stname": "WAYNE AVE", "objectid": 22523, "Shape__Len": 57.623871098387994 }, "geometry": { "type": "MultiLineString", "coordinates": [ [ [ -75.157623034988248, 40.018388069380649 ], [ -75.157880064068479, 40.018732177401738 ] ] ] } },
{ "type": "Feature", "properties": { "fnode_": 11661, "tnode_": 11629, "lpoly_": null, "rpoly_": null, "length": 125.91010616, "stcl2_": null, "stcl2_id": null, "pre_dir": null, "st_name": "WAYNE", "st_type": "AVE", "suf_dir": null, "zip_left": 19140, "zip_right": 19140, "l_f_add": 4228, "l_t_add": 4298, "r_f_add": 4227, "r_t_add": 4299, "st_code": 81880, "l_hundred": 4200, "r_hundred": 4200, "seg_id": 620429, "oneway": "B", "class": 5, "responsibl": "CITY", "update_": "1998-10-22T00:00:00Z", "newsegdate": null, "multi_rep": 0, "streetlabe": "WAYNE AVE", "stname": "WAYNE AVE", "objectid": 22524, "Shape__Len": 50.189662195565155 }, "geometry": { "type": "MultiLineString", "coordinates": [ [ [ -75.157394630904477, 40.018090367861035 ], [ -75.157623034988248, 40.018388069380649 ] ] ] } },
{ "type": "Feature", "properties": { "fnode_": 11741, "tnode_": 11697, "lpoly_": null, "rpoly_": null, "length": 166.90234185, "stcl2_": null, "stcl2_id": null, "pre_dir": null, "st_name": "WAYNE", "st_type": "AVE", "suf_dir": null, "zip_left": 19140, "zip_right": 19140, "l_f_add": 4200, "l_t_add": 4220, "r_f_add": 4201, "r_t_add": 4221, "st_code": 81880, "l_hundred": 4200, "r_hundred": 4200, "seg_id": 620430, "oneway": "B", "class": 5, "responsibl": "CITY", "update_": "1998-10-22T00:00:00Z", "newsegdate": null, "multi_rep": 0, "streetlabe": "WAYNE AVE", "stname": "WAYNE AVE", "objectid": 22525, "Shape__Len": 66.526818514303812 }, "geometry": { "type": "MultiLineString", "coordinates": [ [ [ -75.156795531570879, 40.017347972863533 ], [ -75.157103373347979, 40.01774026612884 ] ] ] } },
{ "type": "Feature", "properties": { "fnode_": 11410, "tnode_": 11291, "lpoly_": null, "rpoly_": null, "length": 397.40576623000004, "stcl2_": null, "stcl2_id": null, "pre_dir": null, "st_name": "WAYNE", "st_type": "AVE", "suf_dir": null, "zip_left": 19140, "zip_right": 19140, "l_f_add": 4400, "l_t_add": 4418, "r_f_add": 4355, "r_t_add": 4431, "st_code": 81880, "l_hundred": 4400, "r_hundred": 4300, "seg_id": 620431, "oneway": "B", "class": 5, "responsibl": "CITY", "update_": "1998-10-22T00:00:00Z", "newsegdate": null, "multi_rep": 0, "streetlabe": "WAYNE AVE", "stname": "WAYNE AVE", "objectid": 22526, "Shape__Len": 158.42084960732393 }, "geometry": { "type": "MultiLineString", "coordinates": [ [ [ -75.158867304089853, 40.019989745846893 ], [ -75.159236912792295, 40.020451710947995 ], [ -75.159362302505187, 40.020603158839847 ], [ -75.159577713388842, 40.020932936415953 ] ] ] } },
{ "type": "Feature", "properties": { "fnode_": 11697, "tnode_": 11685, "lpoly_": null, "rpoly_": null, "length": 37.76313532, "stcl2_": null, "stcl2_id": null, "pre_dir": null, "st_name": "WAYNE", "st_type": "AVE", "suf_dir": null, "zip_left": 19140, "zip_right": 19140, "l_f_add": 0, "l_t_add": 0, "r_f_add": 0, "r_t_add": 0, "st_code": 81880, "l_hundred": 0, "r_hundred": 0, "seg_id": 620432, "oneway": "B", "class": 5, "responsibl": "CITY", "update_": "1998-10-22T00:00:00Z", "newsegdate": null, "multi_rep": 0, "streetlabe": "WAYNE AVE", "stname": "WAYNE AVE", "objectid": 22527, "Shape__Len": 15.05137839263983 }, "geometry": { "type": "MultiLineString", "coordinates": [ [ [ -75.157103373347979, 40.01774026612884 ], [ -75.157175102084992, 40.017828042834424 ] ] ] } },
{ "type": "Feature", "properties": { "fnode_": 11685, "tnode_": 11661, "lpoly_": null, "rpoly_": null, "length": 113.63298277000001, "stcl2_": null, "stcl2_id": null, "pre_dir": null, "st_name": "WAYNE", "st_type": "AVE", "suf_dir": null, "zip_left": 19140, "zip_right": 19140, "l_f_add": 4222, "l_t_add": 4226, "r_f_add": 4223, "r_t_add": 4225, "st_code": 81880, "l_hundred": 4200, "r_hundred": 4200, "seg_id": 620433, "oneway": "B", "class": 5, "responsibl": "CITY", "update_": "1998-10-22T00:00:00Z", "newsegdate": null, "multi_rep": 0, "streetlabe": "WAYNE AVE", "stname": "WAYNE AVE", "objectid": 22528, "Shape__Len": 45.289451153794403 }, "geometry": { "type": "MultiLineString", "coordinates": [ [ [ -75.157175102084992, 40.017828042834424 ], [ -75.157394630904477, 40.018090367861035 ] ] ] } },
{ "type": "Feature", "properties": { "fnode_": 11705, "tnode_": 11785, "lpoly_": null, "rpoly_": null, "length": 422.14369432000001, "stcl2_": null, "stcl2_id": null, "pre_dir": null, "st_name": "DOUNTON", "st_type": "ST", "suf_dir": null, "zip_left": 19140, "zip_right": 19140, "l_f_add": 1700, "l_t_add": 1798, "r_f_add": 1701, "r_t_add": 1735, "st_code": 29040, "l_hundred": 1700, "r_hundred": 1700, "seg_id": 620435, "oneway": "B", "class": 5, "responsibl": "CITY", "update_": "1998-10-22T00:00:00Z", "newsegdate": null, "multi_rep": 0, "streetlabe": "DOUNTON ST", "stname": "DOUNTON ST", "objectid": 22529, "Shape__Len": 167.96295283660268 }, "geometry": { "type": "MultiLineString", "coordinates": [ [ [ -75.154790498729383, 40.017658810566722 ], [ -75.156071252784614, 40.017047924653554 ] ] ] } },
{ "type": "Feature", "properties": { "fnode_": 11785, "tnode_": 11799, "lpoly_": null, "rpoly_": null, "length": 119.09044054, "stcl2_": null, "stcl2_id": null, "pre_dir": null, "st_name": "DOUNTON", "st_type": "ST", "suf_dir": null, "zip_left": 19140, "zip_right": 19140, "l_f_add": 1800, "l_t_add": 1808, "r_f_add": 1737, "r_t_add": 1799, "st_code": 29040, "l_hundred": 1800, "r_hundred": 1700, "seg_id": 620436, "oneway": "B", "class": 5, "responsibl": "CITY", "update_": "1998-10-22T00:00:00Z", "newsegdate": null, "multi_rep": 0, "streetlabe": "DOUNTON ST", "stname": "DOUNTON ST", "objectid": 22530, "Shape__Len": 47.373841960328662 }, "geometry": { "type": "MultiLineString", "coordinates": [ [ [ -75.156071252784614, 40.017047924653554 ], [ -75.156445314217905, 40.016892501832146 ] ] ] } },
{ "type": "Feature", "properties": { "fnode_": 11777, "tnode_": 11840, "lpoly_": null, "rpoly_": null, "length": 386.20091959000001, "stcl2_": null, "stcl2_id": null, "pre_dir": null, "st_name": "STAUB", "st_type": "ST", "suf_dir": null, "zip_left": 19140, "zip_right": 19140, "l_f_add": 1700, "l_t_add": 1798, "r_f_add": 1701, "r_t_add": 1799, "st_code": 74520, "l_hundred": 1700, "r_hundred": 1700, "seg_id": 620437, "oneway": "B", "class": 5, "responsibl": "CITY", "update_": "1998-10-22T00:00:00Z", "newsegdate": null, "multi_rep": 0, "streetlabe": "STAUB ST", "stname": "STAUB ST", "objectid": 22531, "Shape__Len": 153.62033172003942 }, "geometry": { "type": "MultiLineString", "coordinates": [ [ [ -75.154475494936605, 40.017084934454864 ], [ -75.155103287881417, 40.016861947929407 ], [ -75.155699842891565, 40.016599509451716 ] ] ] } },
{ "type": "Feature", "properties": { "fnode_": 11840, "tnode_": 11785, "lpoly_": null, "rpoly_": null, "length": 193.66240019, "stcl2_": null, "stcl2_id": null, "pre_dir": null, "st_name": "GREENE", "st_type": "ST", "suf_dir": null, "zip_left": 19140, "zip_right": 19140, "l_f_add": 4100, "l_t_add": 4198, "r_f_add": 4101, "r_t_add": 4199, "st_code": 38460, "l_hundred": 4100, "r_hundred": 4100, "seg_id": 620438, "oneway": "B", "class": 5, "responsibl": "CITY", "update_": "1998-10-22T00:00:00Z", "newsegdate": null, "multi_rep": 0, "streetlabe": "GREENE ST", "stname": "GREENE ST", "objectid": 22532, "Shape__Len": 77.185905037850901 }, "geometry": { "type": "MultiLineString", "coordinates": [ [ [ -75.155699842891565, 40.016599509451716 ], [ -75.156071252784614, 40.017047924653554 ] ] ] } },
{ "type": "Feature", "properties": { "fnode_": 11845, "tnode_": 11863, "lpoly_": null, "rpoly_": null, "length": 232.81969837, "stcl2_": null, "stcl2_id": null, "pre_dir": null, "st_name": "STAUB", "st_type": "ST", "suf_dir": null, "zip_left": 19140, "zip_right": 19140, "l_f_add": 1800, "l_t_add": 1898, "r_f_add": 1801, "r_t_add": 1899, "st_code": 74520, "l_hundred": 1800, "r_hundred": 1800, "seg_id": 620439, "oneway": "B", "class": 5, "responsibl": "CITY", "update_": "2007-05-24T00:00:00Z", "newsegdate": null, "multi_rep": 0, "streetlabe": "STAUB ST", "stname": "STAUB ST", "objectid": 22533, "Shape__Len": 92.556149286834071 }, "geometry": { "type": "MultiLineString", "coordinates": [ [ [ -75.156544332745952, 40.016493289417944 ], [ -75.157347064738374, 40.016327389405582 ] ] ] } },
{ "type": "Feature", "properties": { "fnode_": 11863, "tnode_": 11807, "lpoly_": null, "rpoly_": null, "length": 234.53263721, "stcl2_": null, "stcl2_id": null, "pre_dir": null, "st_name": "NEWHALL", "st_type": "ST", "suf_dir": null, "zip_left": 19140, "zip_right": 19140, "l_f_add": 4100, "l_t_add": 4198, "r_f_add": 4101, "r_t_add": 4199, "st_code": 59620, "l_hundred": 4100, "r_hundred": 4100, "seg_id": 620440, "oneway": "B", "class": 5, "responsibl": "CITY", "update_": "1998-10-22T00:00:00Z", "newsegdate": null, "multi_rep": 0, "streetlabe": "NEWHALL ST", "stname": "NEWHALL ST", "objectid": 22534, "Shape__Len": 93.49171151777405 }, "geometry": { "type": "MultiLineString", "coordinates": [ [ [ -75.157347064738374, 40.016327389405582 ], [ -75.157759526882629, 40.016887683338162 ] ] ] } },
{ "type": "Feature", "properties": { "fnode_": 11409, "tnode_": 11342, "lpoly_": null, "rpoly_": null, "length": 256.95809529000002, "stcl2_": null, "stcl2_id": null, "pre_dir": null, "st_name": "GERMANTOWN", "st_type": "AVE", "suf_dir": null, "zip_left": 19140, "zip_right": 19140, "l_f_add": 4330, "l_t_add": 4366, "r_f_add": 4333, "r_t_add": 4359, "st_code": 36660, "l_hundred": 4300, "r_hundred": 4300, "seg_id": 620441, "oneway": "B", "class": 2, "responsibl": "STATE", "update_": "1998-10-22T00:00:00Z", "newsegdate": null, "multi_rep": 0, "streetlabe": "GERMANTOWN AVE", "stname": "GERMANTOWN AVE", "objectid": 22535, "Shape__Len": 102.37729312203534 }, "geometry": { "type": "MultiLineString", "coordinates": [ [ [ -75.156351457668208, 40.019929089733864 ], [ -75.156924093635425, 40.020480203243523 ] ] ] } },
{ "type": "Feature", "properties": { "fnode_": 11449, "tnode_": 11409, "lpoly_": null, "rpoly_": null, "length": 108.5885607, "stcl2_": null, "stcl2_id": null, "pre_dir": null, "st_name": "GERMANTOWN", "st_type": "AVE", "suf_dir": null, "zip_left": 19140, "zip_right": 19140, "l_f_add": 4320, "l_t_add": 4328, "r_f_add": 4321, "r_t_add": 4331, "st_code": 36660, "l_hundred": 4300, "r_hundred": 4300, "seg_id": 620442, "oneway": "B", "class": 2, "responsibl": "STATE", "update_": "1998-10-22T00:00:00Z", "newsegdate": null, "multi_rep": 0, "streetlabe": "GERMANTOWN AVE", "stname": "GERMANTOWN AVE", "objectid": 22536, "Shape__Len": 43.256616468957091 }, "geometry": { "type": "MultiLineString", "coordinates": [ [ [ -75.156097016084004, 40.01970417453478 ], [ -75.156351457668208, 40.019929089733864 ] ] ] } },
{ "type": "Feature", "properties": { "fnode_": 11536, "tnode_": 11449, "lpoly_": null, "rpoly_": null, "length": 251.19909865000002, "stcl2_": null, "stcl2_id": null, "pre_dir": null, "st_name": "GERMANTOWN", "st_type": "AVE", "suf_dir": null, "zip_left": 19140, "zip_right": 19140, "l_f_add": 4300, "l_t_add": 4318, "r_f_add": 4301, "r_t_add": 4319, "st_code": 36660, "l_hundred": 4300, "r_hundred": 4300, "seg_id": 620443, "oneway": "B", "class": 2, "responsibl": "STATE", "update_": "1998-10-22T00:00:00Z", "newsegdate": null, "multi_rep": 0, "streetlabe": "GERMANTOWN AVE", "stname": "GERMANTOWN AVE", "objectid": 22537, "Shape__Len": 100.15625632483965 }, "geometry": { "type": "MultiLineString", "coordinates": [ [ [ -75.155695661874688, 40.019087501327924 ], [ -75.156097016084004, 40.01970417453478 ] ] ] } },
{ "type": "Feature", "properties": { "fnode_": 27712, "tnode_": 11536, "lpoly_": null, "rpoly_": null, "length": 180.70583356, "stcl2_": null, "stcl2_id": null, "pre_dir": null, "st_name": "GERMANTOWN", "st_type": "AVE", "suf_dir": null, "zip_left": 19140, "zip_right": 19140, "l_f_add": 4218, "l_t_add": 4298, "r_f_add": 4221, "r_t_add": 4299, "st_code": 36660, "l_hundred": 4200, "r_hundred": 4200, "seg_id": 620444, "oneway": "B", "class": 2, "responsibl": "STATE", "update_": "1998-10-22T00:00:00Z", "newsegdate": null, "multi_rep": 0, "streetlabe": "GERMANTOWN AVE", "stname": "GERMANTOWN AVE", "objectid": 22538, "Shape__Len": 72.054874349117924 }, "geometry": { "type": "MultiLineString", "coordinates": [ [ [ -75.155421911987204, 40.018638307704215 ], [ -75.155695661874688, 40.019087501327924 ] ] ] } },
{ "type": "Feature", "properties": { "fnode_": 11649, "tnode_": 27713, "lpoly_": null, "rpoly_": null, "length": 177.7455864, "stcl2_": null, "stcl2_id": null, "pre_dir": null, "st_name": "GERMANTOWN", "st_type": "AVE", "suf_dir": null, "zip_left": 19140, "zip_right": 19140, "l_f_add": 4200, "l_t_add": 4216, "r_f_add": 4203, "r_t_add": 4219, "st_code": 36660, "l_hundred": 4200, "r_hundred": 4200, "seg_id": 620445, "oneway": "B", "class": 2, "responsibl": "STATE", "update_": "1998-10-22T00:00:00Z", "newsegdate": null, "multi_rep": 0, "streetlabe": "GERMANTOWN AVE", "stname": "GERMANTOWN AVE", "objectid": 22539, "Shape__Len": 70.868111734894285 }, "geometry": { "type": "MultiLineString", "coordinates": [ [ [ -75.155100570512275, 40.018144036674443 ], [ -75.155385140036557, 40.018580164020655 ] ] ] } },
{ "type": "Feature", "properties": { "fnode_": 11664, "tnode_": 11649, "lpoly_": null, "rpoly_": null, "length": 45.55212922, "stcl2_": null, "stcl2_id": null, "pre_dir": null, "st_name": "GERMANTOWN", "st_type": "AVE", "suf_dir": null, "zip_left": 19140, "zip_right": 19140, "l_f_add": 4182, "l_t_add": 4198, "r_f_add": 4201, "r_t_add": 4201, "st_code": 36660, "l_hundred": 4100, "r_hundred": 4200, "seg_id": 620446, "oneway": "B", "class": 2, "responsibl": "STATE", "update_": "1998-10-22T00:00:00Z", "newsegdate": null, "multi_rep": 0, "streetlabe": "GERMANTOWN AVE", "stname": "GERMANTOWN AVE", "objectid": 22540, "Shape__Len": 18.161602936008595 }, "geometry": { "type": "MultiLineString", "coordinates": [ [ [ -75.155027134630799, 40.018032463822323 ], [ -75.155100570512275, 40.018144036674443 ] ] ] } },
{ "type": "Feature", "properties": { "fnode_": 11705, "tnode_": 11664, "lpoly_": null, "rpoly_": null, "length": 151.39437932000001, "stcl2_": null, "stcl2_id": null, "pre_dir": null, "st_name": "GERMANTOWN", "st_type": "AVE", "suf_dir": null, "zip_left": 19140, "zip_right": 19140, "l_f_add": 4168, "l_t_add": 4180, "r_f_add": 4165, "r_t_add": 4199, "st_code": 36660, "l_hundred": 4100, "r_hundred": 4100, "seg_id": 620447, "oneway": "B", "class": 2, "responsibl": "STATE", "update_": "1998-10-22T00:00:00Z", "newsegdate": null, "multi_rep": 0, "streetlabe": "GERMANTOWN AVE", "stname": "GERMANTOWN AVE", "objectid": 22541, "Shape__Len": 60.363525986729307 }, "geometry": { "type": "MultiLineString", "coordinates": [ [ [ -75.154790498729383, 40.017658810566722 ], [ -75.155027134630799, 40.018032463822323 ] ] ] } },
{ "type": "Feature", "properties": { "fnode_": 11742, "tnode_": 11705, "lpoly_": null, "rpoly_": null, "length": 149.44940204, "stcl2_": null, "stcl2_id": null, "pre_dir": null, "st_name": "GERMANTOWN", "st_type": "AVE", "suf_dir": null, "zip_left": 19140, "zip_right": 19140, "l_f_add": 4152, "l_t_add": 4166, "r_f_add": 4153, "r_t_add": 4163, "st_code": 36660, "l_hundred": 4100, "r_hundred": 4100, "seg_id": 620448, "oneway": "B", "class": 2, "responsibl": "STATE", "update_": "1998-10-22T00:00:00Z", "newsegdate": null, "multi_rep": 0, "streetlabe": "GERMANTOWN AVE", "stname": "GERMANTOWN AVE", "objectid": 22542, "Shape__Len": 59.595895489388653 }, "geometry": { "type": "MultiLineString", "coordinates": [ [ [ -75.154579265130735, 40.017282071007088 ], [ -75.154790498729383, 40.017658810566722 ] ] ] } },
{ "type": "Feature", "properties": { "fnode_": 11777, "tnode_": 11742, "lpoly_": null, "rpoly_": null, "length": 77.47219281, "stcl2_": null, "stcl2_id": null, "pre_dir": null, "st_name": "GERMANTOWN", "st_type": "AVE", "suf_dir": null, "zip_left": 19140, "zip_right": 19140, "l_f_add": 4146, "l_t_add": 4150, "r_f_add": 4147, "r_t_add": 4151, "st_code": 36660, "l_hundred": 4100, "r_hundred": 4100, "seg_id": 620449, "oneway": "B", "class": 2, "responsibl": "STATE", "update_": "1998-10-22T00:00:00Z", "newsegdate": null, "multi_rep": 0, "streetlabe": "GERMANTOWN AVE", "stname": "GERMANTOWN AVE", "objectid": 22543, "Shape__Len": 30.895375823330475 }, "geometry": { "type": "MultiLineString", "coordinates": [ [ [ -75.154475494936605, 40.017084934454864 ], [ -75.154579265130735, 40.017282071007088 ] ] ] } },
{ "type": "Feature", "properties": { "fnode_": 11342, "tnode_": 11243, "lpoly_": null, "rpoly_": null, "length": 289.13008529000001, "stcl2_": null, "stcl2_id": null, "pre_dir": null, "st_name": "GERMANTOWN", "st_type": "AVE", "suf_dir": null, "zip_left": 19140, "zip_right": 19140, "l_f_add": 4368, "l_t_add": 4398, "r_f_add": 4361, "r_t_add": 4399, "st_code": 36660, "l_hundred": 4300, "r_hundred": 4300, "seg_id": 620450, "oneway": "B", "class": 2, "responsibl": "STATE", "update_": "1998-10-22T00:00:00Z", "newsegdate": null, "multi_rep": 0, "streetlabe": "GERMANTOWN AVE", "stname": "GERMANTOWN AVE", "objectid": 22544, "Shape__Len": 115.20489474522111 }, "geometry": { "type": "MultiLineString", "coordinates": [ [ [ -75.156924093635425, 40.020480203243523 ], [ -75.157053903472118, 40.020606986443887 ], [ -75.15718647634354, 40.020742933941982 ], [ -75.157552474507469, 40.021109893814085 ] ] ] } },
{ "type": "Feature", "properties": { "fnode_": 11410, "tnode_": 11517, "lpoly_": null, "rpoly_": null, "length": 473.35285922999998, "stcl2_": null, "stcl2_id": null, "pre_dir": null, "st_name": "NEWCOMB", "st_type": "ST", "suf_dir": null, "zip_left": 19140, "zip_right": 19140, "l_f_add": 2000, "l_t_add": 2098, "r_f_add": 2001, "r_t_add": 2099, "st_code": 59600, "l_hundred": 2000, "r_hundred": 2000, "seg_id": 620455, "oneway": "TF", "class": 5, "responsibl": "CITY", "update_": "1998-10-22T00:00:00Z", "newsegdate": null, "multi_rep": 0, "streetlabe": "NEWCOMB ST", "stname": "NEWCOMB ST", "objectid": 22548, "Shape__Len": 188.32927497541891 }, "geometry": { "type": "MultiLineString", "coordinates": [ [ [ -75.158867304089853, 40.019989745846893 ], [ -75.160323658694637, 40.019330431161329 ] ] ] } },
{ "type": "Feature", "properties": { "fnode_": 11409, "tnode_": 11541, "lpoly_": null, "rpoly_": null, "length": 595.2233709, "stcl2_": null, "stcl2_id": null, "pre_dir": null, "st_name": "ROWAN", "st_type": "ST", "suf_dir": null, "zip_left": 19140, "zip_right": 19140, "l_f_add": 1900, "l_t_add": 1998, "r_f_add": 1901, "r_t_add": 1999, "st_code": 69560, "l_hundred": 1900, "r_hundred": 1900, "seg_id": 620456, "oneway": "TF", "class": 5, "responsibl": "CITY", "update_": "1998-10-22T00:00:00Z", "newsegdate": null, "multi_rep": 0, "streetlabe": "ROWAN ST", "stname": "ROWAN ST", "objectid": 22549, "Shape__Len": 236.81835201898096 }, "geometry": { "type": "MultiLineString", "coordinates": [ [ [ -75.156351457668208, 40.019929089733864 ], [ -75.158180256317038, 40.019096759738801 ] ] ] } },
{ "type": "Feature", "properties": { "fnode_": 11546, "tnode_": 11525, "lpoly_": null, "rpoly_": null, "length": 365.39450638, "stcl2_": null, "stcl2_id": null, "pre_dir": "W", "st_name": "BRISTOL", "st_type": "ST", "suf_dir": null, "zip_left": 19140, "zip_right": 19140, "l_f_add": 1632, "l_t_add": 1698, "r_f_add": 1615, "r_t_add": 1699, "st_code": 19100, "l_hundred": 1600, "r_hundred": 1600, "seg_id": 620457, "oneway": "TF", "class": 5, "responsibl": "CITY", "update_": "1998-10-22T00:00:00Z", "newsegdate": null, "multi_rep": 0, "streetlabe": "W BRISTOL ST", "stname": "W BRISTOL ST", "objectid": 22550, "Shape__Len": 145.24353543333987 }, "geometry": { "type": "MultiLineString", "coordinates": [ [ [ -75.152726188060853, 40.018939857549022 ], [ -75.154012299866878, 40.019108123736011 ] ] ] } },
{ "type": "Feature", "properties": { "fnode_": 11525, "tnode_": 27713, "lpoly_": null, "rpoly_": null, "length": 429.92594133, "stcl2_": null, "stcl2_id": null, "pre_dir": "W", "st_name": "BRISTOL", "st_type": "ST", "suf_dir": null, "zip_left": 19140, "zip_right": 19140, "l_f_add": 1700, "l_t_add": 1798, "r_f_add": 1701, "r_t_add": 1799, "st_code": 19100, "l_hundred": 1700, "r_hundred": 1700, "seg_id": 620465, "oneway": "TF", "class": 5, "responsibl": "CITY", "update_": "1998-10-22T00:00:00Z", "newsegdate": null, "multi_rep": 0, "streetlabe": "W BRISTOL ST", "stname": "W BRISTOL ST", "objectid": 22557, "Shape__Len": 171.01052560934195 }, "geometry": { "type": "MultiLineString", "coordinates": [ [ [ -75.154012299866878, 40.019108123736011 ], [ -75.155385140036557, 40.018580164020655 ] ] ] } },
{ "type": "Feature", "properties": { "fnode_": 11546, "tnode_": 11619, "lpoly_": null, "rpoly_": null, "length": 458.79866102, "stcl2_": null, "stcl2_id": null, "pre_dir": "W", "st_name": "JUNIATA", "st_type": "ST", "suf_dir": null, "zip_left": 19140, "zip_right": 19140, "l_f_add": 1600, "l_t_add": 1708, "r_f_add": 1601, "r_t_add": 1699, "st_code": 46420, "l_hundred": 1600, "r_hundred": 1600, "seg_id": 620467, "oneway": "TF", "class": 5, "responsibl": "CITY", "update_": "1998-10-22T00:00:00Z", "newsegdate": null, "multi_rep": 0, "streetlabe": "W JUNIATA ST", "stname": "W JUNIATA ST", "objectid": 22559, "Shape__Len": 182.50565174873287 }, "geometry": { "type": "MultiLineString", "coordinates": [ [ [ -75.152726188060853, 40.018939857549022 ], [ -75.152838471577979, 40.018883314791417 ], [ -75.153027663792201, 40.018799167004424 ], [ -75.153606674064889, 40.018567676740886 ], [ -75.154011877263073, 40.018401866961561 ], [ -75.154113483430422, 40.018368417057715 ], [ -75.154176369864047, 40.018364160507147 ] ] ] } },
{ "type": "Feature", "properties": { "fnode_": 11541, "tnode_": 11621, "lpoly_": null, "rpoly_": null, "length": 467.64020618000001, "stcl2_": null, "stcl2_id": null, "pre_dir": null, "st_name": "ROWAN", "st_type": "ST", "suf_dir": null, "zip_left": 19140, "zip_right": 19140, "l_f_add": 2000, "l_t_add": 2098, "r_f_add": 2001, "r_t_add": 2099, "st_code": 69560, "l_hundred": 2000, "r_hundred": 2000, "seg_id": 620468, "oneway": "TF", "class": 5, "responsibl": "CITY", "update_": "1998-10-22T00:00:00Z", "newsegdate": null, "multi_rep": 0, "streetlabe": "ROWAN ST", "stname": "ROWAN ST", "objectid": 22560, "Shape__Len": 186.06203680953925 }, "geometry": { "type": "MultiLineString", "coordinates": [ [ [ -75.158180256317038, 40.019096759738801 ], [ -75.159608356233377, 40.018431679030151 ] ] ] } },
{ "type": "Feature", "properties": { "fnode_": 11619, "tnode_": 11664, "lpoly_": null, "rpoly_": null, "length": 267.17170265, "stcl2_": null, "stcl2_id": null, "pre_dir": "W", "st_name": "JUNIATA", "st_type": "ST", "suf_dir": null, "zip_left": 19140, "zip_right": 19140, "l_f_add": 1710, "l_t_add": 1722, "r_f_add": 1701, "r_t_add": 1715, "st_code": 46420, "l_hundred": 1700, "r_hundred": 1700, "seg_id": 620470, "oneway": "TF", "class": 5, "responsibl": "CITY", "update_": "1998-10-22T00:00:00Z", "newsegdate": null, "multi_rep": 0, "streetlabe": "W JUNIATA ST", "stname": "W JUNIATA ST", "objectid": 22562, "Shape__Len": 106.27304265068528 }, "geometry": { "type": "MultiLineString", "coordinates": [ [ [ -75.154176369864047, 40.018364160507147 ], [ -75.155027134630799, 40.018032463822323 ] ] ] } },
{ "type": "Feature", "properties": { "fnode_": 11629, "tnode_": 11716, "lpoly_": null, "rpoly_": null, "length": 468.02787014, "stcl2_": null, "stcl2_id": null, "pre_dir": "W", "st_name": "BRISTOL", "st_type": "ST", "suf_dir": null, "zip_left": 19140, "zip_right": 19140, "l_f_add": 1900, "l_t_add": 1998, "r_f_add": 1901, "r_t_add": 1999, "st_code": 19100, "l_hundred": 1900, "r_hundred": 1900, "seg_id": 620473, "oneway": "TF", "class": 5, "responsibl": "CITY", "update_": "1998-10-22T00:00:00Z", "newsegdate": null, "multi_rep": 0, "streetlabe": "W BRISTOL ST", "stname": "W BRISTOL ST", "objectid": 22565, "Shape__Len": 186.21445269318664 }, "geometry": { "type": "MultiLineString", "coordinates": [ [ [ -75.157623034988248, 40.018388069380649 ], [ -75.159052151407806, 40.017722243856284 ] ] ] } },
{ "type": "Feature", "properties": { "fnode_": 11649, "tnode_": 11741, "lpoly_": null, "rpoly_": null, "length": 556.3006186, "stcl2_": null, "stcl2_id": null, "pre_dir": "W", "st_name": "JUNIATA", "st_type": "ST", "suf_dir": null, "zip_left": 19140, "zip_right": 19140, "l_f_add": 1724, "l_t_add": 1798, "r_f_add": 1717, "r_t_add": 1799, "st_code": 46420, "l_hundred": 1700, "r_hundred": 1700, "seg_id": 620474, "oneway": "TF", "class": 5, "responsibl": "CITY", "update_": "1998-10-22T00:00:00Z", "newsegdate": null, "multi_rep": 0, "streetlabe": "W JUNIATA ST", "stname": "W JUNIATA ST", "objectid": 22566, "Shape__Len": 221.33733868942392 }, "geometry": { "type": "MultiLineString", "coordinates": [ [ [ -75.155100570512275, 40.018144036674443 ], [ -75.156795531570879, 40.017347972863533 ] ] ] } },
{ "type": "Feature", "properties": { "fnode_": 11636, "tnode_": 11742, "lpoly_": null, "rpoly_": null, "length": 691.14945805000002, "stcl2_": null, "stcl2_id": null, "pre_dir": null, "st_name": "STAUB", "st_type": "ST", "suf_dir": null, "zip_left": 19140, "zip_right": 19140, "l_f_add": 1600, "l_t_add": 1698, "r_f_add": 1601, "r_t_add": 1699, "st_code": 74520, "l_hundred": 1600, "r_hundred": 1600, "seg_id": 620475, "oneway": "TF", "class": 5, "responsibl": "CITY", "update_": "1998-10-22T00:00:00Z", "newsegdate": null, "multi_rep": 0, "streetlabe": "STAUB ST", "stname": "STAUB ST", "objectid": 22567, "Shape__Len": 274.92491833349692 }, "geometry": { "type": "MultiLineString", "coordinates": [ [ [ -75.152388630975082, 40.018155019084134 ], [ -75.153968760778938, 40.017516029015546 ], [ -75.154404975501294, 40.017343641611703 ], [ -75.154579265130735, 40.017282071007088 ] ] ] } },
{ "type": "Feature", "properties": { "fnode_": 11741, "tnode_": 11807, "lpoly_": null, "rpoly_": null, "length": 317.83301212000009, "stcl2_": null, "stcl2_id": null, "pre_dir": "W", "st_name": "JUNIATA", "st_type": "ST", "suf_dir": null, "zip_left": 19140, "zip_right": 19140, "l_f_add": 1800, "l_t_add": 1838, "r_f_add": 1801, "r_t_add": 1839, "st_code": 46420, "l_hundred": 1800, "r_hundred": 1800, "seg_id": 620477, "oneway": "TF", "class": 5, "responsibl": "CITY", "update_": "1998-10-22T00:00:00Z", "newsegdate": null, "multi_rep": 0, "streetlabe": "W JUNIATA ST", "stname": "W JUNIATA ST", "objectid": 22569, "Shape__Len": 126.45948985403462 }, "geometry": { "type": "MultiLineString", "coordinates": [ [ [ -75.156795531570879, 40.017347972863533 ], [ -75.157759526882629, 40.016887683338162 ] ] ] } },
{ "type": "Feature", "properties": { "fnode_": 11807, "tnode_": 11833, "lpoly_": null, "rpoly_": null, "length": 154.44146711, "stcl2_": null, "stcl2_id": null, "pre_dir": "W", "st_name": "JUNIATA", "st_type": "ST", "suf_dir": null, "zip_left": 19140, "zip_right": 19140, "l_f_add": 1840, "l_t_add": 1898, "r_f_add": 1841, "r_t_add": 1899, "st_code": 46420, "l_hundred": 1800, "r_hundred": 1800, "seg_id": 620479, "oneway": "TF", "class": 5, "responsibl": "CITY", "update_": "1998-10-22T00:00:00Z", "newsegdate": null, "multi_rep": 0, "streetlabe": "W JUNIATA ST", "stname": "W JUNIATA ST", "objectid": 22571, "Shape__Len": 61.43759537355507 }, "geometry": { "type": "MultiLineString", "coordinates": [ [ [ -75.157759526882629, 40.016887683338162 ], [ -75.158242838705902, 40.016683604682001 ] ] ] } },
{ "type": "Feature", "properties": { "fnode_": 11420, "tnode_": 11407, "lpoly_": null, "rpoly_": null, "length": 30.95303804, "stcl2_": null, "stcl2_id": null, "pre_dir": "N", "st_name": "17TH", "st_type": "ST", "suf_dir": null, "zip_left": 19140, "zip_right": 19140, "l_f_add": 4342, "l_t_add": 4342, "r_f_add": 4331, "r_t_add": 4331, "st_code": 88110, "l_hundred": 4300, "r_hundred": 4300, "seg_id": 620482, "oneway": "FT", "class": 5, "responsibl": "CITY", "update_": "1998-10-22T00:00:00Z", "newsegdate": null, "multi_rep": 0, "streetlabe": "N 17TH ST", "stname": "N 17TH ST", "objectid": 22573, "Shape__Len": 12.349415422324965 }, "geometry": { "type": "MultiLineString", "coordinates": [ [ [ -75.153864183641929, 40.019824797961377 ], [ -75.153843140460594, 40.019908213232718 ] ] ] } },
{ "type": "Feature", "properties": { "fnode_": 11451, "tnode_": 11420, "lpoly_": null, "rpoly_": null, "length": 77.55860332, "stcl2_": null, "stcl2_id": null, "pre_dir": "N", "st_name": "17TH", "st_type": "ST", "suf_dir": null, "zip_left": 19140, "zip_right": 19140, "l_f_add": 4340, "l_t_add": 4340, "r_f_add": 4321, "r_t_add": 4329, "st_code": 88110, "l_hundred": 4300, "r_hundred": 4300, "seg_id": 620483, "oneway": "FT", "class": 5, "responsibl": "CITY", "update_": "1998-10-22T00:00:00Z", "newsegdate": null, "multi_rep": 0, "streetlabe": "N 17TH ST", "stname": "N 17TH ST", "objectid": 22574, "Shape__Len": 30.945910908941464 }, "geometry": { "type": "MultiLineString", "coordinates": [ [ [ -75.153901367602259, 40.019613818444455 ], [ -75.153864183641929, 40.019824797961377 ] ] ] } },
{ "type": "Feature", "properties": { "fnode_": 11342, "tnode_": 11459, "lpoly_": null, "rpoly_": null, "length": 559.21571639000001, "stcl2_": null, "stcl2_id": null, "pre_dir": null, "st_name": "DENNIE", "st_type": "ST", "suf_dir": null, "zip_left": 19140, "zip_right": 19140, "l_f_add": 1900, "l_t_add": 1998, "r_f_add": 1901, "r_t_add": 1999, "st_code": 28200, "l_hundred": 1900, "r_hundred": 1900, "seg_id": 620484, "oneway": "FT", "class": 5, "responsibl": "CITY", "update_": "1998-10-22T00:00:00Z", "newsegdate": null, "multi_rep": 0, "streetlabe": "DENNIE ST", "stname": "DENNIE ST", "objectid": 22575, "Shape__Len": 222.50738282030889 }, "geometry": { "type": "MultiLineString", "coordinates": [ [ [ -75.156924093635425, 40.020480203243523 ], [ -75.158624561232799, 40.019675661967597 ] ] ] } },
{ "type": "Feature", "properties": { "fnode_": 11525, "tnode_": 11451, "lpoly_": null, "rpoly_": null, "length": 186.81763724000001, "stcl2_": null, "stcl2_id": null, "pre_dir": "N", "st_name": "17TH", "st_type": "ST", "suf_dir": null, "zip_left": 19140, "zip_right": 19140, "l_f_add": 4300, "l_t_add": 4338, "r_f_add": 4301, "r_t_add": 4319, "st_code": 88110, "l_hundred": 4300, "r_hundred": 4300, "seg_id": 620485, "oneway": "FT", "class": 5, "responsibl": "CITY", "update_": "1998-10-22T00:00:00Z", "newsegdate": null, "multi_rep": 0, "streetlabe": "N 17TH ST", "stname": "N 17TH ST", "objectid": 22576, "Shape__Len": 74.537094102687746 }, "geometry": { "type": "MultiLineString", "coordinates": [ [ [ -75.154012299866878, 40.019108123736011 ], [ -75.153901367602259, 40.019613818444455 ] ] ] } },
{ "type": "Feature", "properties": { "fnode_": 11459, "tnode_": 11558, "lpoly_": null, "rpoly_": null, "length": 472.54996538999995, "stcl2_": null, "stcl2_id": null, "pre_dir": null, "st_name": "DENNIE", "st_type": "ST", "suf_dir": null, "zip_left": 19140, "zip_right": 19140, "l_f_add": 2000, "l_t_add": 2098, "r_f_add": 2001, "r_t_add": 2099, "st_code": 28200, "l_hundred": 2000, "r_hundred": 2000, "seg_id": 620486, "oneway": "FT", "class": 5, "responsibl": "CITY", "update_": "1998-10-22T00:00:00Z", "newsegdate": null, "multi_rep": 0, "streetlabe": "DENNIE ST", "stname": "DENNIE ST", "objectid": 22577, "Shape__Len": 188.01674697405355 }, "geometry": { "type": "MultiLineString", "coordinates": [ [ [ -75.158624561232799, 40.019675661967597 ], [ -75.160068128609325, 40.019004184846814 ] ] ] } },
{ "type": "Feature", "properties": { "fnode_": 11619, "tnode_": 11525, "lpoly_": null, "rpoly_": null, "length": 274.88131052, "stcl2_": null, "stcl2_id": null, "pre_dir": "N", "st_name": "17TH", "st_type": "ST", "suf_dir": null, "zip_left": 19140, "zip_right": 19140, "l_f_add": 4200, "l_t_add": 4298, "r_f_add": 4201, "r_t_add": 4299, "st_code": 88110, "l_hundred": 4200, "r_hundred": 4200, "seg_id": 620487, "oneway": "FT", "class": 5, "responsibl": "CITY", "update_": "1998-10-22T00:00:00Z", "newsegdate": null, "multi_rep": 0, "streetlabe": "N 17TH ST", "stname": "N 17TH ST", "objectid": 22578, "Shape__Len": 109.67189246988831 }, "geometry": { "type": "MultiLineString", "coordinates": [ [ [ -75.154176369864047, 40.018364160507147 ], [ -75.154012299866878, 40.019108123736011 ] ] ] } },
{ "type": "Feature", "properties": { "fnode_": 11579, "tnode_": 11667, "lpoly_": null, "rpoly_": null, "length": 471.50861518, "stcl2_": null, "stcl2_id": null, "pre_dir": null, "st_name": "DALKEITH", "st_type": "ST", "suf_dir": null, "zip_left": 19140, "zip_right": 19140, "l_f_add": 1900, "l_t_add": 1998, "r_f_add": 1901, "r_t_add": 1999, "st_code": 27180, "l_hundred": 1900, "r_hundred": 1900, "seg_id": 620488, "oneway": "FT", "class": 5, "responsibl": "CITY", "update_": "1998-10-22T00:00:00Z", "newsegdate": null, "multi_rep": 0, "streetlabe": "DALKEITH ST", "stname": "DALKEITH ST", "objectid": 22579, "Shape__Len": 187.59855315173709 }, "geometry": { "type": "MultiLineString", "coordinates": [ [ [ -75.157880064068479, 40.018732177401738 ], [ -75.159322112133424, 40.018064322030334 ] ] ] } },
{ "type": "Feature", "properties": { "fnode_": 11590, "tnode_": 11705, "lpoly_": null, "rpoly_": null, "length": 717.12205988999995, "stcl2_": null, "stcl2_id": null, "pre_dir": null, "st_name": "DOUNTON", "st_type": "ST", "suf_dir": null, "zip_left": 19140, "zip_right": 19140, "l_f_add": 1600, "l_t_add": 1698, "r_f_add": 1601, "r_t_add": 1699, "st_code": 29040, "l_hundred": 1600, "r_hundred": 1600, "seg_id": 620489, "oneway": "FT", "class": 5, "responsibl": "CITY", "update_": "1998-10-22T00:00:00Z", "newsegdate": null, "multi_rep": 0, "streetlabe": "DOUNTON ST", "stname": "DOUNTON ST", "objectid": 22580, "Shape__Len": 285.25925801922631 }, "geometry": { "type": "MultiLineString", "coordinates": [ [ [ -75.152519140403029, 40.018567383150376 ], [ -75.154790498729383, 40.017658810566722 ] ] ] } },
{ "type": "Feature", "properties": { "fnode_": 11661, "tnode_": 11736, "lpoly_": null, "rpoly_": null, "length": 471.69916316999996, "stcl2_": null, "stcl2_id": null, "pre_dir": null, "st_name": "BONITZ", "st_type": "ST", "suf_dir": null, "zip_left": 19140, "zip_right": 19140, "l_f_add": 1900, "l_t_add": 1998, "r_f_add": 1901, "r_t_add": 1999, "st_code": 18200, "l_hundred": 1900, "r_hundred": 1900, "seg_id": 620490, "oneway": "FT", "class": 5, "responsibl": "CITY", "update_": "1998-10-22T00:00:00Z", "newsegdate": null, "multi_rep": 0, "streetlabe": "BONITZ ST", "stname": "BONITZ ST", "objectid": 22581, "Shape__Len": 187.67190505773689 }, "geometry": { "type": "MultiLineString", "coordinates": [ [ [ -75.157394630904477, 40.018090367861035 ], [ -75.158838165189493, 40.017423414576719 ] ] ] } },
{ "type": "Feature", "properties": { "fnode_": 11697, "tnode_": 11780, "lpoly_": null, "rpoly_": null, "length": 474.70740259000002, "stcl2_": null, "stcl2_id": null, "pre_dir": null, "st_name": "BRUNNER", "st_type": "ST", "suf_dir": null, "zip_left": 19140, "zip_right": 19140, "l_f_add": 1900, "l_t_add": 1998, "r_f_add": 1901, "r_t_add": 1999, "st_code": 19460, "l_hundred": 1900, "r_hundred": 1900, "seg_id": 620491, "oneway": "FT", "class": 5, "responsibl": "CITY", "update_": "1998-10-22T00:00:00Z", "newsegdate": null, "multi_rep": 0, "streetlabe": "BRUNNER ST", "stname": "BRUNNER ST", "objectid": 22582, "Shape__Len": 188.8618951804136 }, "geometry": { "type": "MultiLineString", "coordinates": [ [ [ -75.157103373347979, 40.01774026612884 ], [ -75.158563919171641, 40.017079158884698 ] ] ] } },
{ "type": "Feature", "properties": { "fnode_": 27712, "tnode_": 11685, "lpoly_": null, "rpoly_": null, "length": 572.92686892999996, "stcl2_": null, "stcl2_id": null, "pre_dir": null, "st_name": "BRUNNER", "st_type": "ST", "suf_dir": null, "zip_left": 19140, "zip_right": 19140, "l_f_add": 1800, "l_t_add": 1898, "r_f_add": 1801, "r_t_add": 1899, "st_code": 19460, "l_hundred": 1800, "r_hundred": 1800, "seg_id": 620492, "oneway": "FT", "class": 5, "responsibl": "CITY", "update_": "1998-10-22T00:00:00Z", "newsegdate": null, "multi_rep": 0, "streetlabe": "BRUNNER ST", "stname": "BRUNNER ST", "objectid": 22583, "Shape__Len": 227.94842271093518 }, "geometry": { "type": "MultiLineString", "coordinates": [ [ [ -75.155421911987204, 40.018638307704215 ], [ -75.157175102084992, 40.017828042834424 ] ] ] } },
{ "type": "Feature", "properties": { "fnode_": 11420, "tnode_": 11536, "lpoly_": null, "rpoly_": null, "length": 579.02154602999997, "stcl2_": null, "stcl2_id": null, "pre_dir": null, "st_name": "SAINT PAUL", "st_type": "ST", "suf_dir": null, "zip_left": 19140, "zip_right": 19140, "l_f_add": 1700, "l_t_add": 1798, "r_f_add": 1701, "r_t_add": 1799, "st_code": 74200, "l_hundred": 1700, "r_hundred": 1700, "seg_id": 620494, "oneway": "FT", "class": 5, "responsibl": "CITY", "update_": "1998-10-22T00:00:00Z", "newsegdate": null, "multi_rep": 0, "streetlabe": "SAINT PAUL ST", "stname": "SAINT PAUL ST", "objectid": 22585, "Shape__Len": 230.33167120954244 }, "geometry": { "type": "MultiLineString", "coordinates": [ [ [ -75.153864183641929, 40.019824797961377 ], [ -75.155695661874688, 40.019087501327924 ] ] ] } },
{ "type": "Feature", "properties": { "fnode_": 11243, "tnode_": 11212, "lpoly_": null, "rpoly_": null, "length": 72.26788027000001, "stcl2_": null, "stcl2_id": null, "pre_dir": null, "st_name": "GERMANTOWN", "st_type": "AVE", "suf_dir": null, "zip_left": 19140, "zip_right": 19140, "l_f_add": 4400, "l_t_add": 4406, "r_f_add": 4401, "r_t_add": 4403, "st_code": 36660, "l_hundred": 4400, "r_hundred": 4400, "seg_id": 620618, "oneway": "B", "class": 2, "responsibl": "STATE", "update_": "1998-10-22T00:00:00Z", "newsegdate": null, "multi_rep": 0, "streetlabe": "GERMANTOWN AVE", "stname": "GERMANTOWN AVE", "objectid": 22701, "Shape__Len": 28.797325880056938 }, "geometry": { "type": "MultiLineString", "coordinates": [ [ [ -75.157552474507469, 40.021109893814085 ], [ -75.157706206110504, 40.021269224881749 ] ] ] } },
{ "type": "Feature", "properties": { "fnode_": 11217, "tnode_": 11291, "lpoly_": null, "rpoly_": null, "length": 307.60941130999998, "stcl2_": null, "stcl2_id": null, "pre_dir": null, "st_name": "ROBERTS", "st_type": "AVE", "suf_dir": null, "zip_left": 19140, "zip_right": 19140, "l_f_add": 1920, "l_t_add": 1998, "r_f_add": 1919, "r_t_add": 1999, "st_code": 68880, "l_hundred": 1900, "r_hundred": 1900, "seg_id": 620619, "oneway": "B", "class": 5, "responsibl": "CITY", "update_": "1998-10-22T00:00:00Z", "newsegdate": null, "multi_rep": 0, "streetlabe": "ROBERTS AVE", "stname": "ROBERTS AVE", "objectid": 22702, "Shape__Len": 122.36550099277376 }, "geometry": { "type": "MultiLineString", "coordinates": [ [ [ -75.158601019532142, 40.021319173175755 ], [ -75.159577713388842, 40.020932936415953 ] ] ] } },
{ "type": "Feature", "properties": { "fnode_": 11291, "tnode_": 11214, "lpoly_": null, "rpoly_": null, "length": 226.03136311999998, "stcl2_": null, "stcl2_id": null, "pre_dir": null, "st_name": "WAYNE", "st_type": "AVE", "suf_dir": null, "zip_left": 19140, "zip_right": 19140, "l_f_add": 4420, "l_t_add": 4498, "r_f_add": 4433, "r_t_add": 4499, "st_code": 81880, "l_hundred": 4400, "r_hundred": 4400, "seg_id": 620620, "oneway": "B", "class": 5, "responsibl": "CITY", "update_": "1998-10-26T00:00:00Z", "newsegdate": null, "multi_rep": 0, "streetlabe": "WAYNE AVE", "stname": "WAYNE AVE", "objectid": 22703, "Shape__Len": 89.978812726791077 }, "geometry": { "type": "MultiLineString", "coordinates": [ [ [ -75.159577713388842, 40.020932936415953 ], [ -75.160207441686836, 40.021320997947115 ] ] ] } },
{ "type": "Feature", "properties": { "fnode_": 11254, "tnode_": 11243, "lpoly_": null, "rpoly_": null, "length": 202.04567154, "stcl2_": null, "stcl2_id": null, "pre_dir": "W", "st_name": "CAYUGA", "st_type": "ST", "suf_dir": null, "zip_left": 19140, "zip_right": 19140, "l_f_add": 1900, "l_t_add": 1998, "r_f_add": 1901, "r_t_add": 1999, "st_code": 21960, "l_hundred": 1900, "r_hundred": 1900, "seg_id": 620623, "oneway": "FT", "class": 4, "responsibl": "CITY", "update_": "1998-10-22T00:00:00Z", "newsegdate": null, "multi_rep": 0, "streetlabe": "W CAYUGA ST", "stname": "W CAYUGA ST", "objectid": 22706, "Shape__Len": 80.3138491743033 }, "geometry": { "type": "MultiLineString", "coordinates": [ [ [ -75.156839812841454, 40.021023814148961 ], [ -75.157552474507469, 40.021109893814085 ] ] ] } },
{ "type": "Feature", "properties": { "fnode_": 11274, "tnode_": 11268, "lpoly_": null, "rpoly_": null, "length": 132.99614818000001, "stcl2_": null, "stcl2_id": null, "pre_dir": "W", "st_name": "CAYUGA", "st_type": "ST", "suf_dir": null, "zip_left": 19140, "zip_right": 19140, "l_f_add": 1816, "l_t_add": 1820, "r_f_add": 1815, "r_t_add": 1827, "st_code": 21960, "l_hundred": 1800, "r_hundred": 1800, "seg_id": 620624, "oneway": "FT", "class": 4, "responsibl": "CITY", "update_": "1998-10-22T00:00:00Z", "newsegdate": null, "multi_rep": 0, "streetlabe": "W CAYUGA ST", "stname": "W CAYUGA ST", "objectid": 22707, "Shape__Len": 52.866488138514597 }, "geometry": { "type": "MultiLineString", "coordinates": [ [ [ -75.15580906303812, 40.020890406793576 ], [ -75.156277966987275, 40.020948053756236 ] ] ] } },
{ "type": "Feature", "properties": { "fnode_": 11284, "tnode_": 11274, "lpoly_": null, "rpoly_": null, "length": 156.42447634000001, "stcl2_": null, "stcl2_id": null, "pre_dir": "W", "st_name": "CAYUGA", "st_type": "ST", "suf_dir": null, "zip_left": 19140, "zip_right": 19140, "l_f_add": 1800, "l_t_add": 1814, "r_f_add": 1801, "r_t_add": 1813, "st_code": 21960, "l_hundred": 1800, "r_hundred": 1800, "seg_id": 620625, "oneway": "FT", "class": 4, "responsibl": "CITY", "update_": "1998-10-22T00:00:00Z", "newsegdate": null, "multi_rep": 0, "streetlabe": "W CAYUGA ST", "stname": "W CAYUGA ST", "objectid": 22708, "Shape__Len": 62.17982942992429 }, "geometry": { "type": "MultiLineString", "coordinates": [ [ [ -75.155258188479294, 40.020819642083445 ], [ -75.15580906303812, 40.020890406793576 ] ] ] } },
{ "type": "Feature", "properties": { "fnode_": 11181, "tnode_": 11170, "lpoly_": null, "rpoly_": null, "length": 143.81536333, "stcl2_": null, "stcl2_id": null, "pre_dir": null, "st_name": "BLAVIS", "st_type": "ST", "suf_dir": null, "zip_left": 19140, "zip_right": 19140, "l_f_add": 1700, "l_t_add": 1714, "r_f_add": 1701, "r_t_add": 1713, "st_code": 17880, "l_hundred": 1700, "r_hundred": 1700, "seg_id": 620631, "oneway": "FT", "class": 5, "responsibl": "CITY", "update_": "1998-10-22T00:00:00Z", "newsegdate": null, "multi_rep": 0, "streetlabe": "BLAVIS ST", "stname": "BLAVIS ST", "objectid": 22714, "Shape__Len": 57.167648675335094 }, "geometry": { "type": "MultiLineString", "coordinates": [ [ [ -75.15352150672669, 40.021362395039461 ], [ -75.154028466676465, 40.021425176155361 ] ] ] } },
{ "type": "Feature", "properties": { "fnode_": 11214, "tnode_": 11069, "lpoly_": null, "rpoly_": null, "length": 621.1163318, "stcl2_": null, "stcl2_id": null, "pre_dir": null, "st_name": "WAYNE", "st_type": "AVE", "suf_dir": null, "zip_left": 19144, "zip_right": 19144, "l_f_add": 4500, "l_t_add": 4528, "r_f_add": 4501, "r_t_add": 4521, "st_code": 81880, "l_hundred": 4500, "r_hundred": 4500, "seg_id": 620681, "oneway": "B", "class": 3, "responsibl": "STATE", "update_": "2005-08-24T00:00:00Z", "newsegdate": null, "multi_rep": 0, "streetlabe": "WAYNE AVE", "stname": "WAYNE AVE", "objectid": 22762, "Shape__Len": 247.19444542777723 }, "geometry": { "type": "MultiLineString", "coordinates": [ [ [ -75.160207441686836, 40.021320997947115 ], [ -75.162019345912199, 40.022291859044785 ] ] ] } },
{ "type": "Feature", "properties": { "fnode_": 11575, "tnode_": 11687, "lpoly_": null, "rpoly_": null, "length": 512.50970545999996, "stcl2_": null, "stcl2_id": null, "pre_dir": null, "st_name": "ROBERTS", "st_type": "AVE", "suf_dir": null, "zip_left": 19140, "zip_right": 19140, "l_f_add": 2301, "l_t_add": 2399, "r_f_add": 0, "r_t_add": 0, "st_code": 68880, "l_hundred": 2300, "r_hundred": 0, "seg_id": 620801, "oneway": "B", "class": 3, "responsibl": "STATE", "update_": "1998-10-22T00:00:00Z", "newsegdate": null, "multi_rep": 0, "streetlabe": "ROBERTS AVE", "stname": "ROBERTS AVE", "objectid": 22875, "Shape__Len": 204.05070530301271 }, "geometry": { "type": "MultiLineString", "coordinates": [ [ [ -75.164211834316944, 40.018957667956663 ], [ -75.164408706425988, 40.018796701024101 ], [ -75.165581983533343, 40.018026836525891 ] ] ] } },
{ "type": "Feature", "properties": { "fnode_": 11952, "tnode_": 12100, "lpoly_": null, "rpoly_": null, "length": 661.47691464000002, "stcl2_": null, "stcl2_id": null, "pre_dir": null, "st_name": "ROBERTS", "st_type": "AVE", "suf_dir": null, "zip_left": 19129, "zip_right": 19129, "l_f_add": 2600, "l_t_add": 2698, "r_f_add": 2601, "r_t_add": 2699, "st_code": 68880, "l_hundred": 2600, "r_hundred": 2600, "seg_id": 620958, "oneway": "B", "class": 3, "responsibl": "STATE", "update_": "1998-10-22T00:00:00Z", "newsegdate": null, "multi_rep": 0, "streetlabe": "ROBERTS AVE", "stname": "ROBERTS AVE", "objectid": 23028, "Shape__Len": 263.2263214994951 }, "geometry": { "type": "MultiLineString", "coordinates": [ [ [ -75.169910345304913, 40.015259351971082 ], [ -75.171852887926505, 40.014226728876011 ] ] ] } },
{ "type": "Feature", "properties": { "fnode_": 12491, "tnode_": 12466, "lpoly_": null, "rpoly_": null, "length": 118.66264851, "stcl2_": null, "stcl2_id": null, "pre_dir": null, "st_name": "WISSAHICKON", "st_type": "AVE", "suf_dir": null, "zip_left": 19129, "zip_right": 19129, "l_f_add": 3922, "l_t_add": 3928, "r_f_add": 3921, "r_t_add": 3929, "st_code": 84060, "l_hundred": 3900, "r_hundred": 3900, "seg_id": 620963, "oneway": "B", "class": 2, "responsibl": "STATE", "update_": "2005-04-15T00:00:00Z", "newsegdate": null, "multi_rep": 0, "streetlabe": "WISSAHICKON AVE", "stname": "WISSAHICKON AVE", "objectid": 23033, "Shape__Len": 47.303056114193446 }, "geometry": { "type": "MultiLineString", "coordinates": [ [ [ -75.167443823263227, 40.010626150281958 ], [ -75.167641529375004, 40.010914241724983 ] ] ] } },
{ "type": "Feature", "properties": { "fnode_": 12578, "tnode_": 12491, "lpoly_": null, "rpoly_": null, "length": 305.56546529000002, "stcl2_": null, "stcl2_id": null, "pre_dir": null, "st_name": "WISSAHICKON", "st_type": "AVE", "suf_dir": null, "zip_left": 19129, "zip_right": 19129, "l_f_add": 3900, "l_t_add": 3920, "r_f_add": 3901, "r_t_add": 3919, "st_code": 84060, "l_hundred": 3900, "r_hundred": 3900, "seg_id": 620964, "oneway": "B", "class": 2, "responsibl": "STATE", "update_": "2001-09-05T00:00:00Z", "newsegdate": null, "multi_rep": 0, "streetlabe": "WISSAHICKON AVE", "stname": "WISSAHICKON AVE", "objectid": 23034, "Shape__Len": 121.78192909024303 }, "geometry": { "type": "MultiLineString", "coordinates": [ [ [ -75.166874465362312, 40.009910657477079 ], [ -75.167443823263227, 40.010626150281958 ] ] ] } },
{ "type": "Feature", "properties": { "fnode_": 12100, "tnode_": 12064, "lpoly_": null, "rpoly_": null, "length": 163.70423125, "stcl2_": null, "stcl2_id": null, "pre_dir": null, "st_name": "KING", "st_type": "ST", "suf_dir": null, "zip_left": 19129, "zip_right": 19129, "l_f_add": 3300, "l_t_add": 3398, "r_f_add": 3301, "r_t_add": 3399, "st_code": 47700, "l_hundred": 3300, "r_hundred": 3300, "seg_id": 620970, "oneway": "B", "class": 5, "responsibl": "CITY", "update_": "1998-10-22T00:00:00Z", "newsegdate": null, "multi_rep": 0, "streetlabe": "KING ST", "stname": "KING ST", "objectid": 23038, "Shape__Len": 65.236715456983859 }, "geometry": { "type": "MultiLineString", "coordinates": [ [ [ -75.171852887926505, 40.014226728876011 ], [ -75.172180882636042, 40.014598676930639 ] ] ] } },
{ "type": "Feature", "properties": { "fnode_": 12018, "tnode_": 11833, "lpoly_": null, "rpoly_": null, "length": 870.99071998, "stcl2_": null, "stcl2_id": null, "pre_dir": null, "st_name": "CLARISSA", "st_type": "ST", "suf_dir": null, "zip_left": 19140, "zip_right": 19140, "l_f_add": 4000, "l_t_add": 4198, "r_f_add": 4001, "r_t_add": 4199, "st_code": 23480, "l_hundred": 4000, "r_hundred": 4000, "seg_id": 621216, "oneway": "B", "class": 3, "responsibl": "STATE", "update_": "2012-07-26T00:00:00Z", "newsegdate": null, "multi_rep": 0, "streetlabe": "CLARISSA ST", "stname": "CLARISSA ST", "objectid": 23248, "Shape__Len": 347.17364959040066 }, "geometry": { "type": "MultiLineString", "coordinates": [ [ [ -75.156655710824509, 40.014627507048218 ], [ -75.158242838705902, 40.016683604682001 ] ] ] } },
{ "type": "Feature", "properties": { "fnode_": 12687, "tnode_": 12733, "lpoly_": null, "rpoly_": null, "length": 417.60311326, "stcl2_": null, "stcl2_id": null, "pre_dir": "W", "st_name": "HUNTING PARK", "st_type": "AVE", "suf_dir": null, "zip_left": 19129, "zip_right": 19129, "l_f_add": 2424, "l_t_add": 2498, "r_f_add": 2425, "r_t_add": 2499, "st_code": 44040, "l_hundred": 2400, "r_hundred": 2400, "seg_id": 621235, "oneway": "B", "class": 2, "responsibl": "STATE", "update_": "1998-10-22T00:00:00Z", "newsegdate": null, "multi_rep": 0, "streetlabe": "W HUNTING PARK AVE", "stname": "W HUNTING PARK AVE", "objectid": 23267, "Shape__Len": 166.08023087125548 }, "geometry": { "type": "MultiLineString", "coordinates": [ [ [ -75.169023089581444, 40.008910900063675 ], [ -75.16914684369263, 40.00883984594023 ] ] ] } },
{ "type": "Feature", "properties": { "fnode_": 12251, "tnode_": 12378, "lpoly_": null, "rpoly_": null, "length": 691.20493834999991, "stcl2_": null, "stcl2_id": null, "pre_dir": "W", "st_name": "HUNTING PARK", "st_type": "AVE", "suf_dir": null, "zip_left": 19140, "zip_right": 19140, "l_f_add": 2000, "l_t_add": 2098, "r_f_add": 2001, "r_t_add": 2099, "st_code": 44040, "l_hundred": 2000, "r_hundred": 2000, "seg_id": 621246, "oneway": "B", "class": 2, "responsibl": "STATE", "update_": "1998-10-22T00:00:00Z", "newsegdate": null, "multi_rep": 0, "streetlabe": "W HUNTING PARK AVE", "stname": "W HUNTING PARK AVE", "objectid": 23277, "Shape__Len": 274.9859428119222 }, "geometry": { "type": "MultiLineString", "coordinates": [ [ [ -75.16094533465197, 40.01265704357705 ], [ -75.161898173822678, 40.012191461051685 ], [ -75.163055890295524, 40.011674648651386 ] ] ] } },
{ "type": "Feature", "properties": { "fnode_": 12027, "tnode_": 11957, "lpoly_": null, "rpoly_": null, "length": 323.63838535000002, "stcl2_": null, "stcl2_id": null, "pre_dir": "N", "st_name": "17TH", "st_type": "ST", "suf_dir": null, "zip_left": 19140, "zip_right": 19140, "l_f_add": 4000, "l_t_add": 4098, "r_f_add": 4001, "r_t_add": 4099, "st_code": 88110, "l_hundred": 4000, "r_hundred": 4000, "seg_id": 621247, "oneway": "TF", "class": 4, "responsibl": "CITY", "update_": "1998-10-22T00:00:00Z", "newsegdate": null, "multi_rep": 0, "streetlabe": "N 17TH ST", "stname": "N 17TH ST", "objectid": 23278, "Shape__Len": 129.08331469582947 }, "geometry": { "type": "MultiLineString", "coordinates": [ [ [ -75.155183858106, 40.015297664049946 ], [ -75.155188361898482, 40.015304522343534 ] ] ] } },
{ "type": "Feature", "properties": { "fnode_": 11889, "tnode_": 11777, "lpoly_": null, "rpoly_": null, "length": 465.31153255000004, "stcl2_": null, "stcl2_id": null, "pre_dir": null, "st_name": "GERMANTOWN", "st_type": "AVE", "suf_dir": null, "zip_left": 19140, "zip_right": 19140, "l_f_add": 4100, "l_t_add": 4144, "r_f_add": 4101, "r_t_add": 4145, "st_code": 36660, "l_hundred": 4100, "r_hundred": 4100, "seg_id": 621248, "oneway": "B", "class": 2, "responsibl": "STATE", "update_": "1998-10-22T00:00:00Z", "newsegdate": null, "multi_rep": 0, "streetlabe": "GERMANTOWN AVE", "stname": "GERMANTOWN AVE", "objectid": 23279, "Shape__Len": 185.56104658533019 }, "geometry": { "type": "MultiLineString", "coordinates": [ [ [ -75.153852446600354, 40.015901020170787 ], [ -75.154124686093056, 40.016390686463964 ], [ -75.154475494936605, 40.017084934454864 ] ] ] } },
{ "type": "Feature", "properties": { "fnode_": 11781, "tnode_": 11889, "lpoly_": null, "rpoly_": null, "length": 759.68288989000018, "stcl2_": null, "stcl2_id": null, "pre_dir": "W", "st_name": "HUNTING PARK", "st_type": "AVE", "suf_dir": null, "zip_left": 19140, "zip_right": 19140, "l_f_add": 1600, "l_t_add": 1646, "r_f_add": 1601, "r_t_add": 1639, "st_code": 44040, "l_hundred": 1600, "r_hundred": 1600, "seg_id": 621249, "oneway": "B", "class": 2, "responsibl": "STATE", "update_": "1998-10-22T00:00:00Z", "newsegdate": null, "multi_rep": 0, "streetlabe": "W HUNTING PARK AVE", "stname": "W HUNTING PARK AVE", "objectid": 23280, "Shape__Len": 302.24997655288928 }, "geometry": { "type": "MultiLineString", "coordinates": [ [ [ -75.151535178986123, 40.016984746448436 ], [ -75.153852446600354, 40.015901020170787 ] ] ] } },
{ "type": "Feature", "properties": { "fnode_": 11268, "tnode_": 11254, "lpoly_": null, "rpoly_": null, "length": 159.76004346, "stcl2_": null, "stcl2_id": null, "pre_dir": "W", "st_name": "CAYUGA", "st_type": "ST", "suf_dir": null, "zip_left": 19140, "zip_right": 19140, "l_f_add": 1822, "l_t_add": 1898, "r_f_add": 1829, "r_t_add": 1899, "st_code": 21960, "l_hundred": 1800, "r_hundred": 1800, "seg_id": 621250, "oneway": "FT", "class": 4, "responsibl": "CITY", "update_": "1998-10-22T00:00:00Z", "newsegdate": null, "multi_rep": 0, "streetlabe": "W CAYUGA ST", "stname": "W CAYUGA ST", "objectid": 23281, "Shape__Len": 63.506538019262813 }, "geometry": { "type": "MultiLineString", "coordinates": [ [ [ -75.156277966987275, 40.020948053756236 ], [ -75.156839812841454, 40.021023814148961 ] ] ] } },
{ "type": "Feature", "properties": { "fnode_": 12100, "tnode_": 12271, "lpoly_": null, "rpoly_": null, "length": 876.06577231999995, "stcl2_": null, "stcl2_id": null, "pre_dir": null, "st_name": "ROBERTS", "st_type": "AVE", "suf_dir": null, "zip_left": 19129, "zip_right": 19129, "l_f_add": 2700, "l_t_add": 2800, "r_f_add": 2701, "r_t_add": 2799, "st_code": 68880, "l_hundred": 2700, "r_hundred": 2700, "seg_id": 621260, "oneway": "B", "class": 3, "responsibl": "STATE", "update_": "2011-04-04T00:00:00Z", "newsegdate": null, "multi_rep": 0, "streetlabe": "ROBERTS AVE", "stname": "ROBERTS AVE", "objectid": 23290, "Shape__Len": 348.6226983135133 }, "geometry": { "type": "MultiLineString", "coordinates": [ [ [ -75.171852887926505, 40.014226728876011 ], [ -75.173311490121904, 40.013436922397858 ] ] ] } },
{ "type": "Feature", "properties": { "fnode_": 12230, "tnode_": 11952, "lpoly_": null, "rpoly_": null, "length": 829.06718462999993, "stcl2_": null, "stcl2_id": null, "pre_dir": null, "st_name": "WISSAHICKON", "st_type": "AVE", "suf_dir": null, "zip_left": 19129, "zip_right": 19129, "l_f_add": 4300, "l_t_add": 4398, "r_f_add": 4301, "r_t_add": 4399, "st_code": 84060, "l_hundred": 4300, "r_hundred": 4300, "seg_id": 621261, "oneway": "B", "class": 2, "responsibl": "STATE", "update_": "1998-10-22T00:00:00Z", "newsegdate": null, "multi_rep": 0, "streetlabe": "WISSAHICKON AVE", "stname": "WISSAHICKON AVE", "objectid": 23291, "Shape__Len": 330.71467196980308 }, "geometry": { "type": "MultiLineString", "coordinates": [ [ [ -75.169176654401753, 40.013054584451645 ], [ -75.169876722769501, 40.015139808719987 ], [ -75.169910345304913, 40.015259351971082 ] ] ] } },
{ "type": "Feature", "properties": { "fnode_": 11323, "tnode_": 11643, "lpoly_": null, "rpoly_": null, "length": 3708.4537529499994, "stcl2_": null, "stcl2_id": null, "pre_dir": "W", "st_name": "ROOSEVELT", "st_type": "BLVD", "suf_dir": null, "zip_left": 19140, "zip_right": 19140, "l_f_add": 0, "l_t_add": 0, "r_f_add": 0, "r_t_add": 0, "st_code": 69240, "l_hundred": 0, "r_hundred": 0, "seg_id": 621318, "oneway": "FT", "class": 1, "responsibl": "STATE", "update_": "1998-10-22T00:00:00Z", "newsegdate": null, "multi_rep": 1, "streetlabe": "W ROOSEVELT BLVD", "stname": "W ROOSEVELT BLVD", "objectid": 23332, "Shape__Len": 1474.3519514354525 }, "geometry": { "type": "MultiLineString", "coordinates": [ [ [ -75.155147683385607, 40.020602353374038 ], [ -75.156325558827859, 40.020666841993531 ], [ -75.156605144009021, 40.020679552068842 ], [ -75.157139785834772, 40.020693757296236 ], [ -75.157556187503161, 40.020681839914005 ], [ -75.158856970666264, 40.02060246841662 ], [ -75.159325030219804, 40.020544806110358 ], [ -75.160040070640065, 40.020409566146796 ], [ -75.160699940217683, 40.020266681450359 ], [ -75.160817442034897, 40.020239483008744 ], [ -75.163541050742509, 40.019409961314771 ] ] ] } },
{ "type": "Feature", "properties": { "fnode_": 11321, "tnode_": 11284, "lpoly_": null, "rpoly_": null, "length": 440.94853893000004, "stcl2_": null, "stcl2_id": null, "pre_dir": "W", "st_name": "CAYUGA", "st_type": "ST", "suf_dir": null, "zip_left": 19140, "zip_right": 19140, "l_f_add": 1700, "l_t_add": 1798, "r_f_add": 1701, "r_t_add": 1799, "st_code": 21960, "l_hundred": 1700, "r_hundred": 1700, "seg_id": 621322, "oneway": "FT", "class": 4, "responsibl": "CITY", "update_": "1998-10-22T00:00:00Z", "newsegdate": null, "multi_rep": 0, "streetlabe": "W CAYUGA ST", "stname": "W CAYUGA ST", "objectid": 23335, "Shape__Len": 175.28178873253682 }, "geometry": { "type": "MultiLineString", "coordinates": [ [ [ -75.153707626870187, 40.020609817099761 ], [ -75.155258188479294, 40.020819642083445 ] ] ] } },
{ "type": "Feature", "properties": { "fnode_": 11333, "tnode_": 11683, "lpoly_": null, "rpoly_": null, "length": 4225.4393114900004, "stcl2_": null, "stcl2_id": null, "pre_dir": "W", "st_name": "ROOSEVELT", "st_type": "BLVD", "suf_dir": null, "zip_left": 19140, "zip_right": 19140, "l_f_add": 0, "l_t_add": 0, "r_f_add": 0, "r_t_add": 0, "st_code": 69240, "l_hundred": 0, "r_hundred": 0, "seg_id": 621323, "oneway": "TF", "class": 1, "responsibl": "STATE", "update_": "1998-10-22T00:00:00Z", "newsegdate": null, "multi_rep": 2, "streetlabe": "W ROOSEVELT BLVD", "stname": "W ROOSEVELT BLVD", "objectid": 23337, "Shape__Len": 1679.84893763019 }, "geometry": { "type": "MultiLineString", "coordinates": [ [ [ -75.155049887830742, 40.020480476633161 ], [ -75.155189779260155, 40.020491944320291 ], [ -75.156340385606342, 40.020569105723588 ], [ -75.156711399380256, 40.020583881505416 ], [ -75.157032706005054, 40.020593269152904 ], [ -75.158056597102174, 40.020575877076453 ], [ -75.158838764624846, 40.020506326453663 ], [ -75.159288175345509, 40.020455591279692 ], [ -75.159742148995136, 40.020368734657588 ], [ -75.160670837781922, 40.020157294278619 ], [ -75.160734966762732, 40.0201480813149 ], [ -75.162602819970729, 40.019595363657196 ], [ -75.163740673802735, 40.019250129093905 ] ] ] } },
{ "type": "Feature", "properties": { "fnode_": 12465, "tnode_": 12460, "lpoly_": null, "rpoly_": null, "length": 89.8359407, "stcl2_": null, "stcl2_id": null, "pre_dir": "W", "st_name": "ERIE", "st_type": "AVE", "suf_dir": null, "zip_left": 19140, "zip_right": 19140, "l_f_add": 2200, "l_t_add": 2298, "r_f_add": 2201, "r_t_add": 2299, "st_code": 32000, "l_hundred": 2200, "r_hundred": 2200, "seg_id": 621329, "oneway": "TF", "class": 2, "responsibl": "STATE", "update_": "1998-10-22T00:00:00Z", "newsegdate": null, "multi_rep": 0, "streetlabe": "W ERIE AVE", "stname": "W ERIE AVE", "objectid": 23343, "Shape__Len": 35.711170565870731 }, "geometry": { "type": "MultiLineString", "coordinates": [ [ [ -75.164551100645738, 40.010964329816915 ], [ -75.164564210351642, 40.010967081960054 ] ] ] } },
{ "type": "Feature", "properties": { "fnode_": 11952, "tnode_": 11946, "lpoly_": null, "rpoly_": null, "length": 180.27784773000002, "stcl2_": null, "stcl2_id": null, "pre_dir": null, "st_name": "WISSAHICKON", "st_type": "AVE", "suf_dir": null, "zip_left": 19144, "zip_right": 19144, "l_f_add": 4400, "l_t_add": 4408, "r_f_add": 4401, "r_t_add": 4409, "st_code": 84060, "l_hundred": 4400, "r_hundred": 4400, "seg_id": 621357, "oneway": "B", "class": 2, "responsibl": "STATE", "update_": "2009-05-27T00:00:00Z", "newsegdate": null, "multi_rep": 0, "streetlabe": "WISSAHICKON AVE", "stname": "WISSAHICKON AVE", "objectid": 23364, "Shape__Len": 71.907288267593842 }, "geometry": { "type": "MultiLineString", "coordinates": [ [ [ -75.169910345304913, 40.015259351971082 ], [ -75.170099023268222, 40.015732494762069 ] ] ] } },
{ "type": "Feature", "properties": { "fnode_": 11483, "tnode_": 11451, "lpoly_": null, "rpoly_": null, "length": 440.79313299, "stcl2_": null, "stcl2_id": null, "pre_dir": null, "st_name": "SAINT PAUL", "st_type": "ST", "suf_dir": null, "zip_left": 19140, "zip_right": 19140, "l_f_add": 1600, "l_t_add": 1698, "r_f_add": 1601, "r_t_add": 1699, "st_code": 74200, "l_hundred": 1600, "r_hundred": 1600, "seg_id": 621378, "oneway": "FT", "class": 5, "responsibl": "CITY", "update_": "2009-07-27T00:00:00Z", "newsegdate": null, "multi_rep": 0, "streetlabe": "SAINT PAUL ST", "stname": "SAINT PAUL ST", "objectid": 23381, "Shape__Len": 175.21635308311474 }, "geometry": { "type": "MultiLineString", "coordinates": [ [ [ -75.152350743458726, 40.019406867071297 ], [ -75.153901367602259, 40.019613818444455 ] ] ] } },
{ "type": "Feature", "properties": { "fnode_": 12230, "tnode_": 12299, "lpoly_": null, "rpoly_": null, "length": 421.71307866000001, "stcl2_": null, "stcl2_id": null, "pre_dir": null, "st_name": "RUFFNER", "st_type": "ST", "suf_dir": null, "zip_left": 19129, "zip_right": 19129, "l_f_add": 2280, "l_t_add": 2298, "r_f_add": 2267, "r_t_add": 2299, "st_code": 69780, "l_hundred": 2200, "r_hundred": 2200, "seg_id": 621383, "oneway": "B", "class": 5, "responsibl": "PRIVATE", "update_": "2011-01-13T00:00:00Z", "newsegdate": null, "multi_rep": 0, "streetlabe": "RUFFNER ST", "stname": "RUFFNER ST", "objectid": 23385, "Shape__Len": 167.8096016495376 }, "geometry": { "type": "MultiLineString", "coordinates": [ [ [ -75.169176654401753, 40.013054584451645 ], [ -75.170416128055521, 40.012397452168294 ] ] ] } },
{ "type": "Feature", "properties": { "fnode_": 11575, "tnode_": 11859, "lpoly_": null, "rpoly_": null, "length": 1543.8943366899998, "stcl2_": null, "stcl2_id": null, "pre_dir": null, "st_name": "ROBERTS", "st_type": "AVE", "suf_dir": null, "zip_left": 19144, "zip_right": 19144, "l_f_add": 0, "l_t_add": 0, "r_f_add": 2300, "r_t_add": 2480, "st_code": 68880, "l_hundred": 0, "r_hundred": 2300, "seg_id": 621384, "oneway": "FT", "class": 3, "responsibl": "STATE", "update_": "1998-10-22T00:00:00Z", "newsegdate": null, "multi_rep": 0, "streetlabe": "ROBERTS AVE", "stname": "ROBERTS AVE", "objectid": 23386, "Shape__Len": 614.60216895376834 }, "geometry": { "type": "MultiLineString", "coordinates": [ [ [ -75.164211834316944, 40.018957667956663 ], [ -75.164518499110756, 40.018828785934531 ], [ -75.165497788463696, 40.018397927971883 ], [ -75.165811211537417, 40.018258659165539 ], [ -75.165952474729863, 40.018178225943736 ], [ -75.166124755044592, 40.018056682578319 ], [ -75.166869442447492, 40.017479437043384 ], [ -75.167271301849652, 40.017159250811012 ], [ -75.167740920748173, 40.016784845009234 ], [ -75.16810290098006, 40.016500339435197 ], [ -75.168307789776762, 40.016355139368123 ], [ -75.168435509643061, 40.016289168140524 ] ] ] } },
{ "type": "Feature", "properties": { "fnode_": 11859, "tnode_": 11952, "lpoly_": null, "rpoly_": null, "length": 558.09580179000011, "stcl2_": null, "stcl2_id": null, "pre_dir": null, "st_name": "ROBERTS", "st_type": "AVE", "suf_dir": null, "zip_left": 19144, "zip_right": 19144, "l_f_add": 0, "l_t_add": 0, "r_f_add": 2482, "r_t_add": 2498, "st_code": 68880, "l_hundred": 0, "r_hundred": 2400, "seg_id": 621385, "oneway": "FT", "class": 3, "responsibl": "STATE", "update_": "2011-07-19T00:00:00Z", "newsegdate": null, "multi_rep": 0, "streetlabe": "ROBERTS AVE", "stname": "ROBERTS AVE", "objectid": 23387, "Shape__Len": 222.20329387293904 }, "geometry": { "type": "MultiLineString", "coordinates": [ [ [ -75.168435509643061, 40.016289168140524 ], [ -75.168757285032768, 40.016071830934948 ], [ -75.169035636542887, 40.015875750202191 ], [ -75.169192320399929, 40.01575826506425 ], [ -75.169264030088797, 40.015704332979993 ], [ -75.169910345304913, 40.015259351971082 ] ] ] } },
{ "type": "Feature", "properties": { "fnode_": 11946, "tnode_": 12064, "lpoly_": null, "rpoly_": null, "length": 714.58205755999995, "stcl2_": null, "stcl2_id": null, "pre_dir": null, "st_name": "DEACON", "st_type": "ST", "suf_dir": null, "zip_left": 19129, "zip_right": 19129, "l_f_add": 2600, "l_t_add": 2698, "r_f_add": 2601, "r_t_add": 2699, "st_code": 27740, "l_hundred": 2600, "r_hundred": 2600, "seg_id": 621386, "oneway": "FT", "class": 5, "responsibl": "CITY", "update_": "2003-10-28T00:00:00Z", "newsegdate": null, "multi_rep": 0, "streetlabe": "DEACON ST", "stname": "DEACON ST", "objectid": 23388, "Shape__Len": 284.37261573319603 }, "geometry": { "type": "MultiLineString", "coordinates": [ [ [ -75.170099023268222, 40.015732494762069 ], [ -75.172180882636042, 40.014598676930639 ] ] ] } },
{ "type": "Feature", "properties": { "fnode_": 11775, "tnode_": 11875, "lpoly_": null, "rpoly_": null, "length": 727.0943269000001, "stcl2_": null, "stcl2_id": null, "pre_dir": "W", "st_name": "ABBOTTSFORD", "st_type": "AVE", "suf_dir": null, "zip_left": 19129, "zip_right": 19129, "l_f_add": 2700, "l_t_add": 2798, "r_f_add": 0, "r_t_add": 0, "st_code": 11080, "l_hundred": 2700, "r_hundred": 0, "seg_id": 621438, "oneway": "TF", "class": 5, "responsibl": "CITY", "update_": "1999-04-29T00:00:00Z", "newsegdate": null, "multi_rep": 1, "streetlabe": "W ABBOTTSFORD AVE", "stname": "W ABBOTTSFORD AVE", "objectid": 23425, "Shape__Len": 289.25468499581478 }, "geometry": { "type": "MultiLineString", "coordinates": [ [ [ -75.172208421646943, 40.017502739198228 ], [ -75.173204232126864, 40.01717093161178 ], [ -75.173463480143937, 40.017061623264773 ], [ -75.173757104261199, 40.01692323781883 ], [ -75.174292709410267, 40.016633368815711 ], [ -75.174465487847201, 40.016534230881433 ] ] ] } },
{ "type": "Feature", "properties": { "fnode_": 11797, "tnode_": 11875, "lpoly_": null, "rpoly_": null, "length": 198.91198874, "stcl2_": null, "stcl2_id": null, "pre_dir": "W", "st_name": "ROOSEVELT BLVD", "st_type": "RAMP", "suf_dir": "K", "zip_left": 19129, "zip_right": 19129, "l_f_add": 0, "l_t_add": 0, "r_f_add": 0, "r_t_add": 0, "st_code": 9310, "l_hundred": 0, "r_hundred": 0, "seg_id": 621440, "oneway": "TF", "class": 9, "responsibl": "STATE", "update_": "2006-04-25T00:00:00Z", "newsegdate": null, "multi_rep": 4, "streetlabe": "W ROOSEVELT BLVD RAMP K", "stname": "W ROOSEVELT BLVD RAMP K", "objectid": 23426, "Shape__Len": 79.255875325498323 }, "geometry": { "type": "MultiLineString", "coordinates": [ [ [ -75.174057512239273, 40.016952757820199 ], [ -75.174465487847201, 40.016534230881433 ] ] ] } },
{ "type": "Feature", "properties": { "fnode_": 11775, "tnode_": 11735, "lpoly_": null, "rpoly_": null, "length": 143.32246302, "stcl2_": null, "stcl2_id": null, "pre_dir": null, "st_name": "WISSAHICKON", "st_type": "AVE", "suf_dir": null, "zip_left": 19144, "zip_right": 19144, "l_f_add": 4800, "l_t_add": 4898, "r_f_add": 4801, "r_t_add": 4899, "st_code": 84060, "l_hundred": 4800, "r_hundred": 4800, "seg_id": 621443, "oneway": "B", "class": 2, "responsibl": "STATE", "update_": "2009-05-27T00:00:00Z", "newsegdate": null, "multi_rep": 0, "streetlabe": "WISSAHICKON AVE", "stname": "WISSAHICKON AVE", "objectid": 23428, "Shape__Len": 57.082129323666877 }, "geometry": { "type": "MultiLineString", "coordinates": [ [ [ -75.172208421646943, 40.017502739198228 ], [ -75.172336747367325, 40.017607339731725 ] ] ] } },
{ "type": "Feature", "properties": { "fnode_": 11687, "tnode_": 11693, "lpoly_": null, "rpoly_": null, "length": 713.74062802999993, "stcl2_": null, "stcl2_id": null, "pre_dir": "W", "st_name": "ROOSEVELT BLVD", "st_type": "RAMP", "suf_dir": "M", "zip_left": 19144, "zip_right": 19144, "l_f_add": 0, "l_t_add": 0, "r_f_add": 0, "r_t_add": 0, "st_code": 9320, "l_hundred": 0, "r_hundred": 0, "seg_id": 621445, "oneway": "TF", "class": 9, "responsibl": "STATE", "update_": "2006-04-25T00:00:00Z", "newsegdate": null, "multi_rep": 0, "streetlabe": "W ROOSEVELT BLVD RAMP M", "stname": "W ROOSEVELT BLVD RAMP M", "objectid": 23429, "Shape__Len": 283.72132970587916 }, "geometry": { "type": "MultiLineString", "coordinates": [ [ [ -75.165581983533343, 40.018026836525891 ], [ -75.165916291917554, 40.017917985444193 ], [ -75.166148052588198, 40.017876777902963 ], [ -75.166363739249888, 40.017861320509006 ], [ -75.166471934332378, 40.01786774909538 ], [ -75.168032182293373, 40.018046823487367 ], [ -75.168075534885872, 40.01805515957976 ] ] ] } },
{ "type": "Feature", "properties": { "fnode_": 11693, "tnode_": 11683, "lpoly_": null, "rpoly_": null, "length": 442.05525942000003, "stcl2_": null, "stcl2_id": null, "pre_dir": "W", "st_name": "ROOSEVELT BLVD", "st_type": "RAMP", "suf_dir": "M", "zip_left": 19144, "zip_right": 19144, "l_f_add": 0, "l_t_add": 0, "r_f_add": 0, "r_t_add": 0, "st_code": 9320, "l_hundred": 0, "r_hundred": 0, "seg_id": 621446, "oneway": "TF", "class": 9, "responsibl": "STATE", "update_": "2006-04-25T00:00:00Z", "newsegdate": null, "multi_rep": 0, "streetlabe": "W ROOSEVELT BLVD RAMP M", "stname": "W ROOSEVELT BLVD RAMP M", "objectid": 23430, "Shape__Len": 175.70024036890283 }, "geometry": { "type": "MultiLineString", "coordinates": [ [ [ -75.168075534885872, 40.01805515957976 ], [ -75.168647707456699, 40.018124225343094 ], [ -75.169589719283849, 40.01812853903796 ] ] ] } },
{ "type": "Feature", "properties": { "fnode_": 11859, "tnode_": 11693, "lpoly_": null, "rpoly_": null, "length": 803.9044026, "stcl2_": null, "stcl2_id": null, "pre_dir": "W", "st_name": "ROOSEVELT BLVD", "st_type": "RAMP", "suf_dir": "O", "zip_left": 19144, "zip_right": 19144, "l_f_add": 0, "l_t_add": 0, "r_f_add": 0, "r_t_add": 0, "st_code": 9325, "l_hundred": 0, "r_hundred": 0, "seg_id": 621447, "oneway": "TF", "class": 9, "responsibl": "STATE", "update_": "2006-04-25T00:00:00Z", "newsegdate": null, "multi_rep": 0, "streetlabe": "W ROOSEVELT BLVD RAMP O", "stname": "W ROOSEVELT BLVD RAMP O", "objectid": 23431, "Shape__Len": 320.33704045993346 }, "geometry": { "type": "MultiLineString", "coordinates": [ [ [ -75.168435509643061, 40.016289168140524 ], [ -75.168411804356495, 40.016329106885927 ], [ -75.168376966470689, 40.016361776434955 ], [ -75.16831361536137, 40.016405661320142 ], [ -75.167766572394797, 40.016844085965417 ], [ -75.167625759788507, 40.016975892816738 ], [ -75.167530018784177, 40.017141819140996 ], [ -75.167484886023018, 40.017283417386437 ], [ -75.167491444261245, 40.017459284140273 ], [ -75.167554164337659, 40.017638961161467 ], [ -75.167677131132365, 40.017802166497759 ], [ -75.167825007516115, 40.017920091895022 ], [ -75.168075534885872, 40.01805515957976 ] ] ] } },
{ "type": "Feature", "properties": { "fnode_": 11687, "tnode_": 11952, "lpoly_": null, "rpoly_": null, "length": 1577.6994064, "stcl2_": null, "stcl2_id": null, "pre_dir": null, "st_name": "ROBERTS", "st_type": "AVE", "suf_dir": null, "zip_left": 19140, "zip_right": 19144, "l_f_add": 2401, "l_t_add": 2499, "r_f_add": 0, "r_t_add": 0, "st_code": 68880, "l_hundred": 2400, "r_hundred": 0, "seg_id": 621448, "oneway": "B", "class": 3, "responsibl": "STATE", "update_": "2011-07-19T00:00:00Z", "newsegdate": null, "multi_rep": 0, "streetlabe": "ROBERTS AVE", "stname": "ROBERTS AVE", "objectid": 23432, "Shape__Len": 628.05507797668236 }, "geometry": { "type": "MultiLineString", "coordinates": [ [ [ -75.165581983533343, 40.018026836525891 ], [ -75.165642601118478, 40.017973516503119 ], [ -75.165996085455845, 40.017747594659241 ], [ -75.168498788098347, 40.016095921497268 ], [ -75.168910682797133, 40.015837234289492 ], [ -75.169116646219422, 40.015712922676286 ], [ -75.16921693587382, 40.015653681825228 ], [ -75.169261586407302, 40.015632864665157 ], [ -75.169910345304913, 40.015259351971082 ] ] ] } },
{ "type": "Feature", "properties": { "fnode_": 11457, "tnode_": 11333, "lpoly_": null, "rpoly_": null, "length": 2527.3221896699997, "stcl2_": null, "stcl2_id": null, "pre_dir": "W", "st_name": "ROOSEVELT", "st_type": "BLVD", "suf_dir": null, "zip_left": 19140, "zip_right": 19140, "l_f_add": 0, "l_t_add": 0, "r_f_add": 0, "r_t_add": 0, "st_code": 69240, "l_hundred": 0, "r_hundred": 0, "seg_id": 621454, "oneway": "TF", "class": 1, "responsibl": "STATE", "update_": "2003-06-27T00:00:00Z", "newsegdate": null, "multi_rep": 2, "streetlabe": "W ROOSEVELT BLVD", "stname": "W ROOSEVELT BLVD", "objectid": 23437, "Shape__Len": 1004.6064238211428 }, "geometry": { "type": "MultiLineString", "coordinates": [ [ [ -75.147141254265051, 40.019527440377502 ], [ -75.149128284950393, 40.019774449199964 ], [ -75.149381632259548, 40.019808367513072 ], [ -75.150614845906702, 40.019972737120639 ], [ -75.152176702107013, 40.020172244134017 ], [ -75.153804247603489, 40.020372459842591 ], [ -75.155049887830742, 40.020480476633161 ] ] ] } },
{ "type": "Feature", "properties": { "fnode_": 11321, "tnode_": 11323, "lpoly_": null, "rpoly_": null, "length": 409.23060850999991, "stcl2_": null, "stcl2_id": null, "pre_dir": "W", "st_name": "ROOSEVELT BLVD", "st_type": "RAMP", "suf_dir": "C", "zip_left": 19140, "zip_right": 19140, "l_f_add": 0, "l_t_add": 0, "r_f_add": 0, "r_t_add": 0, "st_code": 9280, "l_hundred": 0, "r_hundred": 0, "seg_id": 621455, "oneway": "FT", "class": 9, "responsibl": "STATE", "update_": "2006-04-25T00:00:00Z", "newsegdate": null, "multi_rep": 3, "streetlabe": "W ROOSEVELT BLVD RAMP C", "stname": "W ROOSEVELT BLVD RAMP C", "objectid": 23438, "Shape__Len": 162.67117461074167 }, "geometry": { "type": "MultiLineString", "coordinates": [ [ [ -75.153707626870187, 40.020609817099761 ], [ -75.153749895083649, 40.02058305206716 ], [ -75.153805631685458, 40.020575785001469 ], [ -75.154799211240132, 40.020625959847273 ], [ -75.154951512701075, 40.020631533618776 ], [ -75.155023629452359, 40.020631031557507 ], [ -75.155147683385607, 40.020602353374038 ] ] ] } },
{ "type": "Feature", "properties": { "fnode_": 11517, "tnode_": 11214, "lpoly_": null, "rpoly_": null, "length": 769.18926137000005, "stcl2_": null, "stcl2_id": null, "pre_dir": null, "st_name": "CLARISSA", "st_type": "ST", "suf_dir": null, "zip_left": 19140, "zip_right": 19140, "l_f_add": 4400, "l_t_add": 4498, "r_f_add": 4401, "r_t_add": 4499, "st_code": 23480, "l_hundred": 4400, "r_hundred": 4400, "seg_id": 621522, "oneway": "B", "class": 3, "responsibl": "STATE", "update_": "2005-01-14T00:00:00Z", "newsegdate": null, "multi_rep": 0, "streetlabe": "CLARISSA ST", "stname": "CLARISSA ST", "objectid": 23486, "Shape__Len": 306.79862660003494 }, "geometry": { "type": "MultiLineString", "coordinates": [ [ [ -75.160323658694637, 40.019330431161329 ], [ -75.160633900944433, 40.019785161021225 ], [ -75.160693711047173, 40.020086482069672 ], [ -75.160675869486568, 40.020192236490878 ], [ -75.160658837090651, 40.020276777628965 ], [ -75.160642817356035, 40.020334802191343 ], [ -75.160588868153098, 40.020482205441432 ], [ -75.160207441686836, 40.021320997947115 ] ] ] } },
{ "type": "Feature", "properties": { "fnode_": 11374, "tnode_": 11575, "lpoly_": null, "rpoly_": null, "length": 668.00148892000004, "stcl2_": null, "stcl2_id": null, "pre_dir": null, "st_name": "ROBERTS", "st_type": "AVE", "suf_dir": null, "zip_left": 19140, "zip_right": 19144, "l_f_add": 300, "l_t_add": 398, "r_f_add": 301, "r_t_add": 399, "st_code": 68880, "l_hundred": 300, "r_hundred": 300, "seg_id": 621529, "oneway": "B", "class": 3, "responsibl": "STATE", "update_": "1998-10-22T00:00:00Z", "newsegdate": null, "multi_rep": 0, "streetlabe": "ROBERTS AVE", "stname": "ROBERTS AVE", "objectid": 23490, "Shape__Len": 266.14605798033142 }, "geometry": { "type": "MultiLineString", "coordinates": [ [ [ -75.163780005121865, 40.019229579186231 ], [ -75.1638312526932, 40.019190513977414 ], [ -75.164211834316944, 40.018957667956663 ] ] ] } },
{ "type": "Feature", "properties": { "fnode_": 28073, "tnode_": 11268, "lpoly_": null, "rpoly_": null, "length": 436.30454029000009, "stcl2_": null, "stcl2_id": null, "pre_dir": "N", "st_name": "GRATZ", "st_type": "ST", "suf_dir": null, "zip_left": 19140, "zip_right": 19140, "l_f_add": 4330, "l_t_add": 4398, "r_f_add": 4331, "r_t_add": 4399, "st_code": 38180, "l_hundred": 4300, "r_hundred": 4300, "seg_id": 621534, "oneway": "FT", "class": 5, "responsibl": "CITY", "update_": "2000-01-10T00:00:00Z", "newsegdate": null, "multi_rep": 0, "streetlabe": "N GRATZ ST", "stname": "N GRATZ ST", "objectid": 23494, "Shape__Len": 173.92459728096301 }, "geometry": { "type": "MultiLineString", "coordinates": [ [ [ -75.155740235637964, 40.019922118414094 ], [ -75.156356517599377, 40.020509775036082 ], [ -75.15634103972252, 40.020624551946042 ], [ -75.15630877679736, 40.020743213340353 ], [ -75.156277966987275, 40.020948053756236 ] ] ] } },
{ "type": "Feature", "properties": { "fnode_": 27713, "tnode_": 27712, "lpoly_": null, "rpoly_": null, "length": 23.55202029, "stcl2_": null, "stcl2_id": null, "pre_dir": null, "st_name": "GERMANTOWN", "st_type": "AVE", "suf_dir": null, "zip_left": 19140, "zip_right": 19140, "l_f_add": 0, "l_t_add": 0, "r_f_add": 0, "r_t_add": 0, "st_code": 36660, "l_hundred": 0, "r_hundred": 0, "seg_id": 621783, "oneway": "B", "class": 2, "responsibl": "STATE", "update_": "1998-10-22T00:00:00Z", "newsegdate": "1998-10-21T00:00:00Z", "multi_rep": 0, "streetlabe": "GERMANTOWN AVE", "stname": "GERMANTOWN AVE", "objectid": 23576, "Shape__Len": 9.3907137471106257 }, "geometry": { "type": "MultiLineString", "coordinates": [ [ [ -75.155385140036557, 40.018580164020655 ], [ -75.155421911987204, 40.018638307704215 ] ] ] } },
{ "type": "Feature", "properties": { "fnode_": 28074, "tnode_": 28073, "lpoly_": null, "rpoly_": null, "length": 64.2478918, "stcl2_": null, "stcl2_id": null, "pre_dir": "N", "st_name": "GRATZ", "st_type": "ST", "suf_dir": null, "zip_left": 19140, "zip_right": 19140, "l_f_add": 4300, "l_t_add": 4328, "r_f_add": 4301, "r_t_add": 4329, "st_code": 38180, "l_hundred": 4300, "r_hundred": 4300, "seg_id": 621803, "oneway": "B", "class": 5, "responsibl": "CITY", "update_": "2000-01-10T00:00:00Z", "newsegdate": "2000-01-07T00:00:00Z", "multi_rep": 0, "streetlabe": "N GRATZ ST", "stname": "N GRATZ ST", "objectid": 23588, "Shape__Len": 25.538478919660903 }, "geometry": { "type": "MultiLineString", "coordinates": [ [ [ -75.155513802493587, 40.019893878826522 ], [ -75.155740235637964, 40.019922118414094 ] ] ] } },
{ "type": "Feature", "properties": { "fnode_": 28073, "tnode_": 11449, "lpoly_": null, "rpoly_": null, "length": 127.62676908, "stcl2_": null, "stcl2_id": null, "pre_dir": null, "st_name": "DALKEITH", "st_type": "ST", "suf_dir": null, "zip_left": 19140, "zip_right": 19140, "l_f_add": 1800, "l_t_add": 1898, "r_f_add": 1801, "r_t_add": 1899, "st_code": 27180, "l_hundred": 1800, "r_hundred": 1800, "seg_id": 621804, "oneway": "B", "class": 5, "responsibl": "CITY", "update_": "2000-01-10T00:00:00Z", "newsegdate": null, "multi_rep": 0, "streetlabe": "DALKEITH ST", "stname": "DALKEITH ST", "objectid": 23589, "Shape__Len": 50.803987020797848 }, "geometry": { "type": "MultiLineString", "coordinates": [ [ [ -75.155740235637964, 40.019922118414094 ], [ -75.156097016084004, 40.01970417453478 ] ] ] } },
{ "type": "Feature", "properties": { "fnode_": 11386, "tnode_": 11333, "lpoly_": null, "rpoly_": null, "length": 818.54385484, "stcl2_": null, "stcl2_id": null, "pre_dir": null, "st_name": "SAINT LUKES", "st_type": "ST", "suf_dir": null, "zip_left": 19140, "zip_right": 19140, "l_f_add": 1700, "l_t_add": 1798, "r_f_add": 1601, "r_t_add": 1799, "st_code": 74120, "l_hundred": 1700, "r_hundred": 1600, "seg_id": 621849, "oneway": "TF", "class": 2, "responsibl": "STATE", "update_": "2003-07-11T00:00:00Z", "newsegdate": "2001-09-26T00:00:00Z", "multi_rep": 1, "streetlabe": "SAINT LUKES ST", "stname": "SAINT LUKES ST", "objectid": 23616, "Shape__Len": 325.40142577037449 }, "geometry": { "type": "MultiLineString", "coordinates": [ [ [ -75.152199500963633, 40.020004305601404 ], [ -75.153795335512044, 40.020205188985969 ], [ -75.154472034347208, 40.020335012234604 ], [ -75.155049887830742, 40.020480476633161 ] ] ] } },
{ "type": "Feature", "properties": { "fnode_": 11875, "tnode_": 28322, "lpoly_": null, "rpoly_": null, "length": 629.47256418999996, "stcl2_": null, "stcl2_id": null, "pre_dir": "W", "st_name": "ABBOTTSFORD", "st_type": "AVE", "suf_dir": null, "zip_left": 19129, "zip_right": 19129, "l_f_add": 2800, "l_t_add": 2890, "r_f_add": 0, "r_t_add": 0, "st_code": 11080, "l_hundred": 2800, "r_hundred": 0, "seg_id": 621857, "oneway": "TF", "class": 5, "responsibl": "CITY", "update_": "2014-04-29T00:00:00Z", "newsegdate": "2001-12-12T00:00:00Z", "multi_rep": 1, "streetlabe": "W ABBOTTSFORD AVE", "stname": "W ABBOTTSFORD AVE", "objectid": 23623, "Shape__Len": 250.5458396360327 }, "geometry": { "type": "MultiLineString", "coordinates": [ [ [ -75.174465487847201, 40.016534230881433 ], [ -75.175532062453243, 40.015899644008755 ] ] ] } },
{ "type": "Feature", "properties": { "fnode_": 11946, "tnode_": 29156, "lpoly_": null, "rpoly_": null, "length": 279.11675818999998, "stcl2_": null, "stcl2_id": null, "pre_dir": null, "st_name": "WISSAHICKON", "st_type": "AVE", "suf_dir": null, "zip_left": 19144, "zip_right": 19144, "l_f_add": 4410, "l_t_add": 4418, "r_f_add": 4411, "r_t_add": 4419, "st_code": 84060, "l_hundred": 4400, "r_hundred": 4400, "seg_id": 621900, "oneway": "B", "class": 2, "responsibl": "STATE", "update_": "2009-05-27T00:00:00Z", "newsegdate": "2006-12-01T00:00:00Z", "multi_rep": 0, "streetlabe": "WISSAHICKON AVE", "stname": "WISSAHICKON AVE", "objectid": 23655, "Shape__Len": 111.16965344195179 }, "geometry": { "type": "MultiLineString", "coordinates": [ [ [ -75.170099023268222, 40.015732494762069 ], [ -75.170772194737083, 40.016297446539845 ] ] ] } },
{ "type": "Feature", "properties": { "fnode_": 29156, "tnode_": 11775, "lpoly_": null, "rpoly_": null, "length": 595.48643713000001, "stcl2_": null, "stcl2_id": null, "pre_dir": null, "st_name": "WISSAHICKON", "st_type": "AVE", "suf_dir": null, "zip_left": 19144, "zip_right": 19144, "l_f_add": 4420, "l_t_add": 4798, "r_f_add": 4421, "r_t_add": 4799, "st_code": 84060, "l_hundred": 4400, "r_hundred": 4400, "seg_id": 621901, "oneway": "B", "class": 2, "responsibl": "STATE", "update_": "2009-05-27T00:00:00Z", "newsegdate": "2006-12-01T00:00:00Z", "multi_rep": 0, "streetlabe": "WISSAHICKON AVE", "stname": "WISSAHICKON AVE", "objectid": 23656, "Shape__Len": 237.17987191521308 }, "geometry": { "type": "MultiLineString", "coordinates": [ [ [ -75.170772194737083, 40.016297446539845 ], [ -75.172208421646943, 40.017502739198228 ] ] ] } },
{ "type": "Feature", "properties": { "fnode_": 29156, "tnode_": 29157, "lpoly_": null, "rpoly_": null, "length": 57.75638331, "stcl2_": null, "stcl2_id": null, "pre_dir": null, "st_name": "WISSAHICKON CHARTER SCHOOL", "st_type": "DWY", "suf_dir": null, "zip_left": 19129, "zip_right": 19129, "l_f_add": 0, "l_t_add": 0, "r_f_add": 0, "r_t_add": 0, "st_code": 1269, "l_hundred": 0, "r_hundred": 0, "seg_id": 621902, "oneway": "B", "class": 6, "responsibl": "PRIVATE", "update_": "2006-12-01T00:00:00Z", "newsegdate": "2006-12-01T00:00:00Z", "multi_rep": 0, "streetlabe": "WISSAHICKON CHARTER SCHOOL DWY", "stname": "WISSAHICKON CHARTER SCHOOL DWY", "objectid": 23657, "Shape__Len": 22.991479392758155 }, "geometry": { "type": "MultiLineString", "coordinates": [ [ [ -75.170772194737083, 40.016297446539845 ], [ -75.17093103933118, 40.016196348376234 ] ] ] } },
{ "type": "Feature", "properties": { "fnode_": 11799, "tnode_": 29190, "lpoly_": null, "rpoly_": null, "length": 96.98008233, "stcl2_": null, "stcl2_id": null, "pre_dir": null, "st_name": "DOUNTON", "st_type": "ST", "suf_dir": null, "zip_left": 19140, "zip_right": 19140, "l_f_add": 1810, "l_t_add": 1898, "r_f_add": 1801, "r_t_add": 1899, "st_code": 29040, "l_hundred": 1800, "r_hundred": 1800, "seg_id": 621906, "oneway": "B", "class": 5, "responsibl": "CITY", "update_": "1998-10-22T00:00:00Z", "newsegdate": "2007-05-24T00:00:00Z", "multi_rep": 0, "streetlabe": "DOUNTON ST", "stname": "DOUNTON ST", "objectid": 23661, "Shape__Len": 38.586496151442837 }, "geometry": { "type": "MultiLineString", "coordinates": [ [ [ -75.156445314217905, 40.016892501832146 ], [ -75.156739187285126, 40.016751722092955 ] ] ] } },
{ "type": "Feature", "properties": { "fnode_": 11845, "tnode_": 29190, "lpoly_": null, "rpoly_": null, "length": 108.81858817, "stcl2_": null, "stcl2_id": null, "pre_dir": null, "st_name": "TACOMA", "st_type": "ST", "suf_dir": null, "zip_left": 19140, "zip_right": 19140, "l_f_add": 4101, "l_t_add": 4167, "r_f_add": 4100, "r_t_add": 4166, "st_code": 76580, "l_hundred": 4100, "r_hundred": 4100, "seg_id": 621907, "oneway": "B", "class": 5, "responsibl": "CITY", "update_": "2015-01-21T00:00:00Z", "newsegdate": "2007-05-24T00:00:00Z", "multi_rep": 0, "streetlabe": "TACOMA ST", "stname": "TACOMA ST", "objectid": 23662, "Shape__Len": 43.376826827730703 }, "geometry": { "type": "MultiLineString", "coordinates": [ [ [ -75.156544332745952, 40.016493289417944 ], [ -75.156739187285126, 40.016751722092955 ] ] ] } },
{ "type": "Feature", "properties": { "fnode_": 29190, "tnode_": 29535, "lpoly_": null, "rpoly_": null, "length": 164.68031277999998, "stcl2_": null, "stcl2_id": null, "pre_dir": null, "st_name": "TACOMA", "st_type": "ST", "suf_dir": null, "zip_left": 19140, "zip_right": 19140, "l_f_add": 4168, "l_t_add": 4198, "r_f_add": 4169, "r_t_add": 4199, "st_code": 76580, "l_hundred": 4100, "r_hundred": 4100, "seg_id": 621912, "oneway": "B", "class": 5, "responsibl": "CITY", "update_": "2015-01-21T00:00:00Z", "newsegdate": "2009-08-12T00:00:00Z", "multi_rep": 0, "streetlabe": "TACOMA ST", "stname": "TACOMA ST", "objectid": 23667, "Shape__Len": 65.570177723251021 }, "geometry": { "type": "MultiLineString", "coordinates": [ [ [ -75.156739187285126, 40.016751722092955 ], [ -75.156863423926353, 40.016907970117153 ], [ -75.156566548877478, 40.017050172661307 ] ] ] } },
{ "type": "Feature", "properties": { "fnode_": 11799, "tnode_": 29535, "lpoly_": null, "rpoly_": null, "length": 66.72357269, "stcl2_": null, "stcl2_id": null, "pre_dir": null, "st_name": "WAYNE", "st_type": "AVE", "suf_dir": null, "zip_left": 19140, "zip_right": 19140, "l_f_add": 4100, "l_t_add": 4178, "r_f_add": 4101, "r_t_add": 4179, "st_code": 81880, "l_hundred": 4100, "r_hundred": 4100, "seg_id": 621913, "oneway": "FT", "class": 5, "responsibl": "CITY", "update_": "2009-08-12T00:00:00Z", "newsegdate": "2009-08-12T00:00:00Z", "multi_rep": 0, "streetlabe": "WAYNE AVE", "stname": "WAYNE AVE", "objectid": 23668, "Shape__Len": 26.596437127182728 }, "geometry": { "type": "MultiLineString", "coordinates": [ [ [ -75.156445314217905, 40.016892501832146 ], [ -75.156566548877478, 40.017050172661307 ] ] ] } },
{ "type": "Feature", "properties": { "fnode_": 29535, "tnode_": 11741, "lpoly_": null, "rpoly_": null, "length": 126.02396271000001, "stcl2_": null, "stcl2_id": null, "pre_dir": null, "st_name": "WAYNE", "st_type": "AVE", "suf_dir": null, "zip_left": 19140, "zip_right": 19140, "l_f_add": 4180, "l_t_add": 4198, "r_f_add": 4181, "r_t_add": 4199, "st_code": 81880, "l_hundred": 4100, "r_hundred": 4100, "seg_id": 621914, "oneway": "FT", "class": 5, "responsibl": "CITY", "update_": "2010-12-14T00:00:00Z", "newsegdate": "2009-08-12T00:00:00Z", "multi_rep": 0, "streetlabe": "WAYNE AVE", "stname": "WAYNE AVE", "objectid": 23669, "Shape__Len": 50.234114166080538 }, "geometry": { "type": "MultiLineString", "coordinates": [ [ [ -75.156566548877478, 40.017050172661307 ], [ -75.156795531570879, 40.017347972863533 ] ] ] } },
{ "type": "Feature", "properties": { "fnode_": 29596, "tnode_": 29597, "lpoly_": null, "rpoly_": null, "length": 129.71217321999998, "stcl2_": null, "stcl2_id": null, "pre_dir": null, "st_name": "KROC CENTER", "st_type": "DWY", "suf_dir": null, "zip_left": 19129, "zip_right": 19129, "l_f_add": 2300, "l_t_add": 2398, "r_f_add": 2301, "r_t_add": 2399, "st_code": 1091, "l_hundred": 2300, "r_hundred": 2300, "seg_id": 621925, "oneway": "B", "class": 6, "responsibl": "PRIVATE", "update_": "2011-01-20T00:00:00Z", "newsegdate": "2011-01-20T00:00:00Z", "multi_rep": 0, "streetlabe": "KROC CENTER DWY", "stname": "KROC CENTER DWY", "objectid": 23678, "Shape__Len": 51.599649619705446 }, "geometry": { "type": "MultiLineString", "coordinates": [ [ [ -75.168447731427861, 40.01197785633255 ], [ -75.168849453041943, 40.011800737811008 ] ] ] } },
{ "type": "Feature", "properties": { "fnode_": 12466, "tnode_": 29596, "lpoly_": null, "rpoly_": null, "length": 448.46481841000002, "stcl2_": null, "stcl2_id": null, "pre_dir": null, "st_name": "WISSAHICKON", "st_type": "AVE", "suf_dir": null, "zip_left": 19129, "zip_right": 19129, "l_f_add": 3930, "l_t_add": 4114, "r_f_add": 3931, "r_t_add": 4115, "st_code": 84060, "l_hundred": 3900, "r_hundred": 3900, "seg_id": 621926, "oneway": "B", "class": 2, "responsibl": "STATE", "update_": "2011-01-20T00:00:00Z", "newsegdate": "2011-01-20T00:00:00Z", "multi_rep": 0, "streetlabe": "WISSAHICKON AVE", "stname": "WISSAHICKON AVE", "objectid": 23679, "Shape__Len": 178.7502643780779 }, "geometry": { "type": "MultiLineString", "coordinates": [ [ [ -75.167641529375004, 40.010914241724983 ], [ -75.167815928028759, 40.011143541854494 ], [ -75.168447731427861, 40.01197785633255 ] ] ] } },
{ "type": "Feature", "properties": { "fnode_": 29596, "tnode_": 12230, "lpoly_": null, "rpoly_": null, "length": 443.98768779, "stcl2_": null, "stcl2_id": null, "pre_dir": null, "st_name": "WISSAHICKON", "st_type": "AVE", "suf_dir": null, "zip_left": 19129, "zip_right": 19129, "l_f_add": 4116, "l_t_add": 4298, "r_f_add": 4117, "r_t_add": 4299, "st_code": 84060, "l_hundred": 4100, "r_hundred": 4100, "seg_id": 621927, "oneway": "B", "class": 2, "responsibl": "STATE", "update_": "2011-01-20T00:00:00Z", "newsegdate": "2011-01-20T00:00:00Z", "multi_rep": 0, "streetlabe": "WISSAHICKON AVE", "stname": "WISSAHICKON AVE", "objectid": 23680, "Shape__Len": 176.99309663615924 }, "geometry": { "type": "MultiLineString", "coordinates": [ [ [ -75.168447731427861, 40.01197785633255 ], [ -75.16904933879286, 40.012772275197015 ], [ -75.169116391543255, 40.012889886097433 ], [ -75.169176654401753, 40.013054584451645 ] ] ] } },
{ "type": "Feature", "properties": { "fnode_": 29759, "tnode_": 12436, "lpoly_": null, "rpoly_": null, "length": 112.18374226, "stcl2_": null, "stcl2_id": null, "pre_dir": null, "st_name": "SCHUYLER", "st_type": "ST", "suf_dir": null, "zip_left": 19140, "zip_right": 19140, "l_f_add": 3600, "l_t_add": 3698, "r_f_add": 3601, "r_t_add": 3699, "st_code": 71300, "l_hundred": 3600, "r_hundred": 3600, "seg_id": 621947, "oneway": "FT", "class": 5, "responsibl": "CITY", "update_": "2012-02-06T00:00:00Z", "newsegdate": "2012-02-06T00:00:00Z", "multi_rep": 0, "streetlabe": "SCHUYLER ST", "stname": "SCHUYLER ST", "objectid": 23695, "Shape__Len": 44.708939953450056 }, "geometry": { "type": "MultiLineString", "coordinates": [ [ [ -75.164203276069216, 40.011127720724453 ], [ -75.164208542701459, 40.011134160194715 ] ] ] } },
{ "type": "Feature", "properties": { "fnode_": 11387, "tnode_": 11323, "lpoly_": null, "rpoly_": null, "length": 3264.2789199599997, "stcl2_": null, "stcl2_id": null, "pre_dir": "W", "st_name": "ROOSEVELT", "st_type": "BLVD", "suf_dir": null, "zip_left": 19140, "zip_right": 19140, "l_f_add": 0, "l_t_add": 0, "r_f_add": 0, "r_t_add": 0, "st_code": 69240, "l_hundred": 0, "r_hundred": 0, "seg_id": 640556, "oneway": "FT", "class": 1, "responsibl": "STATE", "update_": "2003-06-27T00:00:00Z", "newsegdate": null, "multi_rep": 1, "streetlabe": "W ROOSEVELT BLVD", "stname": "W ROOSEVELT BLVD", "objectid": 24227, "Shape__Len": 1297.5595590127978 }, "geometry": { "type": "MultiLineString", "coordinates": [ [ [ -75.147145091684621, 40.019602379641888 ], [ -75.149108733681118, 40.019856670339529 ], [ -75.149367612924678, 40.019884801490356 ], [ -75.150600989923731, 40.020044910394816 ], [ -75.152178818778566, 40.020261835184591 ], [ -75.153788111659651, 40.020453865961365 ], [ -75.155147683385607, 40.020602353374038 ] ] ] } },
{ "type": "Feature", "properties": { "fnode_": 11686, "tnode_": 11751, "lpoly_": null, "rpoly_": null, "length": 296.79353819, "stcl2_": null, "stcl2_id": null, "pre_dir": "W", "st_name": "ROOSEVELT", "st_type": "BLVD", "suf_dir": null, "zip_left": 19140, "zip_right": 19140, "l_f_add": 1414, "l_t_add": 1498, "r_f_add": 1415, "r_t_add": 1499, "st_code": 69240, "l_hundred": 1400, "r_hundred": 1400, "seg_id": 620452, "oneway": "B", "class": 2, "responsibl": "STATE", "update_": "1999-09-13T00:00:00Z", "newsegdate": null, "multi_rep": 0, "streetlabe": "W ROOSEVELT BLVD", "stname": "W ROOSEVELT BLVD", "objectid": 22545, "Shape__Len": 118.08505030301029 }, "geometry": { "type": "MultiLineString", "coordinates": [ [ [ -75.150305312039777, 40.017546906668407 ], [ -75.151210327719255, 40.017123126213612 ] ] ] } },
{ "type": "Feature", "properties": { "fnode_": 11751, "tnode_": 11781, "lpoly_": null, "rpoly_": null, "length": 104.01845073, "stcl2_": null, "stcl2_id": null, "pre_dir": "W", "st_name": "HUNTING PARK", "st_type": "AVE", "suf_dir": null, "zip_left": 19140, "zip_right": 19140, "l_f_add": 1500, "l_t_add": 1598, "r_f_add": 1501, "r_t_add": 1599, "st_code": 44040, "l_hundred": 1500, "r_hundred": 1500, "seg_id": 620453, "oneway": "B", "class": 2, "responsibl": "STATE", "update_": "1998-10-22T00:00:00Z", "newsegdate": null, "multi_rep": 0, "streetlabe": "W HUNTING PARK AVE", "stname": "W HUNTING PARK AVE", "objectid": 22546, "Shape__Len": 41.379742751233877 }, "geometry": { "type": "MultiLineString", "coordinates": [ [ [ -75.151210327719255, 40.017123126213612 ], [ -75.151535178986123, 40.016984746448436 ] ] ] } },
{ "type": "Feature", "properties": { "fnode_": 11483, "tnode_": 11444, "lpoly_": null, "rpoly_": null, "length": 79.25531169, "stcl2_": null, "stcl2_id": null, "pre_dir": "N", "st_name": "16TH", "st_type": "ST", "suf_dir": null, "zip_left": 19140, "zip_right": 19140, "l_f_add": 4320, "l_t_add": 4332, "r_f_add": 4323, "r_t_add": 4331, "st_code": 88090, "l_hundred": 4300, "r_hundred": 4300, "seg_id": 620454, "oneway": "TF", "class": 4, "responsibl": "CITY", "update_": "1998-10-22T00:00:00Z", "newsegdate": null, "multi_rep": 0, "streetlabe": "N 16TH ST", "stname": "N 16TH ST", "objectid": 22547, "Shape__Len": 31.620409292562368 }, "geometry": { "type": "MultiLineString", "coordinates": [ [ [ -75.152350743458726, 40.019406867071297 ], [ -75.152296097742905, 40.019620337127805 ] ] ] } },
{ "type": "Feature", "properties": { "fnode_": 11550, "tnode_": 11483, "lpoly_": null, "rpoly_": null, "length": 180.75591743000001, "stcl2_": null, "stcl2_id": null, "pre_dir": "N", "st_name": "16TH", "st_type": "ST", "suf_dir": null, "zip_left": 19140, "zip_right": 19140, "l_f_add": 4300, "l_t_add": 4318, "r_f_add": 4301, "r_t_add": 4321, "st_code": 88090, "l_hundred": 4300, "r_hundred": 4300, "seg_id": 620458, "oneway": "TF", "class": 4, "responsibl": "CITY", "update_": "1998-10-22T00:00:00Z", "newsegdate": null, "multi_rep": 0, "streetlabe": "N 16TH ST", "stname": "N 16TH ST", "objectid": 22551, "Shape__Len": 72.118171366997075 }, "geometry": { "type": "MultiLineString", "coordinates": [ [ [ -75.152459362802517, 40.018917748665942 ], [ -75.152350743458726, 40.019406867071297 ] ] ] } },
{ "type": "Feature", "properties": { "fnode_": 11550, "tnode_": 11546, "lpoly_": null, "rpoly_": null, "length": 75.1657161, "stcl2_": null, "stcl2_id": null, "pre_dir": "W", "st_name": "BRISTOL", "st_type": "ST", "suf_dir": null, "zip_left": 19140, "zip_right": 19140, "l_f_add": 1600, "l_t_add": 1630, "r_f_add": 1601, "r_t_add": 1613, "st_code": 19100, "l_hundred": 1600, "r_hundred": 1600, "seg_id": 620459, "oneway": "TF", "class": 5, "responsibl": "CITY", "update_": "1998-10-22T00:00:00Z", "newsegdate": null, "multi_rep": 0, "streetlabe": "W BRISTOL ST", "stname": "W BRISTOL ST", "objectid": 22552, "Shape__Len": 29.876198506521124 }, "geometry": { "type": "MultiLineString", "coordinates": [ [ [ -75.152459362802517, 40.018917748665942 ], [ -75.152726188060853, 40.018939857549022 ] ] ] } },
{ "type": "Feature", "properties": { "fnode_": 11557, "tnode_": 11550, "lpoly_": null, "rpoly_": null, "length": 174.25442269000001, "stcl2_": null, "stcl2_id": null, "pre_dir": "W", "st_name": "BRISTOL", "st_type": "ST", "suf_dir": null, "zip_left": 19140, "zip_right": 19140, "l_f_add": 1534, "l_t_add": 1598, "r_f_add": 1535, "r_t_add": 1599, "st_code": 19100, "l_hundred": 1500, "r_hundred": 1500, "seg_id": 620460, "oneway": "TF", "class": 5, "responsibl": "CITY", "update_": "1998-10-22T00:00:00Z", "newsegdate": null, "multi_rep": 0, "streetlabe": "W BRISTOL ST", "stname": "W BRISTOL ST", "objectid": 22553, "Shape__Len": 69.266975792961119 }, "geometry": { "type": "MultiLineString", "coordinates": [ [ [ -75.15184760108761, 40.018830682442335 ], [ -75.152459362802517, 40.018917748665942 ] ] ] } },
{ "type": "Feature", "properties": { "fnode_": 27535, "tnode_": 11557, "lpoly_": null, "rpoly_": null, "length": 121.41452881, "stcl2_": null, "stcl2_id": null, "pre_dir": "W", "st_name": "BRISTOL", "st_type": "ST", "suf_dir": null, "zip_left": 19140, "zip_right": 19140, "l_f_add": 1520, "l_t_add": 1532, "r_f_add": 1521, "r_t_add": 1533, "st_code": 19100, "l_hundred": 1500, "r_hundred": 1500, "seg_id": 620461, "oneway": "TF", "class": 5, "responsibl": "CITY", "update_": "1998-10-22T00:00:00Z", "newsegdate": null, "multi_rep": 0, "streetlabe": "W BRISTOL ST", "stname": "W BRISTOL ST", "objectid": 22554, "Shape__Len": 48.262220089310816 }, "geometry": { "type": "MultiLineString", "coordinates": [ [ [ -75.151420665857998, 40.018772917964291 ], [ -75.15184760108761, 40.018830682442335 ] ] ] } },
{ "type": "Feature", "properties": { "fnode_": 11569, "tnode_": 11563, "lpoly_": null, "rpoly_": null, "length": 139.04470727, "stcl2_": null, "stcl2_id": null, "pre_dir": "W", "st_name": "BRISTOL", "st_type": "ST", "suf_dir": null, "zip_left": 19140, "zip_right": 19140, "l_f_add": 1500, "l_t_add": 1516, "r_f_add": 1501, "r_t_add": 1517, "st_code": 19100, "l_hundred": 1500, "r_hundred": 1500, "seg_id": 620462, "oneway": "TF", "class": 5, "responsibl": "CITY", "update_": "1998-10-22T00:00:00Z", "newsegdate": null, "multi_rep": 0, "streetlabe": "W BRISTOL ST", "stname": "W BRISTOL ST", "objectid": 22555, "Shape__Len": 55.267979585230613 }, "geometry": { "type": "MultiLineString", "coordinates": [ [ [ -75.150872210740616, 40.01871109934774 ], [ -75.151363639549814, 40.01876520226034 ] ] ] } },
{ "type": "Feature", "properties": { "fnode_": 11573, "tnode_": 11569, "lpoly_": null, "rpoly_": null, "length": 226.62570732, "stcl2_": null, "stcl2_id": null, "pre_dir": "W", "st_name": "BRISTOL", "st_type": "ST", "suf_dir": null, "zip_left": 19140, "zip_right": 19140, "l_f_add": 1420, "l_t_add": 1498, "r_f_add": 1419, "r_t_add": 1499, "st_code": 19100, "l_hundred": 1400, "r_hundred": 1400, "seg_id": 620463, "oneway": "TF", "class": 5, "responsibl": "CITY", "update_": "1998-10-22T00:00:00Z", "newsegdate": null, "multi_rep": 0, "streetlabe": "W BRISTOL ST", "stname": "W BRISTOL ST", "objectid": 22556, "Shape__Len": 90.082393607965045 }, "geometry": { "type": "MultiLineString", "coordinates": [ [ [ -75.150074128700396, 40.018608613578991 ], [ -75.150872210740616, 40.01871109934774 ] ] ] } },
{ "type": "Feature", "properties": { "fnode_": 11590, "tnode_": 11550, "lpoly_": null, "rpoly_": null, "length": 128.72558213000002, "stcl2_": null, "stcl2_id": null, "pre_dir": "N", "st_name": "16TH", "st_type": "ST", "suf_dir": null, "zip_left": 19140, "zip_right": 19140, "l_f_add": 4248, "l_t_add": 4298, "r_f_add": 4247, "r_t_add": 4299, "st_code": 88090, "l_hundred": 4200, "r_hundred": 4200, "seg_id": 620466, "oneway": "TF", "class": 4, "responsibl": "CITY", "update_": "1998-10-22T00:00:00Z", "newsegdate": null, "multi_rep": 0, "streetlabe": "N 16TH ST", "stname": "N 16TH ST", "objectid": 22558, "Shape__Len": 51.361045700842233 }, "geometry": { "type": "MultiLineString", "coordinates": [ [ [ -75.152519140403029, 40.018567383150376 ], [ -75.152459362802517, 40.018917748665942 ] ] ] } },
{ "type": "Feature", "properties": { "fnode_": 11636, "tnode_": 11590, "lpoly_": null, "rpoly_": null, "length": 161.99788307, "stcl2_": null, "stcl2_id": null, "pre_dir": "N", "st_name": "16TH", "st_type": "ST", "suf_dir": null, "zip_left": 19140, "zip_right": 19140, "l_f_add": 4234, "l_t_add": 4246, "r_f_add": 4235, "r_t_add": 4245, "st_code": 88090, "l_hundred": 4200, "r_hundred": 4200, "seg_id": 620469, "oneway": "TF", "class": 4, "responsibl": "CITY", "update_": "1998-10-22T00:00:00Z", "newsegdate": null, "multi_rep": 0, "streetlabe": "N 16TH ST", "stname": "N 16TH ST", "objectid": 22561, "Shape__Len": 64.605498904752636 }, "geometry": { "type": "MultiLineString", "coordinates": [ [ [ -75.152388630975082, 40.018155019084134 ], [ -75.152542903404722, 40.018381041464089 ], [ -75.152552238181784, 40.018450387727846 ], [ -75.152519140403029, 40.018567383150376 ] ] ] } },
{ "type": "Feature", "properties": { "fnode_": 11678, "tnode_": 11636, "lpoly_": null, "rpoly_": null, "length": 162.58334398, "stcl2_": null, "stcl2_id": null, "pre_dir": "N", "st_name": "16TH", "st_type": "ST", "suf_dir": null, "zip_left": 19140, "zip_right": 19140, "l_f_add": 4220, "l_t_add": 4232, "r_f_add": 4221, "r_t_add": 4233, "st_code": 88090, "l_hundred": 4200, "r_hundred": 4200, "seg_id": 620471, "oneway": "TF", "class": 4, "responsibl": "CITY", "update_": "1998-10-22T00:00:00Z", "newsegdate": null, "multi_rep": 0, "streetlabe": "N 16TH ST", "stname": "N 16TH ST", "objectid": 22563, "Shape__Len": 64.805344468064703 }, "geometry": { "type": "MultiLineString", "coordinates": [ [ [ -75.152088023873759, 40.017773216383802 ], [ -75.152388630975082, 40.018155019084134 ] ] ] } },
{ "type": "Feature", "properties": { "fnode_": 11696, "tnode_": 11678, "lpoly_": null, "rpoly_": null, "length": 60.6867249, "stcl2_": null, "stcl2_id": null, "pre_dir": "N", "st_name": "16TH", "st_type": "ST", "suf_dir": null, "zip_left": 19140, "zip_right": 19140, "l_f_add": 4214, "l_t_add": 4218, "r_f_add": 4213, "r_t_add": 4219, "st_code": 88090, "l_hundred": 4200, "r_hundred": 4200, "seg_id": 620472, "oneway": "TF", "class": 4, "responsibl": "CITY", "update_": "1998-10-22T00:00:00Z", "newsegdate": null, "multi_rep": 0, "streetlabe": "N 16TH ST", "stname": "N 16TH ST", "objectid": 22564, "Shape__Len": 24.19546161267867 }, "geometry": { "type": "MultiLineString", "coordinates": [ [ [ -75.151989796181894, 40.017624727172731 ], [ -75.152088023873759, 40.017773216383802 ] ] ] } },
{ "type": "Feature", "properties": { "fnode_": 11781, "tnode_": 11696, "lpoly_": null, "rpoly_": null, "length": 265.64106754, "stcl2_": null, "stcl2_id": null, "pre_dir": "N", "st_name": "16TH", "st_type": "ST", "suf_dir": null, "zip_left": 19140, "zip_right": 19140, "l_f_add": 4200, "l_t_add": 4212, "r_f_add": 4201, "r_t_add": 4211, "st_code": 88090, "l_hundred": 4200, "r_hundred": 4200, "seg_id": 620476, "oneway": "TF", "class": 4, "responsibl": "CITY", "update_": "1998-10-22T00:00:00Z", "newsegdate": null, "multi_rep": 0, "streetlabe": "N 16TH ST", "stname": "N 16TH ST", "objectid": 22568, "Shape__Len": 105.89890703509101 }, "geometry": { "type": "MultiLineString", "coordinates": [ [ [ -75.151535178986123, 40.016984746448436 ], [ -75.151989796181894, 40.017624727172731 ] ] ] } },
{ "type": "Feature", "properties": { "fnode_": 11831, "tnode_": 11781, "lpoly_": null, "rpoly_": null, "length": 186.2147924, "stcl2_": null, "stcl2_id": null, "pre_dir": "N", "st_name": "16TH", "st_type": "ST", "suf_dir": null, "zip_left": 19140, "zip_right": 19140, "l_f_add": 4118, "l_t_add": 4198, "r_f_add": 4139, "r_t_add": 4199, "st_code": 88090, "l_hundred": 4100, "r_hundred": 4100, "seg_id": 620478, "oneway": "TF", "class": 4, "responsibl": "CITY", "update_": "1998-10-22T00:00:00Z", "newsegdate": null, "multi_rep": 0, "streetlabe": "N 16TH ST", "stname": "N 16TH ST", "objectid": 22570, "Shape__Len": 74.232230705845794 }, "geometry": { "type": "MultiLineString", "coordinates": [ [ [ -75.151530274166788, 40.016978002883342 ], [ -75.151535178986123, 40.016984746448436 ] ] ] } },
{ "type": "Feature", "properties": { "fnode_": 29922, "tnode_": 11407, "lpoly_": null, "rpoly_": null, "length": 445.49208581, "stcl2_": null, "stcl2_id": null, "pre_dir": null, "st_name": "ROWAN", "st_type": "ST", "suf_dir": null, "zip_left": 19140, "zip_right": 19140, "l_f_add": 1600, "l_t_add": 1698, "r_f_add": 1601, "r_t_add": 1699, "st_code": 69560, "l_hundred": 1600, "r_hundred": 1600, "seg_id": 620493, "oneway": "B", "class": 12, "responsibl": "CITY", "update_": "2006-10-24T00:00:00Z", "newsegdate": null, "multi_rep": 0, "streetlabe": "ROWAN ST", "stname": "ROWAN ST", "objectid": 22584, "Shape__Len": 177.08305222615297 }, "geometry": { "type": "MultiLineString", "coordinates": [ [ [ -75.152273766081095, 40.019709107489149 ], [ -75.153843140460594, 40.019908213232718 ] ] ] } },
{ "type": "Feature", "properties": { "fnode_": 11466, "tnode_": 11444, "lpoly_": null, "rpoly_": null, "length": 294.26644127999998, "stcl2_": null, "stcl2_id": null, "pre_dir": null, "st_name": "ROWAN", "st_type": "ST", "suf_dir": null, "zip_left": 19140, "zip_right": 19140, "l_f_add": 1514, "l_t_add": 1598, "r_f_add": 1517, "r_t_add": 1599, "st_code": 69560, "l_hundred": 1500, "r_hundred": 1500, "seg_id": 620495, "oneway": "FT", "class": 5, "responsibl": "CITY", "update_": "1998-10-22T00:00:00Z", "newsegdate": null, "multi_rep": 0, "streetlabe": "ROWAN ST", "stname": "ROWAN ST", "objectid": 22586, "Shape__Len": 116.97045368394893 }, "geometry": { "type": "MultiLineString", "coordinates": [ [ [ -75.151259480709911, 40.019488737762337 ], [ -75.152296097742905, 40.019620337127805 ] ] ] } },
{ "type": "Feature", "properties": { "fnode_": 11471, "tnode_": 11466, "lpoly_": null, "rpoly_": null, "length": 156.04212286000001, "stcl2_": null, "stcl2_id": null, "pre_dir": null, "st_name": "ROWAN", "st_type": "ST", "suf_dir": null, "zip_left": 19140, "zip_right": 19140, "l_f_add": 1500, "l_t_add": 1512, "r_f_add": 1501, "r_t_add": 1515, "st_code": 69560, "l_hundred": 1500, "r_hundred": 1500, "seg_id": 620496, "oneway": "FT", "class": 5, "responsibl": "CITY", "update_": "1998-10-22T00:00:00Z", "newsegdate": null, "multi_rep": 0, "streetlabe": "ROWAN ST", "stname": "ROWAN ST", "objectid": 22587, "Shape__Len": 62.02546022321286 }, "geometry": { "type": "MultiLineString", "coordinates": [ [ [ -75.150708696302502, 40.019424250122356 ], [ -75.151259480709911, 40.019488737762337 ] ] ] } },
{ "type": "Feature", "properties": { "fnode_": 11713, "tnode_": 11563, "lpoly_": null, "rpoly_": null, "length": 433.82799088000002, "stcl2_": null, "stcl2_id": null, "pre_dir": "N", "st_name": "HICKS", "st_type": "ST", "suf_dir": null, "zip_left": 19140, "zip_right": 19140, "l_f_add": 4200, "l_t_add": 4298, "r_f_add": 4201, "r_t_add": 4299, "st_code": 42400, "l_hundred": 4200, "r_hundred": 4200, "seg_id": 620497, "oneway": "FT", "class": 5, "responsibl": "CITY", "update_": "1998-10-22T00:00:00Z", "newsegdate": null, "multi_rep": 0, "streetlabe": "N HICKS ST", "stname": "N HICKS ST", "objectid": 22588, "Shape__Len": 173.08660536140218 }, "geometry": { "type": "MultiLineString", "coordinates": [ [ [ -75.151624452512962, 40.017591296749416 ], [ -75.151363639549814, 40.01876520226034 ] ] ] } },
{ "type": "Feature", "properties": { "fnode_": 11765, "tnode_": 11751, "lpoly_": null, "rpoly_": null, "length": 217.72104565000001, "stcl2_": null, "stcl2_id": null, "pre_dir": "W", "st_name": "HUNTING PARK", "st_type": "AVE", "suf_dir": null, "zip_left": 19140, "zip_right": 19140, "l_f_add": 1420, "l_t_add": 1498, "r_f_add": 1419, "r_t_add": 1499, "st_code": 44040, "l_hundred": 1400, "r_hundred": 1400, "seg_id": 620499, "oneway": "B", "class": 2, "responsibl": "FAM", "update_": "1999-09-13T00:00:00Z", "newsegdate": null, "multi_rep": 0, "streetlabe": "W HUNTING PARK AVE", "stname": "W HUNTING PARK AVE", "objectid": 22589, "Shape__Len": 86.538291314190403 }, "geometry": { "type": "MultiLineString", "coordinates": [ [ [ -75.151194898529752, 40.017121443279606 ], [ -75.151210327719255, 40.017123126213612 ] ] ] } },
{ "type": "Feature", "properties": { "fnode_": 11573, "tnode_": 11426, "lpoly_": null, "rpoly_": null, "length": 401.75013378, "stcl2_": null, "stcl2_id": null, "pre_dir": "N", "st_name": "CARLISLE", "st_type": "ST", "suf_dir": null, "zip_left": 19140, "zip_right": 19140, "l_f_add": 4300, "l_t_add": 4398, "r_f_add": 4301, "r_t_add": 4399, "st_code": 21400, "l_hundred": 4300, "r_hundred": 4300, "seg_id": 620501, "oneway": "FT", "class": 5, "responsibl": "CITY", "update_": "1998-10-22T00:00:00Z", "newsegdate": null, "multi_rep": 0, "streetlabe": "N CARLISLE ST", "stname": "N CARLISLE ST", "objectid": 22590, "Shape__Len": 160.29231328154617 }, "geometry": { "type": "MultiLineString", "coordinates": [ [ [ -75.150074128700396, 40.018608613578991 ], [ -75.149844333473354, 40.019697221751358 ] ] ] } },
{ "type": "Feature", "properties": { "fnode_": 11686, "tnode_": 11573, "lpoly_": null, "rpoly_": null, "length": 392.14434094000001, "stcl2_": null, "stcl2_id": null, "pre_dir": "N", "st_name": "CARLISLE", "st_type": "ST", "suf_dir": null, "zip_left": 19140, "zip_right": 19140, "l_f_add": 4226, "l_t_add": 4298, "r_f_add": 4225, "r_t_add": 4299, "st_code": 21400, "l_hundred": 4200, "r_hundred": 4200, "seg_id": 620502, "oneway": "FT", "class": 5, "responsibl": "CITY", "update_": "1998-10-22T00:00:00Z", "newsegdate": null, "multi_rep": 0, "streetlabe": "N CARLISLE ST", "stname": "N CARLISLE ST", "objectid": 22591, "Shape__Len": 156.4563027216382 }, "geometry": { "type": "MultiLineString", "coordinates": [ [ [ -75.150305312039777, 40.017546906668407 ], [ -75.150074128700396, 40.018608613578991 ] ] ] } },
{ "type": "Feature", "properties": { "fnode_": 11765, "tnode_": 11686, "lpoly_": null, "rpoly_": null, "length": 188.80378883999998, "stcl2_": null, "stcl2_id": null, "pre_dir": "N", "st_name": "CARLISLE", "st_type": "ST", "suf_dir": null, "zip_left": 19140, "zip_right": 19140, "l_f_add": 4200, "l_t_add": 4224, "r_f_add": 4201, "r_t_add": 4223, "st_code": 21400, "l_hundred": 4200, "r_hundred": 4200, "seg_id": 620503, "oneway": "TF", "class": 5, "responsibl": "CITY", "update_": "1998-10-22T00:00:00Z", "newsegdate": null, "multi_rep": 0, "streetlabe": "N CARLISLE ST", "stname": "N CARLISLE ST", "objectid": 22592, "Shape__Len": 75.323502944420781 }, "geometry": { "type": "MultiLineString", "coordinates": [ [ [ -75.150308026431446, 40.017536727857241 ], [ -75.150305312039777, 40.017546906668407 ] ] ] } },
{ "type": "Feature", "properties": { "fnode_": 27535, "tnode_": 11466, "lpoly_": null, "rpoly_": null, "length": 264.63989202, "stcl2_": null, "stcl2_id": null, "pre_dir": "N", "st_name": "HICKS", "st_type": "ST", "suf_dir": null, "zip_left": 19140, "zip_right": 19140, "l_f_add": 4300, "l_t_add": 4398, "r_f_add": 4301, "r_t_add": 4399, "st_code": 42400, "l_hundred": 4300, "r_hundred": 4300, "seg_id": 620504, "oneway": "B", "class": 5, "responsibl": "CITY", "update_": "1998-10-22T00:00:00Z", "newsegdate": null, "multi_rep": 0, "streetlabe": "N HICKS ST", "stname": "N HICKS ST", "objectid": 22593, "Shape__Len": 105.5859110954454 }, "geometry": { "type": "MultiLineString", "coordinates": [ [ [ -75.151420665857998, 40.018772917964291 ], [ -75.151259480709911, 40.019488737762337 ] ] ] } },
{ "type": "Feature", "properties": { "fnode_": 11471, "tnode_": 11413, "lpoly_": null, "rpoly_": null, "length": 138.15403815, "stcl2_": null, "stcl2_id": null, "pre_dir": "N", "st_name": "15TH", "st_type": "ST", "suf_dir": null, "zip_left": 19140, "zip_right": 19140, "l_f_add": 4328, "l_t_add": 4344, "r_f_add": 4329, "r_t_add": 4345, "st_code": 88070, "l_hundred": 4300, "r_hundred": 4300, "seg_id": 620505, "oneway": "FT", "class": 4, "responsibl": "CITY", "update_": "1998-10-22T00:00:00Z", "newsegdate": null, "multi_rep": 0, "streetlabe": "N 15TH ST", "stname": "N 15TH ST", "objectid": 22594, "Shape__Len": 55.121332226370427 }, "geometry": { "type": "MultiLineString", "coordinates": [ [ [ -75.150708696302502, 40.019424250122356 ], [ -75.150626617684694, 40.01979821232883 ] ] ] } },
{ "type": "Feature", "properties": { "fnode_": 11569, "tnode_": 11471, "lpoly_": null, "rpoly_": null, "length": 263.79440201, "stcl2_": null, "stcl2_id": null, "pre_dir": "N", "st_name": "15TH", "st_type": "ST", "suf_dir": null, "zip_left": 19140, "zip_right": 19140, "l_f_add": 4300, "l_t_add": 4326, "r_f_add": 4301, "r_t_add": 4327, "st_code": 88070, "l_hundred": 4300, "r_hundred": 4300, "seg_id": 620506, "oneway": "FT", "class": 4, "responsibl": "CITY", "update_": "1998-10-22T00:00:00Z", "newsegdate": null, "multi_rep": 0, "streetlabe": "N 15TH ST", "stname": "N 15TH ST", "objectid": 22595, "Shape__Len": 105.24805071337369 }, "geometry": { "type": "MultiLineString", "coordinates": [ [ [ -75.150872210740616, 40.01871109934774 ], [ -75.150708696302502, 40.019424250122356 ] ] ] } },
{ "type": "Feature", "properties": { "fnode_": 11715, "tnode_": 11569, "lpoly_": null, "rpoly_": null, "length": 436.3623054, "stcl2_": null, "stcl2_id": null, "pre_dir": "N", "st_name": "15TH", "st_type": "ST", "suf_dir": null, "zip_left": 19140, "zip_right": 19140, "l_f_add": 4212, "l_t_add": 4298, "r_f_add": 4227, "r_t_add": 4299, "st_code": 88070, "l_hundred": 4200, "r_hundred": 4200, "seg_id": 620507, "oneway": "FT", "class": 4, "responsibl": "CITY", "update_": "1998-10-22T00:00:00Z", "newsegdate": null, "multi_rep": 0, "streetlabe": "N 15TH ST", "stname": "N 15TH ST", "objectid": 22596, "Shape__Len": 174.09765089991842 }, "geometry": { "type": "MultiLineString", "coordinates": [ [ [ -75.151134118218039, 40.017530279891496 ], [ -75.150872210740616, 40.01871109934774 ] ] ] } },
{ "type": "Feature", "properties": { "fnode_": 11751, "tnode_": 11715, "lpoly_": null, "rpoly_": null, "length": 149.84715769000005, "stcl2_": null, "stcl2_id": null, "pre_dir": "N", "st_name": "15TH", "st_type": "ST", "suf_dir": null, "zip_left": 19140, "zip_right": 19140, "l_f_add": 4200, "l_t_add": 4210, "r_f_add": 4201, "r_t_add": 4225, "st_code": 88070, "l_hundred": 4200, "r_hundred": 4200, "seg_id": 620508, "oneway": "FT", "class": 4, "responsibl": "CITY", "update_": "1998-10-22T00:00:00Z", "newsegdate": null, "multi_rep": 0, "streetlabe": "N 15TH ST", "stname": "N 15TH ST", "objectid": 22597, "Shape__Len": 59.786448591127744 }, "geometry": { "type": "MultiLineString", "coordinates": [ [ [ -75.151210327719255, 40.017123126213612 ], [ -75.151134118218039, 40.017530279891496 ] ] ] } },
{ "type": "Feature", "properties": { "fnode_": 11678, "tnode_": 11557, "lpoly_": null, "rpoly_": null, "length": 391.05802541999998, "stcl2_": null, "stcl2_id": null, "pre_dir": "N", "st_name": "SYDENHAM", "st_type": "ST", "suf_dir": null, "zip_left": 19140, "zip_right": 19140, "l_f_add": 4200, "l_t_add": 4298, "r_f_add": 4201, "r_t_add": 4299, "st_code": 75860, "l_hundred": 4200, "r_hundred": 4200, "seg_id": 620509, "oneway": "TF", "class": 5, "responsibl": "CITY", "update_": "1998-10-22T00:00:00Z", "newsegdate": null, "multi_rep": 0, "streetlabe": "N SYDENHAM ST", "stname": "N SYDENHAM ST", "objectid": 22598, "Shape__Len": 156.0219361905074 }, "geometry": { "type": "MultiLineString", "coordinates": [ [ [ -75.152088023873759, 40.017773216383802 ], [ -75.15184760108761, 40.018830682442335 ] ] ] } },
{ "type": "Feature", "properties": { "fnode_": 11359, "tnode_": 11236, "lpoly_": null, "rpoly_": null, "length": 276.52269816, "stcl2_": null, "stcl2_id": null, "pre_dir": "N", "st_name": "15TH", "st_type": "ST", "suf_dir": null, "zip_left": 19140, "zip_right": 19140, "l_f_add": 4400, "l_t_add": 4428, "r_f_add": 4401, "r_t_add": 4429, "st_code": 88070, "l_hundred": 4400, "r_hundred": 4400, "seg_id": 620570, "oneway": "FT", "class": 4, "responsibl": "CITY", "update_": "1998-10-22T00:00:00Z", "newsegdate": null, "multi_rep": 0, "streetlabe": "N 15TH ST", "stname": "N 15TH ST", "objectid": 22655, "Shape__Len": 110.33102569632554 }, "geometry": { "type": "MultiLineString", "coordinates": [ [ [ -75.150528845951428, 40.020194001409308 ], [ -75.150372886989828, 40.020943559119502 ] ] ] } },
{ "type": "Feature", "properties": { "fnode_": 11341, "tnode_": 11208, "lpoly_": null, "rpoly_": null, "length": 280.58978893, "stcl2_": null, "stcl2_id": null, "pre_dir": "N", "st_name": "16TH", "st_type": "ST", "suf_dir": null, "zip_left": 19140, "zip_right": 19140, "l_f_add": 4400, "l_t_add": 4426, "r_f_add": 4401, "r_t_add": 4429, "st_code": 88090, "l_hundred": 4400, "r_hundred": 4400, "seg_id": 620576, "oneway": "TF", "class": 4, "responsibl": "CITY", "update_": "1998-10-22T00:00:00Z", "newsegdate": null, "multi_rep": 0, "streetlabe": "N 16TH ST", "stname": "N 16TH ST", "objectid": 22661, "Shape__Len": 111.95362375459079 }, "geometry": { "type": "MultiLineString", "coordinates": [ [ [ -75.152113533323174, 40.020401660336752 ], [ -75.151951736897573, 40.02116180173924 ] ] ] } },
{ "type": "Feature", "properties": { "fnode_": 11321, "tnode_": 11181, "lpoly_": null, "rpoly_": null, "length": 279.06297096000003, "stcl2_": null, "stcl2_id": null, "pre_dir": "N", "st_name": "17TH", "st_type": "ST", "suf_dir": null, "zip_left": 19140, "zip_right": 19140, "l_f_add": 4400, "l_t_add": 4444, "r_f_add": 4401, "r_t_add": 4443, "st_code": 88110, "l_hundred": 4400, "r_hundred": 4400, "seg_id": 620611, "oneway": "TF", "class": 4, "responsibl": "CITY", "update_": "1998-10-22T00:00:00Z", "newsegdate": null, "multi_rep": 0, "streetlabe": "N 17TH ST", "stname": "N 17TH ST", "objectid": 22694, "Shape__Len": 111.34091006304321 }, "geometry": { "type": "MultiLineString", "coordinates": [ [ [ -75.153707626870187, 40.020609817099761 ], [ -75.15352150672669, 40.021362395039461 ] ] ] } },
{ "type": "Feature", "properties": { "fnode_": 11188, "tnode_": 11181, "lpoly_": null, "rpoly_": null, "length": 146.60597341, "stcl2_": null, "stcl2_id": null, "pre_dir": null, "st_name": "BLAVIS", "st_type": "ST", "suf_dir": null, "zip_left": 19140, "zip_right": 19140, "l_f_add": 1634, "l_t_add": 1698, "r_f_add": 1635, "r_t_add": 1699, "st_code": 17880, "l_hundred": 1600, "r_hundred": 1600, "seg_id": 620633, "oneway": "FT", "class": 5, "responsibl": "CITY", "update_": "1998-10-22T00:00:00Z", "newsegdate": null, "multi_rep": 0, "streetlabe": "BLAVIS ST", "stname": "BLAVIS ST", "objectid": 22716, "Shape__Len": 58.277431651182887 }, "geometry": { "type": "MultiLineString", "coordinates": [ [ [ -75.153005343501007, 40.021295442652438 ], [ -75.15352150672669, 40.021362395039461 ] ] ] } },
{ "type": "Feature", "properties": { "fnode_": 11198, "tnode_": 11188, "lpoly_": null, "rpoly_": null, "length": 136.52595449, "stcl2_": null, "stcl2_id": null, "pre_dir": null, "st_name": "BLAVIS", "st_type": "ST", "suf_dir": null, "zip_left": 19140, "zip_right": 19140, "l_f_add": 1622, "l_t_add": 1632, "r_f_add": 1623, "r_t_add": 1633, "st_code": 17880, "l_hundred": 1600, "r_hundred": 1600, "seg_id": 620634, "oneway": "FT", "class": 5, "responsibl": "CITY", "update_": "1998-10-22T00:00:00Z", "newsegdate": null, "multi_rep": 0, "streetlabe": "BLAVIS ST", "stname": "BLAVIS ST", "objectid": 22717, "Shape__Len": 54.270737181009771 }, "geometry": { "type": "MultiLineString", "coordinates": [ [ [ -75.152524983384737, 40.021231681886512 ], [ -75.153005343501007, 40.021295442652438 ] ] ] } },
{ "type": "Feature", "properties": { "fnode_": 11208, "tnode_": 11198, "lpoly_": null, "rpoly_": null, "length": 162.55631491, "stcl2_": null, "stcl2_id": null, "pre_dir": null, "st_name": "BLAVIS", "st_type": "ST", "suf_dir": null, "zip_left": 19140, "zip_right": 19140, "l_f_add": 1600, "l_t_add": 1620, "r_f_add": 1601, "r_t_add": 1621, "st_code": 17880, "l_hundred": 1600, "r_hundred": 1600, "seg_id": 620635, "oneway": "FT", "class": 5, "responsibl": "CITY", "update_": "1998-10-22T00:00:00Z", "newsegdate": null, "multi_rep": 0, "streetlabe": "BLAVIS ST", "stname": "BLAVIS ST", "objectid": 22718, "Shape__Len": 64.616929368107151 }, "geometry": { "type": "MultiLineString", "coordinates": [ [ [ -75.151951736897573, 40.02116180173924 ], [ -75.152524983384737, 40.021231681886512 ] ] ] } },
{ "type": "Feature", "properties": { "fnode_": 11236, "tnode_": 11208, "lpoly_": null, "rpoly_": null, "length": 449.28382946, "stcl2_": null, "stcl2_id": null, "pre_dir": null, "st_name": "BLAVIS", "st_type": "ST", "suf_dir": null, "zip_left": 19140, "zip_right": 19140, "l_f_add": 1500, "l_t_add": 1598, "r_f_add": 1501, "r_t_add": 1599, "st_code": 17880, "l_hundred": 1500, "r_hundred": 1500, "seg_id": 620636, "oneway": "FT", "class": 5, "responsibl": "CITY", "update_": "1998-10-22T00:00:00Z", "newsegdate": null, "multi_rep": 0, "streetlabe": "BLAVIS ST", "stname": "BLAVIS ST", "objectid": 22719, "Shape__Len": 178.59693912050042 }, "geometry": { "type": "MultiLineString", "coordinates": [ [ [ -75.150372886989828, 40.020943559119502 ], [ -75.151951736897573, 40.02116180173924 ] ] ] } },
{ "type": "Feature", "properties": { "fnode_": 11341, "tnode_": 11321, "lpoly_": null, "rpoly_": null, "length": 452.86029726000004, "stcl2_": null, "stcl2_id": null, "pre_dir": "W", "st_name": "CAYUGA", "st_type": "ST", "suf_dir": null, "zip_left": 19140, "zip_right": 19140, "l_f_add": 1600, "l_t_add": 1698, "r_f_add": 1601, "r_t_add": 1699, "st_code": 21960, "l_hundred": 1600, "r_hundred": 1600, "seg_id": 621319, "oneway": "FT", "class": 3, "responsibl": "CITY", "update_": "1998-10-22T00:00:00Z", "newsegdate": null, "multi_rep": 0, "streetlabe": "W CAYUGA ST", "stname": "W CAYUGA ST", "objectid": 23333, "Shape__Len": 180.01485341284825 }, "geometry": { "type": "MultiLineString", "coordinates": [ [ [ -75.152113533323174, 40.020401660336752 ], [ -75.153707626870187, 40.020609817099761 ] ] ] } },
{ "type": "Feature", "properties": { "fnode_": 11359, "tnode_": 11341, "lpoly_": null, "rpoly_": null, "length": 450.23409991, "stcl2_": null, "stcl2_id": null, "pre_dir": "W", "st_name": "CAYUGA", "st_type": "ST", "suf_dir": null, "zip_left": 19140, "zip_right": 19140, "l_f_add": 1500, "l_t_add": 1598, "r_f_add": 1501, "r_t_add": 1599, "st_code": 21960, "l_hundred": 1500, "r_hundred": 1500, "seg_id": 621320, "oneway": "FT", "class": 3, "responsibl": "CITY", "update_": "1998-10-22T00:00:00Z", "newsegdate": null, "multi_rep": 0, "streetlabe": "W CAYUGA ST", "stname": "W CAYUGA ST", "objectid": 23334, "Shape__Len": 178.9705117668158 }, "geometry": { "type": "MultiLineString", "coordinates": [ [ [ -75.150528845951428, 40.020194001409308 ], [ -75.152113533323174, 40.020401660336752 ] ] ] } },
{ "type": "Feature", "properties": { "fnode_": 11713, "tnode_": 11696, "lpoly_": null, "rpoly_": null, "length": 103.05034228, "stcl2_": null, "stcl2_id": null, "pre_dir": null, "st_name": "RUFFNER", "st_type": "ST", "suf_dir": null, "zip_left": 19140, "zip_right": 19140, "l_f_add": 1516, "l_t_add": 1598, "r_f_add": 1517, "r_t_add": 1599, "st_code": 69780, "l_hundred": 1500, "r_hundred": 1500, "seg_id": 621375, "oneway": "B", "class": 5, "responsibl": "CITY", "update_": "1998-10-22T00:00:00Z", "newsegdate": null, "multi_rep": 0, "streetlabe": "RUFFNER ST", "stname": "RUFFNER ST", "objectid": 23378, "Shape__Len": 40.959137444384965 }, "geometry": { "type": "MultiLineString", "coordinates": [ [ [ -75.151624452512962, 40.017591296749416 ], [ -75.151989796181894, 40.017624727172731 ] ] ] } },
{ "type": "Feature", "properties": { "fnode_": 11715, "tnode_": 11713, "lpoly_": null, "rpoly_": null, "length": 139.12372703000003, "stcl2_": null, "stcl2_id": null, "pre_dir": null, "st_name": "RUFFNER", "st_type": "ST", "suf_dir": null, "zip_left": 19140, "zip_right": 19140, "l_f_add": 1500, "l_t_add": 1514, "r_f_add": 1501, "r_t_add": 1515, "st_code": 69780, "l_hundred": 1500, "r_hundred": 1500, "seg_id": 621376, "oneway": "B", "class": 5, "responsibl": "CITY", "update_": "1998-10-22T00:00:00Z", "newsegdate": null, "multi_rep": 0, "streetlabe": "RUFFNER ST", "stname": "RUFFNER ST", "objectid": 23379, "Shape__Len": 55.29961990937236 }, "geometry": { "type": "MultiLineString", "coordinates": [ [ [ -75.151134118218039, 40.017530279891496 ], [ -75.151624452512962, 40.017591296749416 ] ] ] } },
{ "type": "Feature", "properties": { "fnode_": 11413, "tnode_": 11359, "lpoly_": null, "rpoly_": null, "length": 146.7565788, "stcl2_": null, "stcl2_id": null, "pre_dir": "N", "st_name": "15TH", "st_type": "ST", "suf_dir": null, "zip_left": 19140, "zip_right": 19140, "l_f_add": 4346, "l_t_add": 4398, "r_f_add": 4347, "r_t_add": 4399, "st_code": 88070, "l_hundred": 4300, "r_hundred": 4300, "seg_id": 621456, "oneway": "FT", "class": 4, "responsibl": "CITY", "update_": "1998-10-22T00:00:00Z", "newsegdate": null, "multi_rep": 0, "streetlabe": "N 15TH ST", "stname": "N 15TH ST", "objectid": 23439, "Shape__Len": 58.552302278891958 }, "geometry": { "type": "MultiLineString", "coordinates": [ [ [ -75.150626617684694, 40.01979821232883 ], [ -75.150528845951428, 40.020194001409308 ] ] ] } },
{ "type": "Feature", "properties": { "fnode_": 11386, "tnode_": 11341, "lpoly_": null, "rpoly_": null, "length": 146.73835142, "stcl2_": null, "stcl2_id": null, "pre_dir": "N", "st_name": "16TH", "st_type": "ST", "suf_dir": null, "zip_left": 19140, "zip_right": 19140, "l_f_add": 4366, "l_t_add": 4398, "r_f_add": 4365, "r_t_add": 4399, "st_code": 88090, "l_hundred": 4300, "r_hundred": 4300, "seg_id": 621457, "oneway": "TF", "class": 4, "responsibl": "CITY", "update_": "1998-10-22T00:00:00Z", "newsegdate": null, "multi_rep": 0, "streetlabe": "N 16TH ST", "stname": "N 16TH ST", "objectid": 23440, "Shape__Len": 58.54702317363509 }, "geometry": { "type": "MultiLineString", "coordinates": [ [ [ -75.152199500963633, 40.020004305601404 ], [ -75.152113533323174, 40.020401660336752 ] ] ] } },
{ "type": "Feature", "properties": { "fnode_": 11413, "tnode_": 11386, "lpoly_": null, "rpoly_": null, "length": 446.88175875000002, "stcl2_": null, "stcl2_id": null, "pre_dir": null, "st_name": "SAINT LUKES", "st_type": "ST", "suf_dir": null, "zip_left": 19140, "zip_right": 19140, "l_f_add": 1500, "l_t_add": 1598, "r_f_add": 1501, "r_t_add": 1599, "st_code": 74120, "l_hundred": 1500, "r_hundred": 1500, "seg_id": 621460, "oneway": "TF", "class": 2, "responsibl": "CITY", "update_": "1998-10-22T00:00:00Z", "newsegdate": null, "multi_rep": 0, "streetlabe": "SAINT LUKES ST", "stname": "SAINT LUKES ST", "objectid": 23441, "Shape__Len": 177.63689679686092 }, "geometry": { "type": "MultiLineString", "coordinates": [ [ [ -75.150626617684694, 40.01979821232883 ], [ -75.152199500963633, 40.020004305601404 ] ] ] } },
{ "type": "Feature", "properties": { "fnode_": 11426, "tnode_": 11413, "lpoly_": null, "rpoly_": null, "length": 222.16834591, "stcl2_": null, "stcl2_id": null, "pre_dir": null, "st_name": "SAINT LUKES", "st_type": "ST", "suf_dir": null, "zip_left": 19140, "zip_right": 19140, "l_f_add": 1420, "l_t_add": 1498, "r_f_add": 1421, "r_t_add": 1499, "st_code": 74120, "l_hundred": 1400, "r_hundred": 1400, "seg_id": 621461, "oneway": "TF", "class": 2, "responsibl": "CITY", "update_": "1998-10-22T00:00:00Z", "newsegdate": null, "multi_rep": 0, "streetlabe": "SAINT LUKES ST", "stname": "SAINT LUKES ST", "objectid": 23442, "Shape__Len": 88.31213169902874 }, "geometry": { "type": "MultiLineString", "coordinates": [ [ [ -75.149844333473354, 40.019697221751358 ], [ -75.150626617684694, 40.01979821232883 ] ] ] } },
{ "type": "Feature", "properties": { "fnode_": 11563, "tnode_": 27535, "lpoly_": null, "rpoly_": null, "length": 16.2175098, "stcl2_": null, "stcl2_id": null, "pre_dir": "W", "st_name": "BRISTOL", "st_type": "ST", "suf_dir": null, "zip_left": 19140, "zip_right": 19140, "l_f_add": 1518, "l_t_add": 1518, "r_f_add": 1519, "r_t_add": 1519, "st_code": 19100, "l_hundred": 1500, "r_hundred": 1500, "seg_id": 621784, "oneway": "TF", "class": 5, "responsibl": "CITY", "update_": "1998-10-22T00:00:00Z", "newsegdate": "1998-10-21T00:00:00Z", "multi_rep": 0, "streetlabe": "W BRISTOL ST", "stname": "W BRISTOL ST", "objectid": 23577, "Shape__Len": 6.446449680613866 }, "geometry": { "type": "MultiLineString", "coordinates": [ [ [ -75.151363639549814, 40.01876520226034 ], [ -75.151420665857998, 40.018772917964291 ] ] ] } },
{ "type": "Feature", "properties": { "fnode_": 11407, "tnode_": 28280, "lpoly_": null, "rpoly_": null, "length": 70.88620837000001, "stcl2_": null, "stcl2_id": null, "pre_dir": "N", "st_name": "17TH", "st_type": "ST", "suf_dir": null, "zip_left": 19140, "zip_right": 19140, "l_f_add": 4344, "l_t_add": 4398, "r_f_add": 4333, "r_t_add": 4399, "st_code": 88110, "l_hundred": 4300, "r_hundred": 4300, "seg_id": 621847, "oneway": "FT", "class": 5, "responsibl": "CITY", "update_": "2001-09-26T00:00:00Z", "newsegdate": "2001-09-26T00:00:00Z", "multi_rep": 0, "streetlabe": "N 17TH ST", "stname": "N 17TH ST", "objectid": 23614, "Shape__Len": 28.284068139442205 }, "geometry": { "type": "MultiLineString", "coordinates": [ [ [ -75.153843140460594, 40.019908213232718 ], [ -75.15381205355142, 40.020101330958937 ] ] ] } },
{ "type": "Feature", "properties": { "fnode_": 28281, "tnode_": 28280, "lpoly_": null, "rpoly_": null, "length": 450.31994261, "stcl2_": null, "stcl2_id": null, "pre_dir": null, "st_name": "SAINT LUKES", "st_type": "ST", "suf_dir": null, "zip_left": 19140, "zip_right": 19140, "l_f_add": 1600, "l_t_add": 1698, "r_f_add": 0, "r_t_add": 0, "st_code": 74120, "l_hundred": 1600, "r_hundred": 0, "seg_id": 621848, "oneway": "TF", "class": 2, "responsibl": "CITY", "update_": "2001-09-26T00:00:00Z", "newsegdate": "2001-09-26T00:00:00Z", "multi_rep": 2, "streetlabe": "SAINT LUKES ST", "stname": "SAINT LUKES ST", "objectid": 23615, "Shape__Len": 179.00234888186154 }, "geometry": { "type": "MultiLineString", "coordinates": [ [ [ -75.152225340634288, 40.019901594773714 ], [ -75.15381205355142, 40.020101330958937 ] ] ] } },
{ "type": "Feature", "properties": { "fnode_": 28281, "tnode_": 11386, "lpoly_": null, "rpoly_": null, "length": 38.10927717, "stcl2_": null, "stcl2_id": null, "pre_dir": "N", "st_name": "16TH", "st_type": "ST", "suf_dir": null, "zip_left": 19140, "zip_right": 19140, "l_f_add": 4356, "l_t_add": 4364, "r_f_add": 4355, "r_t_add": 4363, "st_code": 88090, "l_hundred": 4300, "r_hundred": 4300, "seg_id": 621850, "oneway": "TF", "class": 4, "responsibl": "CITY", "update_": "2005-08-24T00:00:00Z", "newsegdate": "2001-09-26T00:00:00Z", "multi_rep": 0, "streetlabe": "N 16TH ST", "stname": "N 16TH ST", "objectid": 23617, "Shape__Len": 15.204589748426571 }, "geometry": { "type": "MultiLineString", "coordinates": [ [ [ -75.152225340634288, 40.019901594773714 ], [ -75.152199500963633, 40.020004305601404 ] ] ] } },
{ "type": "Feature", "properties": { "fnode_": 29922, "tnode_": 28281, "lpoly_": null, "rpoly_": null, "length": 71.41946462, "stcl2_": null, "stcl2_id": null, "pre_dir": "N", "st_name": "16TH", "st_type": "ST", "suf_dir": null, "zip_left": 19140, "zip_right": 19140, "l_f_add": 4352, "l_t_add": 4354, "r_f_add": 4351, "r_t_add": 4353, "st_code": 88090, "l_hundred": 4300, "r_hundred": 4300, "seg_id": 621966, "oneway": "TF", "class": 4, "responsibl": "CITY", "update_": "2015-04-09T00:00:00Z", "newsegdate": "2015-04-09T00:00:00Z", "multi_rep": 0, "streetlabe": "N 16TH ST", "stname": "N 16TH ST", "objectid": 23713, "Shape__Len": 28.494408610755269 }, "geometry": { "type": "MultiLineString", "coordinates": [ [ [ -75.152273766081095, 40.019709107489149 ], [ -75.152225340634288, 40.019901594773714 ] ] ] } },
{ "type": "Feature", "properties": { "fnode_": 11444, "tnode_": 29922, "lpoly_": null, "rpoly_": null, "length": 32.93683722, "stcl2_": null, "stcl2_id": null, "pre_dir": "N", "st_name": "16TH", "st_type": "ST", "suf_dir": null, "zip_left": 19140, "zip_right": 19140, "l_f_add": 4334, "l_t_add": 4350, "r_f_add": 4333, "r_t_add": 4349, "st_code": 88090, "l_hundred": 4300, "r_hundred": 4300, "seg_id": 621967, "oneway": "TF", "class": 4, "responsibl": "CITY", "update_": "2015-04-09T00:00:00Z", "newsegdate": "2015-04-09T00:00:00Z", "multi_rep": 0, "streetlabe": "N 16TH ST", "stname": "N 16TH ST", "objectid": 23714, "Shape__Len": 13.140868310471578 }, "geometry": { "type": "MultiLineString", "coordinates": [ [ [ -75.152296097742905, 40.019620337127805 ], [ -75.152273766081095, 40.019709107489149 ] ] ] } },
{ "type": "Feature", "properties": { "fnode_": 11265, "tnode_": 11178, "lpoly_": null, "rpoly_": null, "length": 194.6901853, "stcl2_": null, "stcl2_id": null, "pre_dir": null, "st_name": "OLD YORK", "st_type": "RD", "suf_dir": null, "zip_left": 19140, "zip_right": 19140, "l_f_add": 4420, "l_t_add": 4498, "r_f_add": 4421, "r_t_add": 4499, "st_code": 61300, "l_hundred": 4400, "r_hundred": 4400, "seg_id": 640466, "oneway": "B", "class": 2, "responsibl": "FAM", "update_": "1998-06-18T00:00:00Z", "newsegdate": null, "multi_rep": 0, "streetlabe": "OLD YORK RD", "stname": "OLD YORK RD", "objectid": 24143, "Shape__Len": 77.688411251350914 }, "geometry": { "type": "MultiLineString", "coordinates": [ [ [ -75.147120074885137, 40.020755118443134 ], [ -75.147113654394943, 40.021281714097618 ] ] ] } },
{ "type": "Feature", "properties": { "fnode_": 11265, "tnode_": 11238, "lpoly_": null, "rpoly_": null, "length": 447.23854367999996, "stcl2_": null, "stcl2_id": null, "pre_dir": null, "st_name": "BLAVIS", "st_type": "ST", "suf_dir": null, "zip_left": 19140, "zip_right": 19140, "l_f_add": 1300, "l_t_add": 1398, "r_f_add": 1301, "r_t_add": 1399, "st_code": 17880, "l_hundred": 1300, "r_hundred": 1300, "seg_id": 640467, "oneway": "B", "class": 5, "responsibl": "CITY", "update_": "1998-10-22T00:00:00Z", "newsegdate": null, "multi_rep": 0, "streetlabe": "BLAVIS ST", "stname": "BLAVIS ST", "objectid": 24144, "Shape__Len": 177.78142268769932 }, "geometry": { "type": "MultiLineString", "coordinates": [ [ [ -75.147120074885137, 40.020755118443134 ], [ -75.148694010308503, 40.020962392452525 ] ] ] } },
{ "type": "Feature", "properties": { "fnode_": 11269, "tnode_": 11238, "lpoly_": null, "rpoly_": null, "length": 89.16182669, "stcl2_": null, "stcl2_id": null, "pre_dir": "N", "st_name": "BROAD", "st_type": "ST", "suf_dir": null, "zip_left": 19140, "zip_right": 19140, "l_f_add": 4424, "l_t_add": 4426, "r_f_add": 4415, "r_t_add": 4419, "st_code": 19140, "l_hundred": 4400, "r_hundred": 4400, "seg_id": 640470, "oneway": "B", "class": 2, "responsibl": "STATE", "update_": "1998-10-22T00:00:00Z", "newsegdate": null, "multi_rep": 0, "streetlabe": "N BROAD ST", "stname": "N BROAD ST", "objectid": 24147, "Shape__Len": 35.57571939574931 }, "geometry": { "type": "MultiLineString", "coordinates": [ [ [ -75.148740535668921, 40.020720260482747 ], [ -75.148694010308503, 40.020962392452525 ] ] ] } },
{ "type": "Feature", "properties": { "fnode_": 11269, "tnode_": 11236, "lpoly_": null, "rpoly_": null, "length": 464.3598248, "stcl2_": null, "stcl2_id": null, "pre_dir": null, "st_name": "BLAVIS", "st_type": "ST", "suf_dir": null, "zip_left": 19140, "zip_right": 19140, "l_f_add": 1400, "l_t_add": 1498, "r_f_add": 1401, "r_t_add": 1499, "st_code": 17880, "l_hundred": 1400, "r_hundred": 1400, "seg_id": 640471, "oneway": "FT", "class": 5, "responsibl": "CITY", "update_": "2003-07-29T00:00:00Z", "newsegdate": null, "multi_rep": 0, "streetlabe": "BLAVIS ST", "stname": "BLAVIS ST", "objectid": 24148, "Shape__Len": 184.58881152860508 }, "geometry": { "type": "MultiLineString", "coordinates": [ [ [ -75.148740535668921, 40.020720260482747 ], [ -75.150372886989828, 40.020943559119502 ] ] ] } },
{ "type": "Feature", "properties": { "fnode_": 11353, "tnode_": 11269, "lpoly_": null, "rpoly_": null, "length": 206.19794147000005, "stcl2_": null, "stcl2_id": null, "pre_dir": "N", "st_name": "BROAD", "st_type": "ST", "suf_dir": null, "zip_left": 19140, "zip_right": 19140, "l_f_add": 4400, "l_t_add": 4422, "r_f_add": 4401, "r_t_add": 4413, "st_code": 19140, "l_hundred": 4400, "r_hundred": 4400, "seg_id": 640531, "oneway": "B", "class": 2, "responsibl": "STATE", "update_": "1998-10-22T00:00:00Z", "newsegdate": null, "multi_rep": 0, "streetlabe": "N BROAD ST", "stname": "N BROAD ST", "objectid": 24203, "Shape__Len": 82.270974147833812 }, "geometry": { "type": "MultiLineString", "coordinates": [ [ [ -75.148861836710566, 40.020161958184424 ], [ -75.148740535668921, 40.020720260482747 ] ] ] } },
{ "type": "Feature", "properties": { "fnode_": 11376, "tnode_": 11265, "lpoly_": null, "rpoly_": null, "length": 296.80161112000002, "stcl2_": null, "stcl2_id": null, "pre_dir": null, "st_name": "OLD YORK", "st_type": "RD", "suf_dir": null, "zip_left": 19140, "zip_right": 19140, "l_f_add": 4400, "l_t_add": 4418, "r_f_add": 4401, "r_t_add": 4419, "st_code": 61300, "l_hundred": 4400, "r_hundred": 4400, "seg_id": 640539, "oneway": "B", "class": 2, "responsibl": "FAM", "update_": "1998-06-18T00:00:00Z", "newsegdate": null, "multi_rep": 0, "streetlabe": "OLD YORK RD", "stname": "OLD YORK RD", "objectid": 24211, "Shape__Len": 118.43322585060116 }, "geometry": { "type": "MultiLineString", "coordinates": [ [ [ -75.147142239139512, 40.019940540615039 ], [ -75.147120074885137, 40.020755118443134 ] ] ] } },
{ "type": "Feature", "properties": { "fnode_": 11376, "tnode_": 11353, "lpoly_": null, "rpoly_": null, "length": 488.32798802999997, "stcl2_": null, "stcl2_id": null, "pre_dir": "W", "st_name": "ROOSEVELT", "st_type": "BLVD", "suf_dir": null, "zip_left": 19140, "zip_right": 19140, "l_f_add": 0, "l_t_add": 0, "r_f_add": 1301, "r_t_add": 1399, "st_code": 69240, "l_hundred": 0, "r_hundred": 1300, "seg_id": 640540, "oneway": "FT", "class": 4, "responsibl": "CITY", "update_": "2002-01-15T00:00:00Z", "newsegdate": null, "multi_rep": 0, "streetlabe": "W ROOSEVELT BLVD", "stname": "W ROOSEVELT BLVD", "objectid": 24212, "Shape__Len": 194.11160731474104 }, "geometry": { "type": "MultiLineString", "coordinates": [ [ [ -75.147142239139512, 40.019940540615039 ], [ -75.148861836710566, 40.020161958184424 ] ] ] } },
{ "type": "Feature", "properties": { "fnode_": 11353, "tnode_": 11359, "lpoly_": null, "rpoly_": null, "length": 475.47114933, "stcl2_": null, "stcl2_id": null, "pre_dir": "W", "st_name": "CAYUGA", "st_type": "ST", "suf_dir": null, "zip_left": 19140, "zip_right": 19140, "l_f_add": 1400, "l_t_add": 1498, "r_f_add": 1401, "r_t_add": 1499, "st_code": 21960, "l_hundred": 1400, "r_hundred": 1400, "seg_id": 640547, "oneway": "FT", "class": 3, "responsibl": "CITY", "update_": "2003-08-28T00:00:00Z", "newsegdate": null, "multi_rep": 0, "streetlabe": "W CAYUGA ST", "stname": "W CAYUGA ST", "objectid": 24218, "Shape__Len": 189.00733640902408 }, "geometry": { "type": "MultiLineString", "coordinates": [ [ [ -75.148861836710566, 40.020161958184424 ], [ -75.149027796927754, 40.020141470115121 ], [ -75.149094942688549, 40.020125935614196 ], [ -75.149167630298805, 40.020110525694456 ], [ -75.149338592471508, 40.020063230734053 ], [ -75.150528845951428, 40.020194001409308 ] ] ] } },
{ "type": "Feature", "properties": { "fnode_": 11438, "tnode_": 11353, "lpoly_": null, "rpoly_": null, "length": 214.62053754, "stcl2_": null, "stcl2_id": null, "pre_dir": "N", "st_name": "BROAD", "st_type": "ST", "suf_dir": null, "zip_left": 19140, "zip_right": 19140, "l_f_add": 4342, "l_t_add": 4398, "r_f_add": 4343, "r_t_add": 4399, "st_code": 19140, "l_hundred": 4300, "r_hundred": 4300, "seg_id": 640555, "oneway": "B", "class": 2, "responsibl": "STATE", "update_": "2005-04-19T00:00:00Z", "newsegdate": null, "multi_rep": 0, "streetlabe": "N BROAD ST", "stname": "N BROAD ST", "objectid": 24226, "Shape__Len": 85.629637620627605 }, "geometry": { "type": "MultiLineString", "coordinates": [ [ [ -75.148995781779803, 40.019581879843983 ], [ -75.148956406764967, 40.019751438202235 ], [ -75.148938001686261, 40.019838117392531 ], [ -75.148861836710566, 40.020161958184424 ] ] ] } },
{ "type": "Feature", "properties": { "fnode_": 11263, "tnode_": 11510, "lpoly_": null, "rpoly_": null, "length": 1566.8729809000004, "stcl2_": null, "stcl2_id": null, "pre_dir": "W", "st_name": "ROOSEVELT BLVD", "st_type": "RAMP", "suf_dir": "B", "zip_left": 19140, "zip_right": 19140, "l_f_add": 0, "l_t_add": 0, "r_f_add": 0, "r_t_add": 0, "st_code": 9275, "l_hundred": 0, "r_hundred": 0, "seg_id": 640588, "oneway": "FT", "class": 9, "responsibl": "STATE", "update_": "2006-04-25T00:00:00Z", "newsegdate": null, "multi_rep": 0, "streetlabe": "W ROOSEVELT BLVD RAMP B", "stname": "W ROOSEVELT BLVD RAMP B", "objectid": 24250, "Shape__Len": 623.16015118575399 }, "geometry": { "type": "MultiLineString", "coordinates": [ [ [ -75.147144439067972, 40.019021289595173 ], [ -75.14714624860035, 40.019019528277276 ] ] ] } },
{ "type": "Feature", "properties": { "fnode_": 11438, "tnode_": 11426, "lpoly_": null, "rpoly_": null, "length": 241.34861388000004, "stcl2_": null, "stcl2_id": null, "pre_dir": null, "st_name": "SAINT LUKES", "st_type": "ST", "suf_dir": null, "zip_left": 19140, "zip_right": 19140, "l_f_add": 1400, "l_t_add": 1418, "r_f_add": 1401, "r_t_add": 1419, "st_code": 74120, "l_hundred": 1400, "r_hundred": 1400, "seg_id": 640591, "oneway": "TF", "class": 2, "responsibl": "CITY", "update_": "1998-10-22T00:00:00Z", "newsegdate": null, "multi_rep": 0, "streetlabe": "SAINT LUKES ST", "stname": "SAINT LUKES ST", "objectid": 24251, "Shape__Len": 95.937255738899822 }, "geometry": { "type": "MultiLineString", "coordinates": [ [ [ -75.148995781779803, 40.019581879843983 ], [ -75.149421326882376, 40.019640839959351 ], [ -75.149844333473354, 40.019697221751358 ] ] ] } },
{ "type": "Feature", "properties": { "fnode_": 11469, "tnode_": 11510, "lpoly_": null, "rpoly_": null, "length": 1061.24832219, "stcl2_": null, "stcl2_id": null, "pre_dir": "W", "st_name": "ROOSEVELT BLVD", "st_type": "RAMP", "suf_dir": "F", "zip_left": 19140, "zip_right": 19140, "l_f_add": 0, "l_t_add": 0, "r_f_add": 0, "r_t_add": 0, "st_code": 9290, "l_hundred": 0, "r_hundred": 0, "seg_id": 640645, "oneway": "TF", "class": 9, "responsibl": "STATE", "update_": "2006-04-25T00:00:00Z", "newsegdate": null, "multi_rep": 0, "streetlabe": "W ROOSEVELT BLVD RAMP F", "stname": "W ROOSEVELT BLVD RAMP F", "objectid": 24290, "Shape__Len": 421.86664348177527 }, "geometry": { "type": "MultiLineString", "coordinates": [ [ [ -75.147144449353021, 40.019018742841716 ], [ -75.14714624860035, 40.019019528277276 ] ] ] } },
{ "type": "Feature", "properties": { "fnode_": 11580, "tnode_": 11438, "lpoly_": null, "rpoly_": null, "length": 395.39421777000001, "stcl2_": null, "stcl2_id": null, "pre_dir": "N", "st_name": "BROAD", "st_type": "ST", "suf_dir": null, "zip_left": 19140, "zip_right": 19140, "l_f_add": 4300, "l_t_add": 4340, "r_f_add": 4301, "r_t_add": 4341, "st_code": 19140, "l_hundred": 4300, "r_hundred": 4300, "seg_id": 640682, "oneway": "B", "class": 2, "responsibl": "STATE", "update_": "2005-04-19T00:00:00Z", "newsegdate": null, "multi_rep": 0, "streetlabe": "N BROAD ST", "stname": "N BROAD ST", "objectid": 24324, "Shape__Len": 157.75460821323358 }, "geometry": { "type": "MultiLineString", "coordinates": [ [ [ -75.149232665065384, 40.018511864849074 ], [ -75.148995781779803, 40.019581879843983 ] ] ] } },
{ "type": "Feature", "properties": { "fnode_": 11580, "tnode_": 11573, "lpoly_": null, "rpoly_": null, "length": 238.30085389000001, "stcl2_": null, "stcl2_id": null, "pre_dir": "W", "st_name": "BRISTOL", "st_type": "ST", "suf_dir": null, "zip_left": 19140, "zip_right": 19140, "l_f_add": 1400, "l_t_add": 1418, "r_f_add": 1401, "r_t_add": 1417, "st_code": 19100, "l_hundred": 1400, "r_hundred": 1400, "seg_id": 640683, "oneway": "TF", "class": 4, "responsibl": "CITY", "update_": "1998-10-22T00:00:00Z", "newsegdate": null, "multi_rep": 0, "streetlabe": "W BRISTOL ST", "stname": "W BRISTOL ST", "objectid": 24325, "Shape__Len": 94.721082324358164 }, "geometry": { "type": "MultiLineString", "coordinates": [ [ [ -75.149232665065384, 40.018511864849074 ], [ -75.150074128700396, 40.018608613578991 ] ] ] } },
{ "type": "Feature", "properties": { "fnode_": 11510, "tnode_": 11592, "lpoly_": null, "rpoly_": null, "length": 431.0520628, "stcl2_": null, "stcl2_id": null, "pre_dir": "W", "st_name": "ROOSEVELT", "st_type": "BLVD", "suf_dir": null, "zip_left": 19140, "zip_right": 19140, "l_f_add": 1300, "l_t_add": 1328, "r_f_add": 0, "r_t_add": 0, "st_code": 69240, "l_hundred": 1300, "r_hundred": 0, "seg_id": 640686, "oneway": "B", "class": 2, "responsibl": "STATE", "update_": "1999-09-13T00:00:00Z", "newsegdate": null, "multi_rep": 0, "streetlabe": "W ROOSEVELT BLVD", "stname": "W ROOSEVELT BLVD", "objectid": 24328, "Shape__Len": 171.49897759101756 }, "geometry": { "type": "MultiLineString", "coordinates": [ [ [ -75.14714624860035, 40.019019528277276 ], [ -75.148469838373543, 40.018415749952943 ] ] ] } },
{ "type": "Feature", "properties": { "fnode_": 11592, "tnode_": 11580, "lpoly_": null, "rpoly_": null, "length": 216.52462192, "stcl2_": null, "stcl2_id": null, "pre_dir": "W", "st_name": "BRISTOL", "st_type": "ST", "suf_dir": null, "zip_left": 19140, "zip_right": 19140, "l_f_add": 1330, "l_t_add": 1398, "r_f_add": 1331, "r_t_add": 1399, "st_code": 19100, "l_hundred": 1300, "r_hundred": 1300, "seg_id": 640687, "oneway": "FT", "class": 4, "responsibl": "CITY", "update_": "1999-01-07T00:00:00Z", "newsegdate": null, "multi_rep": 0, "streetlabe": "W BRISTOL ST", "stname": "W BRISTOL ST", "objectid": 24329, "Shape__Len": 86.066746165359675 }, "geometry": { "type": "MultiLineString", "coordinates": [ [ [ -75.148469838373543, 40.018415749952943 ], [ -75.149077067831001, 40.018495482093087 ], [ -75.149232665065384, 40.018511864849074 ] ] ] } },
{ "type": "Feature", "properties": { "fnode_": 11599, "tnode_": 11592, "lpoly_": null, "rpoly_": null, "length": 119.5135617, "stcl2_": null, "stcl2_id": null, "pre_dir": "W", "st_name": "BRISTOL", "st_type": "ST", "suf_dir": null, "zip_left": 19140, "zip_right": 19140, "l_f_add": 1324, "l_t_add": 1328, "r_f_add": 1325, "r_t_add": 1329, "st_code": 19100, "l_hundred": 1300, "r_hundred": 1300, "seg_id": 640688, "oneway": "FT", "class": 4, "responsibl": "CITY", "update_": "1998-06-18T00:00:00Z", "newsegdate": null, "multi_rep": 0, "streetlabe": "W BRISTOL ST", "stname": "W BRISTOL ST", "objectid": 24330, "Shape__Len": 47.506983036227361 }, "geometry": { "type": "MultiLineString", "coordinates": [ [ [ -75.148455021271232, 40.018413622684037 ], [ -75.148469838373543, 40.018415749952943 ] ] ] } },
{ "type": "Feature", "properties": { "fnode_": 11610, "tnode_": 11510, "lpoly_": null, "rpoly_": null, "length": 287.35749865999998, "stcl2_": null, "stcl2_id": null, "pre_dir": null, "st_name": "OLD YORK", "st_type": "RD", "suf_dir": null, "zip_left": 19140, "zip_right": 19140, "l_f_add": 4300, "l_t_add": 4312, "r_f_add": 4301, "r_t_add": 4313, "st_code": 61300, "l_hundred": 4300, "r_hundred": 4300, "seg_id": 640693, "oneway": "B", "class": 4, "responsibl": "CITY", "update_": "1998-06-18T00:00:00Z", "newsegdate": null, "multi_rep": 0, "streetlabe": "OLD YORK RD", "stname": "OLD YORK RD", "objectid": 24335, "Shape__Len": 114.66144406903281 }, "geometry": { "type": "MultiLineString", "coordinates": [ [ [ -75.147146677575876, 40.019010446232208 ], [ -75.14714624860035, 40.019019528277276 ] ] ] } },
{ "type": "Feature", "properties": { "fnode_": 11592, "tnode_": 11635, "lpoly_": null, "rpoly_": null, "length": 295.94413764000001, "stcl2_": null, "stcl2_id": null, "pre_dir": "W", "st_name": "ROOSEVELT", "st_type": "BLVD", "suf_dir": null, "zip_left": 19140, "zip_right": 19140, "l_f_add": 1330, "l_t_add": 1398, "r_f_add": 0, "r_t_add": 0, "st_code": 69240, "l_hundred": 1300, "r_hundred": 0, "seg_id": 640709, "oneway": "B", "class": 2, "responsibl": "STATE", "update_": "2002-01-15T00:00:00Z", "newsegdate": null, "multi_rep": 0, "streetlabe": "W ROOSEVELT BLVD", "stname": "W ROOSEVELT BLVD", "objectid": 24351, "Shape__Len": 117.76536725527471 }, "geometry": { "type": "MultiLineString", "coordinates": [ [ [ -75.148469838373543, 40.018415749952943 ], [ -75.149091503535828, 40.018118731739797 ], [ -75.14934927692039, 40.017966917177716 ] ] ] } },
{ "type": "Feature", "properties": { "fnode_": 11635, "tnode_": 11580, "lpoly_": null, "rpoly_": null, "length": 201.18394025000001, "stcl2_": null, "stcl2_id": null, "pre_dir": "N", "st_name": "BROAD", "st_type": "ST", "suf_dir": null, "zip_left": 19140, "zip_right": 19140, "l_f_add": 4240, "l_t_add": 4298, "r_f_add": 4237, "r_t_add": 4299, "st_code": 19140, "l_hundred": 4200, "r_hundred": 4200, "seg_id": 640710, "oneway": "B", "class": 2, "responsibl": "STATE", "update_": "2005-04-19T00:00:00Z", "newsegdate": null, "multi_rep": 0, "streetlabe": "N BROAD ST", "stname": "N BROAD ST", "objectid": 24353, "Shape__Len": 80.268102765216867 }, "geometry": { "type": "MultiLineString", "coordinates": [ [ [ -75.14934927692039, 40.017966917177716 ], [ -75.149232665065384, 40.018511864849074 ] ] ] } },
{ "type": "Feature", "properties": { "fnode_": 11635, "tnode_": 11686, "lpoly_": null, "rpoly_": null, "length": 308.40259907999996, "stcl2_": null, "stcl2_id": null, "pre_dir": "W", "st_name": "ROOSEVELT", "st_type": "BLVD", "suf_dir": null, "zip_left": 19140, "zip_right": 19140, "l_f_add": 1400, "l_t_add": 1412, "r_f_add": 1401, "r_t_add": 1413, "st_code": 69240, "l_hundred": 1400, "r_hundred": 1400, "seg_id": 640727, "oneway": "B", "class": 2, "responsibl": "STATE", "update_": "1999-09-13T00:00:00Z", "newsegdate": null, "multi_rep": 0, "streetlabe": "W ROOSEVELT BLVD", "stname": "W ROOSEVELT BLVD", "objectid": 24367, "Shape__Len": 122.69285580977339 }, "geometry": { "type": "MultiLineString", "coordinates": [ [ [ -75.14934927692039, 40.017966917177716 ], [ -75.150305312039777, 40.017546906668407 ] ] ] } },
{ "type": "Feature", "properties": { "fnode_": 11773, "tnode_": 11635, "lpoly_": null, "rpoly_": null, "length": 379.43914623000001, "stcl2_": null, "stcl2_id": null, "pre_dir": "N", "st_name": "BROAD", "st_type": "ST", "suf_dir": null, "zip_left": 19140, "zip_right": 19140, "l_f_add": 4200, "l_t_add": 4238, "r_f_add": 4201, "r_t_add": 4235, "st_code": 19140, "l_hundred": 4200, "r_hundred": 4200, "seg_id": 640765, "oneway": "B", "class": 2, "responsibl": "STATE", "update_": "2005-04-19T00:00:00Z", "newsegdate": null, "multi_rep": 0, "streetlabe": "N BROAD ST", "stname": "N BROAD ST", "objectid": 24403, "Shape__Len": 151.38349897011815 }, "geometry": { "type": "MultiLineString", "coordinates": [ [ [ -75.149351581045948, 40.017957048373553 ], [ -75.14934927692039, 40.017966917177716 ] ] ] } },
{ "type": "Feature", "properties": { "fnode_": 11510, "tnode_": 11376, "lpoly_": null, "rpoly_": null, "length": 335.54812648999996, "stcl2_": null, "stcl2_id": null, "pre_dir": null, "st_name": "OLD YORK", "st_type": "RD", "suf_dir": null, "zip_left": 19140, "zip_right": 19140, "l_f_add": 4314, "l_t_add": 4398, "r_f_add": 4315, "r_t_add": 4399, "st_code": 61300, "l_hundred": 4300, "r_hundred": 4300, "seg_id": 642577, "oneway": "B", "class": 2, "responsibl": "FAM", "update_": "2001-11-26T00:00:00Z", "newsegdate": "2001-11-26T00:00:00Z", "multi_rep": 0, "streetlabe": "OLD YORK RD", "stname": "OLD YORK RD", "objectid": 26060, "Shape__Len": 133.89271985181441 }, "geometry": { "type": "MultiLineString", "coordinates": [ [ [ -75.14714624860035, 40.019019528277276 ], [ -75.147144687560427, 40.019406072608959 ], [ -75.147142619927266, 40.019528665306929 ], [ -75.147146972905503, 40.019602488095671 ], [ -75.147142239139512, 40.019940540615039 ] ] ] } }
]
}
